D,B,A,smiles,HOMO(eV),LUMO(eV),IP(eV),EA(eV),excE(eV),exc_osc(a.u.)
5,6,9,Fc1csc(-c2cccc(-c3nncs3)c2)c1 ,-8.475000,-0.026000,6.179000,2.245000,4.870000,0.518000
4,6,9,c1cc(-c2cccs2)cc(-c2nncs2)c1  ,-8.390000,0.013000,6.061000,2.219000,4.591000,0.039000
5,6,3,O=C(O)c1csc(-c2cccc(-c3cc(F)cs3)c2)c1,-8.379000,0.244000,6.148000,1.920000,4.864000,0.506000
5,6,6,CN1C(=O)c2csc(-c3cccc(-c4cc(F)cs4)c3)c2C1=O,-8.377000,-0.325000,6.125000,2.603000,4.378000,0.481000
5,6,1,Fc1csc(-c2cccc(-c3c(F)c(F)cc4nsnc34)c2)c1,-8.371000,-0.801000,6.124000,2.880000,4.137000,0.651000
5,6,4,Fc1csc(-c2cccc(-c3c(F)c(F)cc4nccnc34)c2)c1,-8.343000,-0.272000,6.068000,2.302000,4.439000,0.252000
5,6,2,Fc1csc(-c2cccc(-c3cccc4nsnc34)c2)c1,-8.342000,-0.696000,6.087000,2.877000,4.002000,0.321000
5,8,9,Fc1csc(-c2ccc3oc(-c4nncs4)cc3c2)c1,-8.316000,-0.244000,6.035000,2.431000,4.396000,0.866000
5,7,9,Fc1csc(-c2ccc(-c3nncs3)cc2)c1 ,-8.313000,-0.307000,6.137000,2.399000,4.329000,1.087000
4,6,6,CN1C(=O)c2csc(-c3cccc(-c4cccs4)c3)c2C1=O,-8.300000,-0.282000,6.008000,2.583000,4.389000,0.442000
5,6,8,Fc1csc(-c2cccc(-c3cc4c(ccc5nsnc54)c4nsnc34)c2)c1,-8.298000,-1.207000,6.103000,3.125000,3.647000,0.535000
4,6,3,O=C(O)c1csc(-c2cccc(-c3cccs3)c2)c1,-8.286000,0.271000,6.021000,1.955000,4.887000,0.322000
4,6,1,Fc1cc2nsnc2c(-c2cccc(-c3cccs3)c2)c1F,-8.275000,-0.792000,5.994000,2.875000,4.134000,0.647000
4,6,4,Fc1cc2nccnc2c(-c2cccc(-c3cccs3)c2)c1F,-8.274000,-0.264000,5.946000,2.517000,4.443000,0.248000
4,6,2,c1cc(-c2cccs2)cc(-c2cccc3nsnc23)c1,-8.265000,-0.675000,5.965000,2.865000,4.014000,0.312000
5,7,1,Fc1csc(-c2ccc(-c3c(F)c(F)cc4nsnc34)cc2)c1,-8.252000,-0.815000,6.089000,2.884000,4.067000,0.931000
4,6,8,c1cc(-c2cccs2)cc(-c2cc3c(ccc4nsnc43)c3nsnc23)c1,-8.235000,-1.193000,6.283000,3.114000,3.659000,0.521000
4,8,9,c1csc(-c2ccc3oc(-c4nncs4)cc3c2)c1,-8.228000,-0.224000,5.906000,2.416000,4.374000,0.797000
4,7,9,c1csc(-c2ccc(-c3nncs3)cc2)c1  ,-8.214000,-0.237000,6.023000,2.329000,4.306000,1.112000
5,8,6,CN1C(=O)c2csc(-c3cc4cc(-c5cc(F)cs5)ccc4o3)c2C1=O,-8.172000,-0.528000,6.008000,2.728000,3.951000,1.065000
5,9,9,Cc1cc(-c2nncs2)sc1-c1cc(F)cs1 ,-8.170000,-0.347000,5.901000,2.546000,4.090000,0.863000
5,7,6,CN1C(=O)c2csc(-c3ccc(-c4cc(F)cs4)cc3)c2C1=O,-8.169000,-0.525000,6.053000,2.660000,4.009000,1.082000
4,7,1,Fc1cc2nsnc2c(-c2ccc(-c3cccs3)cc2)c1F,-8.164000,-0.799000,5.970000,2.881000,4.051000,0.925000
5,8,1,Fc1csc(-c2ccc3oc(-c4c(F)c(F)cc5nsnc45)cc3c2)c1,-8.161000,-0.991000,5.990000,3.061000,3.781000,1.067000
5,7,4,Fc1csc(-c2ccc(-c3c(F)c(F)cc4nccnc34)cc2)c1,-8.144000,-0.316000,6.002000,2.524000,4.300000,0.770000
5,3,9,Fc1csc(-c2ccc(-c3nncs3)[se]2)c1,-8.130000,-0.536000,5.901000,2.689000,3.904000,0.922000
4,8,1,Fc1cc2nsnc2c(-c2cc3cc(-c4cccs4)ccc3o2)c1F,-8.120000,-0.964000,5.875000,3.030000,3.818000,1.060000
5,7,2,Fc1csc(-c2ccc(-c3cccc4nsnc34)cc2)c1,-8.114000,-0.716000,6.005000,2.212000,3.900000,0.605000
4,8,6,CN1C(=O)c2csc(-c3cc4cc(-c5cccs5)ccc4o3)c2C1=O,-8.100000,-0.515000,6.066000,2.717000,3.935000,1.063000
5,9,1,Cc1cc(-c2c(F)c(F)cc3nsnc23)sc1-c1cc(F)cs1,-8.100000,-0.884000,5.806000,2.971000,3.890000,0.829000
4,9,9,Cc1cc(-c2nncs2)sc1-c1cccs1    ,-8.099000,-0.269000,5.784000,2.467000,4.085000,0.860000
5,1,9,Fc1csc(-c2ccc(-c3nncs3)s2)c1  ,-8.090000,-0.506000,5.941000,2.603000,3.919000,0.991000
4,7,4,Fc1cc2nccnc2c(-c2ccc(-c3cccs3)cc2)c1F,-8.083000,-0.296000,5.882000,2.515000,4.279000,0.690000
5,7,8,Fc1csc(-c2ccc(-c3cc4c(ccc5nsnc54)c4nsnc34)cc2)c1,-8.078000,-1.216000,6.027000,3.131000,3.569000,0.708000
5,8,3,O=C(O)c1csc(-c2cc3cc(-c4cc(F)cs4)ccc3o2)c1,-8.076000,-0.015000,5.987000,2.155000,4.341000,1.077000
5,7,3,O=C(O)c1csc(-c2ccc(-c3cc(F)cs3)cc2)c1,-8.065000,-0.064000,5.980000,2.156000,4.323000,1.180000
4,7,6,CN1C(=O)c2csc(-c3ccc(-c4cccs4)cc3)c2C1=O,-8.048000,-0.474000,5.937000,2.626000,3.964000,1.108000
4,7,2,c1csc(-c2ccc(-c3cccc4nsnc34)cc2)c1,-8.042000,-0.693000,5.888000,2.869000,3.883000,0.578000
5,8,2,Fc1csc(-c2ccc3oc(-c4cccc5nsnc45)cc3c2)c1,-8.039000,-0.909000,5.968000,3.033000,3.609000,0.656000
5,6,5,CC1(C)c2ccccc2-c2ccc(-c3cccc(-c4cc(F)cs4)c3)cc21,-8.034000,0.320000,6.075000,1.727000,3.193000,0.000000
4,3,1,Fc1cc2nsnc2c(-c2ccc(-c3cccs3)[se]2)c1F,-8.033000,-0.880000,5.710000,2.964000,3.844000,0.859000
5,8,4,Fc1csc(-c2ccc3oc(-c4c(F)c(F)cc5nccnc45)cc3c2)c1,-8.026000,-0.570000,5.948000,2.705000,3.876000,0.747000
5,3,1,Fc1csc(-c2ccc(-c3c(F)c(F)cc4nsnc34)[se]2)c1,-8.018000,-0.916000,5.805000,2.984000,3.748000,1.010000
5,1,1,Fc1csc(-c2ccc(-c3c(F)c(F)cc4nsnc34)s2)c1,-8.016000,-0.928000,5.846000,2.983000,3.744000,1.036000
5,2,9,Fc1csc(-c2ccc(-c3nncs3)o2)c1  ,-8.009000,-0.241000,5.850000,2.358000,4.062000,0.965000
4,8,2,c1csc(-c2ccc3oc(-c4cccc5nsnc45)cc3c2)c1,-8.006000,-0.904000,5.932000,3.027000,3.598000,0.650000
4,7,8,c1csc(-c2ccc(-c3cc4c(ccc5nsnc54)c4nsnc34)cc2)c1,-8.002000,-1.209000,5.912000,3.119000,3.545000,0.718000
4,1,9,c1csc(-c2ccc(-c3nncs3)s2)c1   ,-8.000000,-0.419000,5.830000,2.522000,3.907000,0.980000
4,7,3,O=C(O)c1csc(-c2ccc(-c3cccs3)cc2)c1,-7.994000,0.030000,5.869000,2.072000,4.348000,1.186000
4,8,4,Fc1cc2nccnc2c(-c2cc3cc(-c4cccs4)ccc3o2)c1F,-7.991000,-0.557000,5.833000,2.699000,3.876000,0.741000
4,8,3,O=C(O)c1csc(-c2cc3cc(-c4cccs4)ccc3o2)c1,-7.991000,0.062000,5.895000,2.079000,4.343000,1.066000
4,6,5,CC1(C)c2ccccc2-c2ccc(-c3cccc(-c4cccs4)c3)cc21,-7.990000,0.369000,5.955000,1.705000,3.205000,0.000000
5,8,8,Fc1csc(-c2ccc3oc(-c4cc5c(ccc6nsnc65)c5nsnc45)cc3c2)c1,-7.987000,-1.356000,5.975000,3.259000,3.352000,0.854000
4,1,1,Fc1cc2nsnc2c(-c2ccc(-c3cccs3)s2)c1F,-7.982000,-0.889000,5.736000,2.969000,3.782000,0.904000
4,3,9,c1csc(-c2ccc(-c3nncs3)[se]2)c1,-7.971000,-0.503000,5.788000,2.612000,3.803000,0.936000
4,9,1,Cc1cc(-c2c(F)c(F)cc3nsnc23)sc1-c1cccs1,-7.964000,-0.897000,5.630000,2.953000,3.739000,0.913000
5,9,6,Cc1cc(-c2scc3c2C(=O)N(C)C3=O)sc1-c1cc(F)cs1,-7.962000,-0.577000,5.720000,2.775000,3.724000,0.974000
5,9,3,Cc1cc(-c2cc(C(=O)O)cs2)sc1-c1cc(F)cs1,-7.957000,-0.019000,5.662000,2.295000,4.176000,0.918000
4,8,8,c1csc(-c2ccc3oc(-c4cc5c(ccc6nsnc65)c5nsnc45)cc3c2)c1,-7.952000,-1.347000,5.951000,3.254000,3.342000,0.846000
4,2,9,c1csc(-c2ccc(-c3nncs3)o2)c1   ,-7.911000,-0.152000,5.740000,2.281000,4.049000,0.955000
5,3,4,Fc1csc(-c2ccc(-c3c(F)c(F)cc4nccnc34)[se]2)c1,-7.904000,-0.472000,5.664000,2.669000,3.896000,0.763000
5,1,6,CN1C(=O)c2csc(-c3ccc(-c4cc(F)cs4)s3)c2C1=O,-7.903000,-0.692000,5.807000,2.789000,3.612000,1.085000
5,9,4,Cc1cc(-c2c(F)c(F)cc3nccnc23)sc1-c1cc(F)cs1,-7.898000,-0.450000,5.642000,2.656000,3.910000,0.684000
5,3,3,O=C(O)c1csc(-c2ccc(-c3cc(F)cs3)[se]2)c1,-7.896000,-0.244000,5.665000,2.444000,3.956000,0.990000
4,6,7,COC(=O)c1sc2c(-c3cccc(-c4cccs4)c3)scc2c1F,-7.893000,0.376000,5.838000,1.682000,4.323000,0.053000
5,6,7,COC(=O)c1sc2c(-c3cccc(-c4cc(F)cs4)c3)scc2c1F,-7.891000,0.345000,6.078000,1.707000,4.320000,0.054000
4,9,6,Cc1cc(-c2scc3c2C(=O)N(C)C3=O)sc1-c1cccs1,-7.888000,-0.521000,5.613000,2.722000,3.705000,0.958000
5,4,9,Fc1csc(-c2cc3sc(-c4nncs4)cc3s2)c1,-7.886000,-0.589000,5.807000,2.591000,3.785000,1.356000
5,1,4,Fc1csc(-c2ccc(-c3c(F)c(F)cc4nccnc34)s2)c1,-7.878000,-0.493000,5.686000,2.664000,3.869000,0.785000
5,3,6,CN1C(=O)c2csc(-c3ccc(-c4cc(F)cs4)[se]3)c2C1=O,-7.870000,-0.760000,5.769000,2.858000,3.526000,1.048000
4,1,6,CN1C(=O)c2csc(-c3ccc(-c4cccs4)s3)c2C1=O,-7.869000,-0.597000,5.706000,2.738000,3.645000,1.047000
5,7,7,COC(=O)c1sc2c(-c3ccc(-c4cc(F)cs4)cc3)scc2c1F,-7.867000,0.093000,5.929000,1.971000,4.345000,1.372000
4,4,9,c1csc(-c2cc3sc(-c4nncs4)cc3s2)c1,-7.864000,-0.486000,5.717000,2.532000,3.843000,1.343000
5,4,1,Fc1csc(-c2cc3sc(-c4c(F)c(F)cc5nsnc45)cc3s2)c1,-7.858000,-0.935000,5.731000,2.985000,3.694000,1.332000
5,9,2,Cc1cc(-c2cccc3nsnc23)sc1-c1cc(F)cs1,-7.849000,-0.860000,5.594000,2.922000,3.526000,0.642000
4,3,6,CN1C(=O)c2csc(-c3ccc(-c4cccs4)[se]3)c2C1=O,-7.849000,-0.665000,5.671000,2.802000,3.567000,1.014000
4,9,4,Cc1cc(-c2c(F)c(F)cc3nccnc23)sc1-c1cccs1,-7.848000,-0.418000,5.539000,2.637000,3.901000,0.628000
5,7,5,CC1(C)c2ccccc2-c2ccc(-c3ccc(-c4cc(F)cs4)cc3)cc21,-7.841000,0.099000,5.911000,1.969000,4.324000,1.755000
6,6,1,Fc1cc2nsnc2c(-c2cccc(-c3ccc(-c4cccs4)s3)c2)c1F,-7.831000,-0.807000,5.600000,2.879000,4.066000,1.080000
4,3,4,Fc1cc2nccnc2c(-c2ccc(-c3cccs3)[se]2)c1F,-7.831000,-0.449000,5.558000,2.330000,3.867000,0.708000
5,1,3,O=C(O)c1csc(-c2ccc(-c3cc(F)cs3)s2)c1,-7.817000,-0.190000,5.661000,2.308000,3.950000,1.052000
4,7,7,COC(=O)c1sc2c(-c3ccc(-c4cccs4)cc3)scc2c1F,-7.815000,0.194000,5.825000,1.860000,4.374000,1.520000
4,1,3,O=C(O)c1csc(-c2ccc(-c3cccs3)s2)c1,-7.813000,-0.098000,5.600000,2.259000,4.008000,1.028000
5,2,1,Fc1csc(-c2ccc(-c3c(F)c(F)cc4nsnc34)o2)c1,-7.809000,-0.947000,5.686000,2.992000,3.523000,0.905000
5,1,8,Fc1csc(-c2ccc(-c3cc4c(ccc5nsnc54)c4nsnc34)s2)c1,-7.808000,-1.335000,5.713000,3.232000,3.235000,0.828000
5,2,6,CN1C(=O)c2csc(-c3ccc(-c4cc(F)cs4)o3)c2C1=O,-7.803000,-0.491000,5.694000,2.643000,3.681000,1.062000
4,7,5,CC1(C)c2ccccc2-c2ccc(-c3ccc(-c4cccs4)cc3)cc21,-7.802000,0.170000,5.825000,1.868000,4.342000,1.776000
4,4,1,Fc1cc2nsnc2c(-c2cc3sc(-c4cccs4)cc3s2)c1F,-7.801000,-0.933000,5.627000,2.985000,3.663000,1.277000
5,9,8,Cc1cc(-c2cc3c(ccc4nsnc43)c3nsnc23)sc1-c1cc(F)cs1,-7.800000,-1.332000,5.675000,3.223000,3.226000,0.759000
6,6,4,Fc1cc2nccnc2c(-c2cccc(-c3ccc(-c4cccs4)s3)c2)c1F,-7.793000,-0.271000,5.564000,2.513000,4.179000,1.219000
6,6,2,c1cc(-c2ccc(-c3cccs3)s2)cc(-c2cccc3nsnc23)c1,-7.792000,-0.681000,5.580000,2.871000,4.026000,0.835000
5,3,2,Fc1csc(-c2ccc(-c3cccc4nsnc34)[se]2)c1,-7.790000,-0.950000,5.648000,3.014000,3.415000,0.782000
5,1,2,Fc1csc(-c2ccc(-c3cccc4nsnc34)s2)c1,-7.785000,-0.906000,5.681000,3.004000,3.461000,0.779000
5,3,8,Fc1csc(-c2ccc(-c3cc4c(ccc5nsnc54)c4nsnc34)[se]2)c1,-7.783000,-1.338000,5.683000,3.239000,3.219000,0.863000
6,6,6,CN1C(=O)c2csc(-c3cccc(-c4ccc(-c5cccs5)s4)c3)c2C1=O,-7.782000,-0.372000,5.589000,2.594000,4.032000,1.226000
4,1,4,Fc1cc2nccnc2c(-c2ccc(-c3cccs3)s2)c1F,-7.779000,-0.476000,5.587000,2.643000,3.842000,0.697000
6,6,9,c1cc(-c2ccc(-c3cccs3)s2)cc(-c2nncs2)c1,-7.776000,-0.138000,5.618000,2.230000,4.037000,1.172000
6,7,9,c1csc(-c2ccc(-c3ccc(-c4nncs4)cc3)s2)c1,-7.771000,-0.402000,5.622000,2.404000,3.864000,1.485000
6,6,7,COC(=O)c1sc2c(-c3cccc(-c4ccc(-c5cccs5)s4)c3)scc2c1F,-7.764000,0.101000,5.573000,1.700000,4.136000,1.481000
6,6,8,c1cc(-c2ccc(-c3cccs3)s2)cc(-c2cc3c(ccc4nsnc43)c3nsnc23)c1,-7.763000,-1.259000,5.230000,3.472000,4.195000,0.796000
4,9,8,Cc1cc(-c2cc3c(ccc4nsnc43)c3nsnc23)sc1-c1cccs1,-7.759000,-1.298000,5.569000,3.207000,3.232000,0.733000
6,6,3,O=C(O)c1csc(-c2cccc(-c3ccc(-c4cccs4)s3)c2)c1,-7.755000,-0.023000,5.611000,2.120000,4.045000,1.117000
5,8,7,COC(=O)c1sc2c(-c3cc4cc(-c5cc(F)cs5)ccc4o3)scc2c1F,-7.755000,0.018000,5.948000,1.948000,4.140000,1.310000
5,5,1,Fc1csc(-c2ccc(-c3ccc(-c4c(F)c(F)cc5nsnc45)s3)s2)c1,-7.753000,-0.910000,5.592000,2.965000,3.676000,1.545000
5,8,5,CC1(C)c2ccccc2-c2ccc(-c3cc4cc(-c5cc(F)cs5)ccc4o3)cc21,-7.752000,0.017000,5.949000,1.956000,4.165000,1.861000
4,9,3,Cc1cc(-c2cc(C(=O)O)cs2)sc1-c1cccs1,-7.750000,0.038000,5.480000,2.167000,4.082000,0.972000
6,9,9,Cc1cc(-c2nncs2)sc1-c1ccc(-c2cccs2)s1,-7.750000,-0.425000,5.543000,2.559000,3.770000,1.237000
5,4,3,O=C(O)c1csc(-c2cc3sc(-c4cc(F)cs4)cc3s2)c1,-7.746000,-0.302000,5.632000,2.349000,3.881000,1.406000
5,4,6,CN1C(=O)c2csc(-c3cc4sc(-c5cc(F)cs5)cc4s3)c2C1=O,-7.745000,-0.754000,5.711000,2.792000,3.516000,1.385000
5,4,4,Fc1csc(-c2cc3sc(-c4c(F)c(F)cc5nccnc45)cc3s2)c1,-7.739000,-0.533000,5.615000,2.685000,3.823000,0.886000
4,8,7,COC(=O)c1sc2c(-c3cc4cc(-c5cccs5)ccc4o3)scc2c1F,-7.736000,0.047000,5.772000,1.920000,4.179000,1.614000
4,3,2,c1csc(-c2ccc(-c3cccc4nsnc34)[se]2)c1,-7.732000,-0.875000,5.553000,2.995000,3.435000,0.731000
4,1,8,c1csc(-c2ccc(-c3cc4c(ccc5nsnc54)c4nsnc34)s2)c1,-7.730000,-1.313000,5.614000,3.213000,3.202000,0.807000
6,8,4,Fc1cc2nccnc2c(-c2cc3cc(-c4ccc(-c5cccs5)s4)ccc3o2)c1F,-7.729000,-0.560000,5.900000,2.702000,3.867000,1.298000
6,6,5,CC1(C)c2ccccc2-c2ccc(-c3cccc(-c4ccc(-c5cccs5)s4)c3)cc21,-7.727000,0.065000,5.567000,1.718000,4.076000,1.270000
6,8,9,c1csc(-c2ccc(-c3ccc4oc(-c5nncs5)cc4c3)s2)c1,-7.727000,-0.243000,5.544000,2.425000,4.070000,1.640000
4,1,2,c1csc(-c2ccc(-c3cccc4nsnc34)s2)c1,-7.725000,-0.895000,5.582000,2.985000,3.408000,0.732000
4,9,2,Cc1cc(-c2cccc3nsnc23)sc1-c1cccs1,-7.725000,-0.870000,5.488000,2.977000,3.421000,0.648000
4,8,5,CC1(C)c2ccccc2-c2ccc(-c3cc4cc(-c5cccs5)ccc4o3)cc21,-7.724000,0.036000,5.755000,1.942000,4.161000,1.859000
4,3,3,O=C(O)c1csc(-c2ccc(-c3cccs3)[se]2)c1,-7.724000,-0.193000,5.531000,2.309000,3.856000,0.992000
4,3,8,c1csc(-c2ccc(-c3cc4c(ccc5nsnc54)c4nsnc34)[se]2)c1,-7.720000,-1.321000,5.582000,3.223000,3.183000,0.834000
4,4,6,CN1C(=O)c2csc(-c3cc4sc(-c5cccs5)cc4s3)c2C1=O,-7.720000,-0.674000,5.628000,2.756000,3.551000,1.339000
4,2,1,Fc1cc2nsnc2c(-c2ccc(-c3cccs3)o2)c1F,-7.719000,-0.935000,5.578000,2.983000,3.457000,0.878000
5,5,9,Fc1csc(-c2ccc(-c3ccc(-c4nncs4)s3)s2)c1,-7.716000,-0.630000,5.651000,2.646000,3.588000,1.461000
6,8,3,O=C(O)c1csc(-c2cc3cc(-c4ccc(-c5cccs5)s4)ccc3o2)c1,-7.714000,-0.033000,5.534000,2.149000,4.084000,1.715000
4,2,6,CN1C(=O)c2csc(-c3ccc(-c4cccs4)o3)c2C1=O,-7.713000,-0.433000,5.592000,2.603000,3.651000,1.040000
6,1,1,Fc1cc2nsnc2c(-c2ccc(-c3ccc(-c4cccs4)s3)s2)c1F,-7.704000,-0.895000,5.484000,2.983000,3.708000,1.391000
6,8,8,c1csc(-c2ccc(-c3ccc4oc(-c5cc6c(ccc7nsnc76)c6nsnc56)cc4c3)s2)c1,-7.703000,-1.352000,5.524000,3.255000,3.336000,1.039000
6,7,1,Fc1cc2nsnc2c(-c2ccc(-c3ccc(-c4cccs4)s3)cc2)c1F,-7.699000,-0.823000,5.584000,2.879000,3.824000,1.796000
6,7,8,c1csc(-c2ccc(-c3ccc(-c4cc5c(ccc6nsnc65)c5nsnc45)cc3)s2)c1,-7.698000,-1.215000,5.568000,3.122000,3.507000,1.073000
5,2,3,O=C(O)c1csc(-c2ccc(-c3cc(F)cs3)o2)c1,-7.698000,-0.024000,5.578000,2.090000,4.003000,1.043000
6,7,6,CN1C(=O)c2csc(-c3ccc(-c4ccc(-c5cccs5)s4)cc3)c2C1=O,-7.696000,-0.592000,5.590000,2.648000,3.688000,1.645000
6,1,9,c1csc(-c2ccc(-c3ccc(-c4nncs4)s3)s2)c1,-7.695000,-0.540000,5.565000,2.604000,3.650000,1.438000
6,8,6,CN1C(=O)c2csc(-c3cc4cc(-c5ccc(-c6cccs6)s5)ccc4o3)c2C1=O,-7.691000,-0.526000,5.537000,2.723000,3.855000,1.697000
6,8,1,Fc1cc2nsnc2c(-c2cc3cc(-c4ccc(-c5cccs5)s4)ccc3o2)c1F,-7.690000,-0.999000,5.531000,3.057000,3.746000,1.683000
6,9,1,Cc1cc(-c2c(F)c(F)cc3nsnc23)sc1-c1ccc(-c2cccs2)s1,-7.679000,-0.897000,5.407000,2.966000,3.675000,1.415000
5,4,8,Fc1csc(-c2cc3sc(-c4cc5c(ccc6nsnc65)c5nsnc45)cc3s2)c1,-7.676000,-1.353000,5.640000,3.245000,3.191000,1.110000
5,3,7,COC(=O)c1sc2c(-c3ccc(-c4cc(F)cs4)[se]3)scc2c1F,-7.673000,-0.171000,5.572000,2.298000,3.877000,1.343000
4,5,1,Fc1cc2nsnc2c(-c2ccc(-c3ccc(-c4cccs4)s3)s2)c1F,-7.671000,-0.894000,5.500000,2.966000,3.699000,1.551000
5,3,5,CC1(C)c2ccccc2-c2ccc(-c3ccc(-c4cc(F)cs4)[se]3)cc21,-7.668000,-0.135000,5.551000,2.292000,3.908000,1.467000
5,2,2,Fc1csc(-c2ccc(-c3cccc4nsnc34)o2)c1,-7.667000,-0.861000,5.558000,2.977000,3.363000,0.643000
5,1,7,COC(=O)c1sc2c(-c3ccc(-c4cc(F)cs4)s3)scc2c1F,-7.665000,-0.105000,5.596000,1.951000,3.943000,1.404000
6,8,2,c1csc(-c2ccc(-c3ccc4oc(-c5cccc6nsnc56)cc4c3)s2)c1,-7.660000,-0.906000,5.511000,3.030000,3.594000,1.031000
6,3,1,Fc1cc2nsnc2c(-c2ccc(-c3ccc(-c4cccs4)s3)[se]2)c1F,-7.656000,-0.881000,5.489000,2.964000,3.704000,1.597000
5,4,2,Fc1csc(-c2cc3sc(-c4cccc5nsnc45)cc3s2)c1,-7.655000,-0.954000,5.606000,3.026000,3.398000,1.048000
6,9,6,Cc1cc(-c2scc3c2C(=O)N(C)C3=O)sc1-c1ccc(-c2cccs2)s1,-7.653000,-0.611000,5.481000,2.741000,3.542000,1.355000
5,5,6,CN1C(=O)c2csc(-c3ccc(-c4ccc(-c5cc(F)cs5)s4)s3)c2C1=O,-7.652000,-0.746000,5.586000,2.799000,3.431000,1.543000
6,7,2,c1csc(-c2ccc(-c3ccc(-c4cccc5nsnc45)cc3)s2)c1,-7.650000,-0.724000,5.558000,2.874000,3.767000,1.417000
5,2,8,Fc1csc(-c2ccc(-c3cc4c(ccc5nsnc54)c4nsnc34)o2)c1,-7.648000,-1.312000,5.593000,3.207000,3.124000,0.710000
5,1,5,CC1(C)c2ccccc2-c2ccc(-c3ccc(-c4cc(F)cs4)s3)cc21,-7.647000,-0.100000,5.576000,2.198000,3.938000,1.496000
4,5,9,c1csc(-c2ccc(-c3ccc(-c4nncs4)s3)s2)c1,-7.645000,-0.577000,5.561000,2.608000,3.580000,1.448000
5,2,4,Fc1csc(-c2ccc(-c3c(F)c(F)cc4nccnc34)o2)c1,-7.643000,-0.523000,5.536000,2.651000,3.617000,0.765000
5,9,7,COC(=O)c1sc2c(-c3cc(C)c(-c4cc(F)cs4)s3)scc2c1F,-7.642000,-0.011000,5.566000,2.136000,4.015000,1.303000
6,7,3,O=C(O)c1csc(-c2ccc(-c3ccc(-c4cccs4)s3)cc2)c1,-7.634000,-0.178000,5.548000,2.188000,3.896000,1.619000
1,6,9,COc1c2cc(-c3cccc(-c4nncs4)c3)sc2c(OC)c2ccsc12,-7.621000,-0.154000,5.124000,2.249000,4.069000,0.529000
6,8,5,CC1(C)c2ccccc2-c2ccc(-c3cc4cc(-c5ccc(-c6cccs6)s5)ccc4o3)cc21,-7.619000,-0.001000,5.509000,1.951000,4.006000,2.420000
6,7,4,Fc1cc2nccnc2c(-c2ccc(-c3ccc(-c4cccs4)s3)cc2)c1F,-7.617000,-0.359000,5.543000,2.521000,3.865000,1.474000
6,8,7,COC(=O)c1sc2c(-c3cc4cc(-c5ccc(-c6cccs6)s5)ccc4o3)scc2c1F,-7.615000,0.019000,5.506000,1.930000,3.995000,2.504000
4,4,2,c1csc(-c2cc3sc(-c4cccc5nsnc45)cc3s2)c1,-7.612000,-0.927000,5.524000,3.010000,3.383000,0.975000
5,9,5,Cc1cc(-c2ccc3c(c2)C(C)(C)c2ccccc2-3)sc1-c1cc(F)cs1,-7.611000,-0.033000,5.505000,2.153000,3.976000,1.464000
4,4,4,Fc1cc2nccnc2c(-c2cc3sc(-c4cccs4)cc3s2)c1F,-7.609000,-0.534000,5.525000,2.672000,3.689000,0.852000
1,7,9,COc1c2cc(-c3ccc(-c4nncs4)cc3)sc2c(OC)c2ccsc12,-7.607000,-0.465000,5.133000,2.468000,3.911000,1.103000
1,6,6,COc1c2cc(-c3cccc(-c4scc5c4C(=O)N(C)C5=O)c3)sc2c(OC)c2ccsc12,-7.607000,-0.326000,5.117000,2.588000,4.054000,0.533000
6,7,5,CC1(C)c2ccccc2-c2ccc(-c3ccc(-c4ccc(-c5cccs5)s4)cc3)cc21,-7.606000,-0.063000,5.528000,2.111000,3.958000,2.024000
1,6,3,COc1c2cc(-c3cccc(-c4cc(C(=O)O)cs4)c3)sc2c(OC)c2ccsc12,-7.605000,-0.026000,5.125000,2.113000,4.099000,0.584000
1,6,7,COC(=O)c1sc2c(-c3cccc(-c4cc5c(OC)c6sccc6c(OC)c5s4)c3)scc2c1F,-7.604000,0.054000,5.125000,1.734000,4.110000,0.466000
6,3,9,c1csc(-c2ccc(-c3ccc(-c4nncs4)[se]3)s2)c1,-7.602000,-0.677000,5.539000,2.696000,3.463000,1.407000
1,1,9,COc1c2cc(-c3ccc(-c4nncs4)s3)sc2c(OC)c2ccsc12,-7.601000,-0.599000,5.150000,2.656000,3.721000,1.270000
5,5,4,Fc1csc(-c2ccc(-c3ccc(-c4c(F)c(F)cc5nccnc45)s3)s2)c1,-7.599000,-0.551000,5.494000,2.662000,3.626000,1.385000
1,6,8,COc1c2cc(-c3cccc(-c4cc5c(ccc6nsnc65)c5nsnc45)c3)sc2c(OC)c2ccsc12,-7.598000,-1.202000,5.120000,3.124000,3.662000,0.620000
1,6,1,COc1c2cc(-c3cccc(-c4c(F)c(F)cc5nsnc45)c3)sc2c(OC)c2ccsc12,-7.593000,-0.795000,5.130000,2.880000,4.026000,0.818000
5,5,3,O=C(O)c1csc(-c2ccc(-c3ccc(-c4cc(F)cs4)s3)s2)c1,-7.593000,-0.343000,5.493000,2.410000,3.689000,1.527000
6,9,4,Cc1cc(-c2c(F)c(F)cc3nccnc23)sc1-c1ccc(-c2cccs2)s1,-7.593000,-0.464000,5.390000,2.646000,3.731000,0.806000
1,3,9,COc1c2cc(-c3ccc(-c4nncs4)[se]3)sc2c(OC)c2ccsc12,-7.593000,-0.726000,5.164000,2.766000,3.604000,1.282000
1,7,1,COc1c2cc(-c3ccc(-c4c(F)c(F)cc5nsnc45)cc3)sc2c(OC)c2ccsc12,-7.592000,-0.830000,5.128000,2.887000,3.933000,1.612000
6,4,1,Fc1cc2nsnc2c(-c2cc3sc(-c4ccc(-c5cccs5)s4)cc3s2)c1F,-7.587000,-0.917000,5.472000,2.973000,3.635000,1.923000
4,2,2,c1csc(-c2ccc(-c3cccc4nsnc34)o2)c1,-7.585000,-0.838000,5.461000,2.959000,3.309000,0.605000
6,7,7,COC(=O)c1sc2c(-c3ccc(-c4ccc(-c5cccs5)s4)cc3)scc2c1F,-7.585000,-0.092000,5.533000,2.110000,3.924000,2.016000
1,6,5,COc1c2cc(-c3cccc(-c4ccc5c(c4)C(C)(C)c4ccccc4-5)c3)sc2c(OC)c2ccsc12,-7.585000,0.016000,5.120000,1.734000,4.095000,0.743000
1,6,4,COc1c2cc(-c3cccc(-c4c(F)c(F)cc5nccnc45)c3)sc2c(OC)c2ccsc12,-7.584000,-0.298000,5.112000,2.524000,4.091000,0.564000
4,2,3,O=C(O)c1csc(-c2ccc(-c3cccs3)o2)c1,-7.583000,0.118000,5.445000,1.950000,4.028000,1.026000
1,7,6,COc1c2cc(-c3ccc(-c4scc5c4C(=O)N(C)C5=O)cc3)sc2c(OC)c2ccsc12,-7.583000,-0.613000,5.131000,2.688000,3.811000,1.565000
4,4,3,O=C(O)c1csc(-c2cc3sc(-c4cccs4)cc3s2)c1,-7.583000,-0.239000,5.513000,2.236000,3.809000,1.426000
1,8,6,COc1c2cc(-c3ccc4oc(-c5scc6c5C(=O)N(C)C6=O)cc4c3)sc2c(OC)c2ccsc12,-7.581000,-0.537000,5.114000,2.734000,3.916000,1.535000
1,8,9,COc1c2cc(-c3ccc4oc(-c5nncs5)cc4c3)sc2c(OC)c2ccsc12,-7.579000,-0.267000,5.113000,2.435000,4.081000,0.916000
1,8,1,COc1c2cc(-c3ccc4oc(-c5c(F)c(F)cc6nsnc56)cc4c3)sc2c(OC)c2ccsc12,-7.576000,-0.968000,5.113000,3.029000,3.822000,1.547000
1,1,1,COc1c2cc(-c3ccc(-c4c(F)c(F)cc5nsnc45)s3)sc2c(OC)c2ccsc12,-7.576000,-0.916000,5.145000,2.969000,3.758000,1.590000
3,6,6,Cc1ccc(-c2c3cc(-c4cccc(-c5scc6c5C(=O)N(C)C6=O)c4)sc3c(-c3ccc(C)s3)c3ccsc23)s1,-7.575000,-0.362000,5.602000,2.610000,3.911000,0.572000
2,6,9,Cc1ccc(-c2c3cc(-c4cccc(-c5nncs5)c4)sc3c(-c3ccc(C)cc3)c3ccsc23)cc1,-7.574000,-0.175000,5.624000,2.150000,4.018000,0.636000
4,9,7,COC(=O)c1sc2c(-c3cc(C)c(-c4cccs4)s3)scc2c1F,-7.573000,0.062000,5.410000,2.045000,4.008000,1.470000
1,9,1,COc1c2cc(-c3sc(-c4c(F)c(F)cc5nsnc45)cc3C)sc2c(OC)c2ccsc12,-7.571000,-0.904000,5.121000,2.962000,3.764000,1.283000
3,1,9,Cc1ccc(-c2c3cc(-c4ccc(-c5nncs5)s4)sc3c(-c3ccc(C)s3)c3ccsc23)s1,-7.571000,-0.729000,5.627000,2.700000,3.606000,1.087000
1,8,8,COc1c2cc(-c3ccc4oc(-c5cc6c(ccc7nsnc76)c6nsnc56)cc4c3)sc2c(OC)c2ccsc12,-7.571000,-1.356000,5.109000,3.260000,3.344000,1.053000
4,2,8,c1csc(-c2ccc(-c3cc4c(ccc5nsnc54)c4nsnc34)o2)c1,-7.571000,-1.296000,5.496000,3.192000,3.075000,0.686000
6,2,9,c1csc(-c2ccc(-c3ccc(-c4nncs4)o3)s2)c1,-7.570000,-0.389000,5.525000,2.374000,3.647000,1.431000
2,3,1,Cc1ccc(-c2c3cc(-c4ccc(-c5c(F)c(F)cc6nsnc56)[se]4)sc3c(-c3ccc(C)cc3)c3ccsc23)cc1,-7.569000,-0.998000,5.349000,3.234000,3.604000,1.490000
1,8,3,COc1c2cc(-c3ccc4oc(-c5cc(C(=O)O)cs5)cc4c3)sc2c(OC)c2ccsc12,-7.569000,-0.010000,5.114000,2.100000,4.116000,1.041000
4,4,8,c1csc(-c2cc3sc(-c4cc5c(ccc6nsnc65)c5nsnc45)cc3s2)c1,-7.568000,-1.348000,5.552000,3.234000,3.140000,1.137000
1,7,2,COc1c2cc(-c3ccc(-c4cccc5nsnc45)cc3)sc2c(OC)c2ccsc12,-7.568000,-0.732000,5.121000,2.885000,3.869000,1.268000
2,6,3,Cc1ccc(-c2c3cc(-c4cccc(-c5cc(C(=O)O)cs5)c4)sc3c(-c3ccc(C)cc3)c3ccsc23)cc1,-7.566000,-0.082000,5.633000,2.108000,4.021000,0.582000
1,3,1,COc1c2cc(-c3ccc(-c4c(F)c(F)cc5nsnc45)[se]3)sc2c(OC)c2ccsc12,-7.566000,-0.925000,5.133000,2.970000,3.686000,1.624000
5,5,2,Fc1csc(-c2ccc(-c3ccc(-c4cccc5nsnc45)s3)s2)c1,-7.565000,-0.935000,5.501000,2.999000,3.349000,1.232000
4,9,5,Cc1cc(-c2ccc3c(c2)C(C)(C)c2ccccc2-3)sc1-c1cccs1,-7.565000,0.039000,5.403000,2.060000,3.985000,1.437000
4,2,4,Fc1cc2nccnc2c(-c2ccc(-c3cccs3)o2)c1F,-7.564000,-0.487000,5.437000,2.633000,3.577000,0.714000
2,6,1,Cc1ccc(-c2c3cc(-c4cccc(-c5c(F)c(F)cc6nsnc56)c4)sc3c(-c3ccc(C)cc3)c3ccsc23)cc1,-7.563000,-0.794000,5.628000,2.878000,3.986000,0.655000
2,7,1,Cc1ccc(-c2c3cc(-c4ccc(-c5c(F)c(F)cc6nsnc56)cc4)sc3c(-c3ccc(C)cc3)c3ccsc23)cc1,-7.563000,-0.798000,5.600000,2.896000,4.004000,1.239000
4,1,5,CC1(C)c2ccccc2-c2ccc(-c3ccc(-c4cccs4)s3)cc21,-7.563000,-0.028000,5.490000,2.093000,3.936000,1.511000
1,7,8,COc1c2cc(-c3ccc(-c4cc5c(ccc6nsnc65)c5nsnc45)cc3)sc2c(OC)c2ccsc12,-7.562000,-1.222000,5.120000,3.136000,3.545000,1.075000
1,7,4,COc1c2cc(-c3ccc(-c4c(F)c(F)cc5nccnc45)cc3)sc2c(OC)c2ccsc12,-7.562000,-0.353000,5.110000,2.527000,4.038000,1.074000
2,7,9,Cc1ccc(-c2c3cc(-c4ccc(-c5nncs5)cc4)sc3c(-c3ccc(C)cc3)c3ccsc23)cc1,-7.561000,-0.511000,5.631000,2.462000,3.834000,1.088000
5,4,7,COC(=O)c1sc2c(-c3cc4sc(-c5cc(F)cs5)cc4s3)scc2c1F,-7.559000,-0.201000,5.544000,2.217000,3.839000,1.878000
3,7,1,Cc1ccc(-c2c3cc(-c4ccc(-c5c(F)c(F)cc6nsnc56)cc4)sc3c(-c3ccc(C)s3)c3ccsc23)s1,-7.558000,-0.832000,5.594000,2.888000,3.864000,1.072000
1,8,2,COc1c2cc(-c3ccc4oc(-c5cccc6nsnc56)cc4c3)sc2c(OC)c2ccsc12,-7.558000,-0.913000,5.108000,3.034000,3.612000,0.899000
2,7,8,Cc1ccc(-c2c3cc(-c4ccc(-c5cc6c(ccc7nsnc76)c6nsnc56)cc4)sc3c(-c3ccc(C)cc3)c3ccsc23)cc1,-7.558000,-1.285000,5.992000,3.597000,3.597000,1.041000
3,6,8,Cc1ccc(-c2c3cc(-c4cccc(-c5cc6c(ccc7nsnc76)c6nsnc56)c4)sc3c(-c3ccc(C)s3)c3ccsc23)s1,-7.558000,-1.206000,5.596000,3.124000,3.641000,0.625000
2,1,9,Cc1ccc(-c2c3cc(-c4ccc(-c5nncs5)s4)sc3c(-c3ccc(C)cc3)c3ccsc23)cc1,-7.558000,-0.642000,5.647000,2.667000,3.658000,1.161000
1,9,6,COc1c2cc(-c3sc(-c4scc5c4C(=O)N(C)C5=O)cc3C)sc2c(OC)c2ccsc12,-7.557000,-0.694000,5.157000,2.786000,3.567000,1.544000
1,4,9,COc1c2cc(-c3cc4sc(-c5nncs5)cc4s3)sc2c(OC)c2ccsc12,-7.557000,-0.691000,5.156000,2.641000,3.640000,1.873000
3,6,1,Cc1ccc(-c2c3cc(-c4cccc(-c5c(F)c(F)cc6nsnc56)c4)sc3c(-c3ccc(C)s3)c3ccsc23)s1,-7.556000,-0.803000,5.597000,2.880000,3.917000,0.877000
6,3,6,CN1C(=O)c2csc(-c3ccc(-c4ccc(-c5cccs5)s4)[se]3)c2C1=O,-7.556000,-0.779000,5.486000,2.847000,3.343000,1.488000
2,7,6,Cc1ccc(-c2c3cc(-c4ccc(-c5scc6c5C(=O)N(C)C6=O)cc4)sc3c(-c3ccc(C)cc3)c3ccsc23)cc1,-7.556000,-0.625000,5.629000,2.685000,3.765000,1.446000
2,6,8,Cc1ccc(-c2c3cc(-c4cccc(-c5cc6c(ccc7nsnc76)c6nsnc56)c4)sc3c(-c3ccc(C)cc3)c3ccsc23)cc1,-7.556000,-1.197000,5.624000,3.125000,3.655000,0.595000
1,8,5,COc1c2cc(-c3ccc4oc(-c5ccc6c(c5)C(C)(C)c5ccccc5-6)cc4c3)sc2c(OC)c2ccsc12,-7.555000,-0.008000,5.104000,1.965000,4.074000,2.260000
4,3,7,COC(=O)c1sc2c(-c3ccc(-c4cccs4)[se]3)scc2c1F,-7.555000,-0.099000,5.477000,2.181000,3.855000,1.472000
3,6,9,Cc1ccc(-c2c3cc(-c4cccc(-c5nncs5)c4)sc3c(-c3ccc(C)s3)c3ccsc23)s1,-7.554000,-0.281000,5.581000,2.244000,3.882000,0.587000
3,8,6,Cc1ccc(-c2c3cc(-c4ccc5oc(-c6scc7c6C(=O)N(C)C7=O)cc5c4)sc3c(-c3ccc(C)s3)c3ccsc23)s1,-7.554000,-0.540000,5.570000,2.732000,3.889000,1.247000
2,6,4,Cc1ccc(-c2c3cc(-c4cccc(-c5c(F)c(F)cc6nccnc56)c4)sc3c(-c3ccc(C)cc3)c3ccsc23)cc1,-7.553000,-0.275000,5.603000,2.519000,4.071000,0.713000
3,7,9,Cc1ccc(-c2c3cc(-c4ccc(-c5nncs5)cc4)sc3c(-c3ccc(C)s3)c3ccsc23)s1,-7.552000,-0.544000,5.554000,2.485000,3.800000,0.926000
5,4,5,CC1(C)c2ccccc2-c2ccc(-c3cc4sc(-c5cc(F)cs5)cc4s3)cc21,-7.551000,-0.212000,5.532000,2.225000,3.831000,1.930000
3,6,3,Cc1ccc(-c2c3cc(-c4cccc(-c5cc(C(=O)O)cs5)c4)sc3c(-c3ccc(C)s3)c3ccsc23)s1,-7.551000,-0.226000,5.584000,2.232000,3.884000,0.566000
2,9,9,Cc1ccc(-c2c3cc(-c4sc(-c5nncs5)cc4C)sc3c(-c3ccc(C)cc3)c3ccsc23)cc1,-7.550000,-0.470000,5.586000,2.610000,3.789000,1.068000
3,7,2,Cc1ccc(-c2c3cc(-c4ccc(-c5cccc6nsnc56)cc4)sc3c(-c3ccc(C)s3)c3ccsc23)s1,-7.550000,-0.750000,5.587000,2.886000,3.822000,1.102000
3,3,9,Cc1ccc(-c2c3cc(-c4ccc(-c5nncs5)[se]4)sc3c(-c3ccc(C)s3)c3ccsc23)s1,-7.549000,-0.774000,5.625000,2.763000,3.550000,1.164000
3,6,7,COC(=O)c1sc2c(-c3cccc(-c4cc5c(-c6ccc(C)s6)c6sccc6c(-c6ccc(C)s6)c5s4)c3)scc2c1F,-7.549000,-0.169000,5.584000,2.166000,3.927000,0.584000
3,6,2,Cc1ccc(-c2c3cc(-c4cccc(-c5cccc6nsnc56)c4)sc3c(-c3ccc(C)s3)c3ccsc23)s1,-7.549000,-0.688000,5.566000,2.875000,3.906000,0.563000
2,6,7,COC(=O)c1sc2c(-c3cccc(-c4cc5c(-c6ccc(C)cc6)c6sccc6c(-c6ccc(C)cc6)c5s4)c3)scc2c1F,-7.549000,-0.061000,5.614000,2.063000,4.029000,0.844000
1,8,4,COc1c2cc(-c3ccc4oc(-c5c(F)c(F)cc6nccnc56)cc4c3)sc2c(OC)c2ccsc12,-7.549000,-0.568000,5.106000,2.706000,3.870000,1.323000
1,9,3,COc1c2cc(-c3sc(-c4cc(C(=O)O)cs4)cc3C)sc2c(OC)c2ccsc12,-7.548000,-0.230000,5.143000,2.379000,3.916000,1.462000
2,3,9,Cc1ccc(-c2c3cc(-c4ccc(-c5nncs5)[se]4)sc3c(-c3ccc(C)cc3)c3ccsc23)cc1,-7.548000,-0.684000,5.653000,2.730000,3.602000,1.229000
6,9,3,Cc1cc(-c2cc(C(=O)O)cs2)sc1-c1ccc(-c2cccs2)s1,-7.547000,-0.150000,5.390000,2.290000,3.805000,1.347000
1,1,6,COc1c2cc(-c3ccc(-c4scc5c4C(=O)N(C)C5=O)s3)sc2c(OC)c2ccsc12,-7.545000,-0.810000,5.151000,2.834000,3.457000,1.543000
1,7,7,COC(=O)c1sc2c(-c3ccc(-c4cc5c(OC)c6sccc6c(OC)c5s4)cc3)scc2c1F,-7.543000,-0.084000,5.115000,2.127000,4.051000,1.435000
1,8,7,COC(=O)c1sc2c(-c3cc4cc(-c5cc6c(OC)c7sccc7c(OC)c6s5)ccc4o3)scc2c1F,-7.543000,-0.005000,5.109000,1.938000,4.068000,2.239000
2,6,2,Cc1ccc(-c2c3cc(-c4cccc(-c5cccc6nsnc56)c4)sc3c(-c3ccc(C)cc3)c3ccsc23)cc1,-7.541000,-0.685000,5.599000,2.868000,4.053000,0.917000
3,8,9,Cc1ccc(-c2c3cc(-c4ccc5oc(-c6nncs6)cc5c4)sc3c(-c3ccc(C)s3)c3ccsc23)s1,-7.540000,-0.297000,5.589000,2.154000,3.920000,0.815000
4,1,7,COC(=O)c1sc2c(-c3ccc(-c4cccs4)s3)scc2c1F,-7.539000,-0.054000,5.499000,2.081000,3.897000,1.567000
2,8,9,Cc1ccc(-c2c3cc(-c4ccc5oc(-c6nncs6)cc5c4)sc3c(-c3ccc(C)cc3)c3ccsc23)cc1,-7.539000,-0.262000,5.598000,2.017000,4.056000,0.771000
1,7,5,COc1c2cc(-c3ccc(-c4ccc5c(c4)C(C)(C)c4ccccc4-5)cc3)sc2c(OC)c2ccsc12,-7.538000,-0.108000,5.110000,2.126000,4.031000,1.571000
1,4,1,COc1c2cc(-c3cc4sc(-c5c(F)c(F)cc6nsnc56)cc4s3)sc2c(OC)c2ccsc12,-7.537000,-0.939000,5.137000,2.984000,3.661000,1.964000
2,8,3,Cc1ccc(-c2c3cc(-c4ccc5oc(-c6cc(C(=O)O)cs6)cc5c4)sc3c(-c3ccc(C)cc3)c3ccsc23)cc1,-7.537000,-0.016000,5.597000,1.982000,4.070000,0.893000
4,3,5,CC1(C)c2ccccc2-c2ccc(-c3ccc(-c4cccs4)[se]3)cc21,-7.536000,-0.130000,5.457000,2.198000,3.815000,1.435000
3,6,5,Cc1ccc(-c2c3cc(-c4cccc(-c5ccc6c(c5)C(C)(C)c5ccccc5-6)c4)sc3c(-c3ccc(C)s3)c3ccsc23)s1,-7.536000,-0.167000,5.587000,2.161000,3.916000,0.551000
3,2,9,Cc1ccc(-c2c3cc(-c4ccc(-c5nncs5)o4)sc3c(-c3ccc(C)s3)c3ccsc23)s1,-7.535000,-0.522000,5.619000,2.462000,3.702000,0.872000
3,7,6,Cc1ccc(-c2c3cc(-c4ccc(-c5scc6c5C(=O)N(C)C6=O)cc4)sc3c(-c3ccc(C)s3)c3ccsc23)s1,-7.534000,-0.659000,5.612000,2.690000,3.724000,1.314000
2,9,1,Cc1ccc(-c2c3cc(-c4sc(-c5c(F)c(F)cc6nsnc56)cc4C)sc3c(-c3ccc(C)cc3)c3ccsc23)cc1,-7.533000,-0.907000,5.619000,2.966000,3.734000,1.540000
6,9,8,Cc1cc(-c2cc3c(ccc4nsnc43)c3nsnc23)sc1-c1ccc(-c2cccs2)s1,-7.533000,-1.328000,5.362000,3.215000,3.128000,1.053000
3,9,9,Cc1ccc(-c2c3cc(-c4sc(-c5nncs5)cc4C)sc3c(-c3ccc(C)s3)c3ccsc23)s1,-7.532000,-0.576000,5.600000,2.629000,3.723000,1.167000
2,6,6,Cc1ccc(-c2c3cc(-c4cccc(-c5scc6c5C(=O)N(C)C6=O)c4)sc3c(-c3ccc(C)cc3)c3ccsc23)cc1,-7.532000,-0.352000,5.598000,2.591000,3.970000,0.493000
3,1,1,Cc1ccc(-c2c3cc(-c4ccc(-c5c(F)c(F)cc6nsnc56)s4)sc3c(-c3ccc(C)s3)c3ccsc23)s1,-7.532000,-0.927000,5.603000,2.981000,3.665000,1.242000
3,3,1,Cc1ccc(-c2c3cc(-c4ccc(-c5c(F)c(F)cc6nsnc56)[se]4)sc3c(-c3ccc(C)s3)c3ccsc23)s1,-7.532000,-0.937000,5.589000,2.980000,3.658000,1.591000
2,8,1,Cc1ccc(-c2c3cc(-c4ccc5oc(-c6c(F)c(F)cc7nsnc67)cc5c4)sc3c(-c3ccc(C)cc3)c3ccsc23)cc1,-7.532000,-1.008000,5.592000,3.059000,3.755000,1.438000
2,7,3,Cc1ccc(-c2c3cc(-c4ccc(-c5cc(C(=O)O)cs5)cc4)sc3c(-c3ccc(C)cc3)c3ccsc23)cc1,-7.531000,-0.246000,5.616000,2.223000,3.951000,1.196000
2,1,1,Cc1ccc(-c2c3cc(-c4ccc(-c5c(F)c(F)cc6nsnc56)s4)sc3c(-c3ccc(C)cc3)c3ccsc23)cc1,-7.531000,-0.947000,5.613000,2.976000,3.643000,1.626000
2,1,6,Cc1ccc(-c2c3cc(-c4ccc(-c5scc6c5C(=O)N(C)C6=O)s4)sc3c(-c3ccc(C)cc3)c3ccsc23)cc1,-7.531000,-0.776000,5.635000,2.827000,3.474000,1.463000
1,3,6,COc1c2cc(-c3ccc(-c4scc5c4C(=O)N(C)C5=O)[se]3)sc2c(OC)c2ccsc12,-7.531000,-0.856000,5.155000,2.904000,3.407000,1.504000
2,6,5,Cc1ccc(-c2c3cc(-c4cccc(-c5ccc6c(c5)C(C)(C)c5ccccc5-6)c4)sc3c(-c3ccc(C)cc3)c3ccsc23)cc1,-7.529000,-0.097000,5.601000,2.073000,3.996000,0.892000
3,7,3,Cc1ccc(-c2c3cc(-c4ccc(-c5cc(C(=O)O)cs5)cc4)sc3c(-c3ccc(C)s3)c3ccsc23)s1,-7.529000,-0.343000,5.592000,2.292000,3.856000,0.928000
3,8,1,Cc1ccc(-c2c3cc(-c4ccc5oc(-c6c(F)c(F)cc7nsnc67)cc5c4)sc3c(-c3ccc(C)s3)c3ccsc23)s1,-7.527000,-0.985000,5.547000,3.039000,3.779000,1.448000
1,2,9,COc1c2cc(-c3ccc(-c4nncs4)o3)sc2c(OC)c2ccsc12,-7.525000,-0.436000,5.123000,2.476000,3.746000,1.074000
1,1,3,COc1c2cc(-c3ccc(-c4cc(C(=O)O)cs4)s3)sc2c(OC)c2ccsc12,-7.524000,-0.358000,6.047000,2.440000,3.800000,1.553000
3,7,8,Cc1ccc(-c2c3cc(-c4ccc(-c5cc6c(ccc7nsnc76)c6nsnc56)cc4)sc3c(-c3ccc(C)s3)c3ccsc23)s1,-7.524000,-1.223000,5.562000,3.131000,3.545000,1.090000
3,4,9,Cc1ccc(-c2c3cc(-c4cc5sc(-c6nncs6)cc5s4)sc3c(-c3ccc(C)s3)c3ccsc23)s1,-7.524000,-0.741000,5.594000,2.651000,3.585000,1.742000
2,8,6,Cc1ccc(-c2c3cc(-c4ccc5oc(-c6scc7c6C(=O)N(C)C7=O)cc5c4)sc3c(-c3ccc(C)cc3)c3ccsc23)cc1,-7.524000,-0.531000,5.589000,2.719000,3.930000,1.608000
3,8,4,Cc1ccc(-c2c3cc(-c4ccc5oc(-c6c(F)c(F)cc7nccnc67)cc5c4)sc3c(-c3ccc(C)s3)c3ccsc23)s1,-7.524000,-0.577000,5.565000,2.706000,3.736000,0.004000
2,7,2,Cc1ccc(-c2c3cc(-c4ccc(-c5cccc6nsnc56)cc4)sc3c(-c3ccc(C)cc3)c3ccsc23)cc1,-7.524000,-0.741000,5.609000,2.884000,3.822000,1.297000
2,4,9,Cc1ccc(-c2c3cc(-c4cc5sc(-c6nncs6)cc5s4)sc3c(-c3ccc(C)cc3)c3ccsc23)cc1,-7.523000,-0.640000,5.630000,2.612000,3.660000,1.757000
3,8,3,Cc1ccc(-c2c3cc(-c4ccc5oc(-c6cc(C(=O)O)cs6)cc5c4)sc3c(-c3ccc(C)s3)c3ccsc23)s1,-7.523000,-0.136000,5.549000,2.124000,3.927000,0.744000
3,7,4,Cc1ccc(-c2c3cc(-c4ccc(-c5c(F)c(F)cc6nccnc56)cc4)sc3c(-c3ccc(C)s3)c3ccsc23)s1,-7.521000,-0.385000,5.555000,2.529000,3.878000,0.810000
6,1,6,CN1C(=O)c2csc(-c3ccc(-c4ccc(-c5cccs5)s4)s3)c2C1=O,-7.521000,-0.750000,5.507000,2.781000,3.347000,1.569000
6,4,9,c1csc(-c2ccc(-c3cc4sc(-c5nncs5)cc4s3)s2)c1,-7.521000,-0.664000,5.518000,2.586000,3.471000,1.765000
2,9,6,Cc1ccc(-c2c3cc(-c4sc(-c5scc6c5C(=O)N(C)C6=O)cc4C)sc3c(-c3ccc(C)cc3)c3ccsc23)cc1,-7.520000,-0.679000,5.619000,2.779000,3.558000,1.522000
2,7,4,Cc1ccc(-c2c3cc(-c4ccc(-c5c(F)c(F)cc6nccnc56)cc4)sc3c(-c3ccc(C)cc3)c3ccsc23)cc1,-7.520000,-0.359000,5.595000,2.525000,3.983000,0.998000
4,5,6,CN1C(=O)c2csc(-c3ccc(-c4ccc(-c5cccs5)s4)s3)c2C1=O,-7.520000,-0.748000,5.507000,2.781000,3.348000,1.571000
3,8,2,Cc1ccc(-c2c3cc(-c4ccc5oc(-c6cccc7nsnc67)cc5c4)sc3c(-c3ccc(C)s3)c3ccsc23)s1,-7.519000,-0.913000,5.572000,3.034000,3.612000,0.910000
2,8,4,Cc1ccc(-c2c3cc(-c4ccc5oc(-c6c(F)c(F)cc7nccnc67)cc5c4)sc3c(-c3ccc(C)cc3)c3ccsc23)cc1,-7.519000,-0.574000,5.587000,2.706000,3.877000,1.211000
1,4,6,COc1c2cc(-c3cc4sc(-c5scc6c5C(=O)N(C)C6=O)cc4s3)sc2c(OC)c2ccsc12,-7.519000,-0.805000,5.152000,2.816000,3.460000,1.889000
2,3,6,Cc1ccc(-c2c3cc(-c4ccc(-c5scc6c5C(=O)N(C)C6=O)[se]4)sc3c(-c3ccc(C)cc3)c3ccsc23)cc1,-7.518000,-0.787000,5.607000,2.875000,3.474000,1.499000
2,8,8,Cc1ccc(-c2c3cc(-c4ccc5oc(-c6cc7c(ccc8nsnc87)c7nsnc67)cc5c4)sc3c(-c3ccc(C)cc3)c3ccsc23)cc1,-7.518000,-1.353000,5.597000,3.257000,3.339000,1.094000
2,8,2,Cc1ccc(-c2c3cc(-c4ccc5oc(-c6cccc7nsnc67)cc5c4)sc3c(-c3ccc(C)cc3)c3ccsc23)cc1,-7.517000,-0.913000,5.580000,3.033000,3.603000,0.883000
1,9,8,COc1c2cc(-c3sc(-c4cc5c(ccc6nsnc65)c5nsnc45)cc3C)sc2c(OC)c2ccsc12,-7.516000,-1.337000,5.145000,3.229000,3.199000,1.081000
3,8,5,Cc1ccc(-c2c3cc(-c4ccc5oc(-c6ccc7c(c6)C(C)(C)c6ccccc6-7)cc5c4)sc3c(-c3ccc(C)s3)c3ccsc23)s1,-7.515000,-0.132000,5.535000,1.967000,4.126000,1.819000
3,8,7,COC(=O)c1sc2c(-c3cc4cc(-c5cc6c(-c7ccc(C)s7)c7sccc7c(-c7ccc(C)s7)c6s5)ccc4o3)scc2c1F,-7.515000,-0.102000,5.573000,1.941000,3.942000,0.979000
1,9,9,COc1c2cc(-c3sc(-c4nncs4)cc3C)sc2c(OC)c2ccsc12,-7.515000,-0.634000,5.131000,2.650000,3.606000,1.215000
3,6,4,Cc1ccc(-c2c3cc(-c4cccc(-c5c(F)c(F)cc6nccnc56)c4)sc3c(-c3ccc(C)s3)c3ccsc23)s1,-7.515000,-0.338000,5.561000,2.525000,3.878000,0.522000
1,9,4,COc1c2cc(-c3sc(-c4c(F)c(F)cc5nccnc45)cc3C)sc2c(OC)c2ccsc12,-7.514000,-0.500000,5.129000,2.659000,3.831000,1.084000
6,9,2,Cc1cc(-c2cccc3nsnc23)sc1-c1ccc(-c2cccs2)s1,-7.514000,-0.877000,5.340000,2.992000,3.379000,1.091000
3,4,1,Cc1ccc(-c2c3cc(-c4cc5sc(-c6c(F)c(F)cc7nsnc67)cc5s4)sc3c(-c3ccc(C)s3)c3ccsc23)s1,-7.512000,-0.941000,5.588000,2.979000,3.615000,1.968000
3,8,8,Cc1ccc(-c2c3cc(-c4ccc5oc(-c6cc7c(ccc8nsnc87)c7nsnc67)cc5c4)sc3c(-c3ccc(C)s3)c3ccsc23)s1,-7.511000,-1.355000,5.584000,3.259000,3.340000,1.112000
4,4,5,CC1(C)c2ccccc2-c2ccc(-c3cc4sc(-c5cccs5)cc4s3)cc21,-7.511000,-0.122000,5.456000,2.127000,3.867000,1.931000
1,1,4,COc1c2cc(-c3ccc(-c4c(F)c(F)cc5nccnc45)s3)sc2c(OC)c2ccsc12,-7.511000,-0.560000,5.133000,2.677000,3.696000,1.010000
2,1,3,Cc1ccc(-c2c3cc(-c4ccc(-c5cc(C(=O)O)cs5)s4)sc3c(-c3ccc(C)cc3)c3ccsc23)cc1,-7.511000,-0.362000,5.590000,2.432000,3.785000,1.235000
2,8,7,COC(=O)c1sc2c(-c3cc4cc(-c5cc6c(-c7ccc(C)cc7)c7sccc7c(-c7ccc(C)cc7)c6s5)ccc4o3)scc2c1F,-7.511000,-0.036000,5.572000,1.952000,4.018000,1.488000
3,9,1,Cc1ccc(-c2c3cc(-c4sc(-c5c(F)c(F)cc6nsnc56)cc4C)sc3c(-c3ccc(C)s3)c3ccsc23)s1,-7.511000,-0.913000,5.538000,2.982000,3.677000,1.179000
4,4,7,COC(=O)c1sc2c(-c3cc4sc(-c5cccs5)cc4s3)scc2c1F,-7.510000,-0.117000,5.461000,2.122000,3.865000,1.871000
2,3,3,Cc1ccc(-c2c3cc(-c4ccc(-c5cc(C(=O)O)cs5)[se]4)sc3c(-c3ccc(C)cc3)c3ccsc23)cc1,-7.509000,-0.402000,5.551000,2.499000,3.747000,1.480000
5,5,8,Fc1csc(-c2ccc(-c3ccc(-c4cc5c(ccc6nsnc65)c5nsnc45)s3)s2)c1,-7.508000,-1.346000,5.523000,3.229000,3.103000,1.299000
6,4,6,CN1C(=O)c2csc(-c3cc4sc(-c5ccc(-c6cccs6)s5)cc4s3)c2C1=O,-7.508000,-0.759000,5.482000,2.777000,3.383000,1.829000
2,2,9,Cc1ccc(-c2c3cc(-c4ccc(-c5nncs5)o4)sc3c(-c3ccc(C)cc3)c3ccsc23)cc1,-7.508000,-0.449000,5.610000,2.427000,3.752000,1.481000
2,4,1,Cc1ccc(-c2c3cc(-c4cc5sc(-c6c(F)c(F)cc7nsnc67)cc5s4)sc3c(-c3ccc(C)cc3)c3ccsc23)cc1,-7.508000,-0.957000,5.607000,2.988000,3.587000,1.950000
1,9,2,COc1c2cc(-c3sc(-c4cccc5nsnc45)cc3C)sc2c(OC)c2ccsc12,-7.508000,-0.898000,5.143000,3.001000,3.466000,1.136000
1,5,1,COc1c2cc(-c3ccc(-c4ccc(-c5c(F)c(F)cc6nsnc56)s4)s3)sc2c(OC)c2ccsc12,-7.505000,-0.919000,5.141000,2.968000,3.628000,1.976000
2,7,7,COC(=O)c1sc2c(-c3ccc(-c4cc5c(-c6ccc(C)cc6)c6sccc6c(-c6ccc(C)cc6)c5s4)cc3)scc2c1F,-7.504000,-0.172000,5.604000,2.121000,3.960000,1.396000
3,3,6,Cc1ccc(-c2c3cc(-c4ccc(-c5scc6c5C(=O)N(C)C6=O)[se]4)sc3c(-c3ccc(C)s3)c3ccsc23)s1,-7.503000,-0.912000,5.594000,2.913000,3.361000,1.429000
1,3,2,COc1c2cc(-c3ccc(-c4cccc5nsnc45)[se]3)sc2c(OC)c2ccsc12,-7.503000,-0.932000,5.141000,3.024000,3.428000,1.225000
1,2,6,COc1c2cc(-c3ccc(-c4scc5c4C(=O)N(C)C5=O)o3)sc2c(OC)c2ccsc12,-7.503000,-0.613000,5.152000,2.678000,3.528000,1.415000
1,2,1,COc1c2cc(-c3ccc(-c4c(F)c(F)cc5nsnc45)o3)sc2c(OC)c2ccsc12,-7.499000,-1.000000,5.138000,3.013000,3.412000,1.278000
4,5,2,c1csc(-c2ccc(-c3ccc(-c4cccc5nsnc45)s3)s2)c1,-7.498000,-0.917000,5.429000,2.995000,3.337000,1.239000
3,1,6,Cc1ccc(-c2c3cc(-c4ccc(-c5scc6c5C(=O)N(C)C6=O)s4)sc3c(-c3ccc(C)s3)c3ccsc23)s1,-7.498000,-0.805000,5.589000,2.806000,3.437000,1.192000
3,9,6,Cc1ccc(-c2c3cc(-c4sc(-c5scc6c5C(=O)N(C)C6=O)cc4C)sc3c(-c3ccc(C)s3)c3ccsc23)s1,-7.497000,-0.735000,5.586000,2.792000,3.522000,1.498000
6,1,4,Fc1cc2nccnc2c(-c2ccc(-c3ccc(-c4cccs4)s3)s2)c1F,-7.497000,-0.517000,5.419000,2.654000,3.592000,1.390000
1,1,8,COc1c2cc(-c3ccc(-c4cc5c(ccc6nsnc65)c5nsnc45)s3)sc2c(OC)c2ccsc12,-7.495000,-1.355000,5.143000,3.242000,3.168000,1.127000
1,1,2,fCOc1c2cc(-c3ccc(-c4cccc5nsnc45)s3)sc2c(OC)c2ccsc12,-7.495000,-0.944000,5.136000,3.014000,3.408000,1.204000
2,8,5,Cc1ccc(-c2c3cc(-c4ccc5oc(-c6ccc7c(c6)C(C)(C)c6ccccc6-7)cc5c4)sc3c(-c3ccc(C)cc3)c3ccsc23)cc1,-7.495000,-0.043000,5.587000,1.955000,4.007000,2.120000
6,2,1,Fc1cc2nsnc2c(-c2ccc(-c3ccc(-c4cccs4)s3)o2)c1F,-7.493000,-0.971000,5.436000,2.994000,3.336000,1.325000
1,3,4,COc1c2cc(-c3ccc(-c4c(F)c(F)cc5nccnc45)[se]3)sc2c(OC)c2ccsc12,-7.492000,-0.574000,5.130000,2.686000,3.647000,1.291000
1,4,3,COc1c2cc(-c3cc4sc(-c5cc(C(=O)O)cs5)cc4s3)sc2c(OC)c2ccsc12,-7.492000,-0.418000,5.145000,2.412000,3.732000,1.908000
6,1,3,O=C(O)c1csc(-c2ccc(-c3ccc(-c4cccs4)s3)s2)c1,-7.492000,-0.381000,5.447000,2.382000,3.585000,1.528000
3,4,6,Cc1ccc(-c2c3cc(-c4cc5sc(-c6scc7c6C(=O)N(C)C7=O)cc5s4)sc3c(-c3ccc(C)s3)c3ccsc23)s1,-7.490000,-0.863000,5.609000,2.815000,3.390000,1.874000
2,3,2,Cc1ccc(-c2c3cc(-c4ccc(-c5cccc6nsnc56)[se]4)sc3c(-c3ccc(C)cc3)c3ccsc23)cc1,-7.489000,-0.910000,5.545000,3.011000,3.447000,1.221000
3,1,4,Cc1ccc(-c2c3cc(-c4ccc(-c5c(F)c(F)cc6nccnc56)s4)sc3c(-c3ccc(C)s3)c3ccsc23)s1,-7.488000,-0.590000,5.576000,2.678000,3.672000,1.282000
3,1,3,Cc1ccc(-c2c3cc(-c4ccc(-c5cc(C(=O)O)cs5)s4)sc3c(-c3ccc(C)s3)c3ccsc23)s1,-7.487000,-0.460000,5.576000,2.436000,3.695000,1.194000
6,2,6,CN1C(=O)c2csc(-c3ccc(-c4ccc(-c5cccs5)s4)o3)c2C1=O,-7.486000,-0.553000,5.446000,2.631000,3.446000,1.550000
3,3,4,Cc1ccc(-c2c3cc(-c4ccc(-c5c(F)c(F)cc6nccnc56)[se]4)sc3c(-c3ccc(C)s3)c3ccsc23)s1,-7.486000,-0.555000,5.559000,2.692000,3.684000,1.059000
6,3,4,Fc1cc2nccnc2c(-c2ccc(-c3ccc(-c4cccs4)s3)[se]2)c1F,-7.486000,-0.542000,5.401000,2.664000,3.540000,1.384000
1,5,9,COc1c2cc(-c3ccc(-c4ccc(-c5nncs5)s4)s3)sc2c(OC)c2ccsc12,-7.484000,-0.719000,5.146000,2.675000,3.471000,1.917000
2,7,5,Cc1ccc(-c2c3cc(-c4ccc(-c5ccc6c(c5)C(C)(C)c5ccccc5-6)cc4)sc3c(-c3ccc(C)cc3)c3ccsc23)cc1,-7.484000,-0.185000,5.584000,2.124000,3.942000,1.583000
4,5,4,Fc1cc2nccnc2c(-c2ccc(-c3ccc(-c4cccs4)s3)s2)c1F,-7.482000,-0.551000,5.421000,2.654000,3.551000,1.424000
6,4,3,O=C(O)c1csc(-c2cc3sc(-c4ccc(-c5cccs5)s4)cc3s2)c1,-7.481000,-0.386000,5.434000,2.374000,3.618000,1.828000
3,9,3,Cc1ccc(-c2c3cc(-c4sc(-c5cc(C(=O)O)cs5)cc4C)sc3c(-c3ccc(C)s3)c3ccsc23)s1,-7.481000,-0.369000,5.566000,2.370000,3.759000,1.380000
2,3,8,Cc1ccc(-c2c3cc(-c4ccc(-c5cc6c(ccc7nsnc76)c6nsnc56)[se]4)sc3c(-c3ccc(C)cc3)c3ccsc23)cc1,-7.480000,-1.317000,5.563000,3.241000,3.229000,1.249000
3,1,2,Cc1ccc(-c2c3cc(-c4ccc(-c5cccc6nsnc56)s4)sc3c(-c3ccc(C)s3)c3ccsc23)s1,-7.480000,-0.932000,5.573000,3.021000,3.425000,1.161000
3,9,2,Cc1ccc(-c2c3cc(-c4sc(-c5cccc6nsnc56)cc4C)sc3c(-c3ccc(C)s3)c3ccsc23)s1,-7.479000,-0.925000,5.570000,2.999000,3.424000,1.179000
2,1,4,Cc1ccc(-c2c3cc(-c4ccc(-c5c(F)c(F)cc6nccnc56)s4)sc3c(-c3ccc(C)cc3)c3ccsc23)cc1,-7.478000,-0.556000,5.549000,2.664000,3.692000,1.158000
3,3,3,Cc1ccc(-c2c3cc(-c4ccc(-c5cc(C(=O)O)cs5)[se]4)sc3c(-c3ccc(C)s3)c3ccsc23)s1,-7.478000,-0.570000,5.598000,2.540000,3.576000,1.272000
3,2,6,Cc1ccc(-c2c3cc(-c4ccc(-c5scc6c5C(=O)N(C)C6=O)o4)sc3c(-c3ccc(C)s3)c3ccsc23)s1,-7.477000,-0.666000,5.586000,2.684000,3.485000,1.253000
3,7,7,COC(=O)c1sc2c(-c3ccc(-c4cc5c(-c6ccc(C)s6)c6sccc6c(-c6ccc(C)s6)c5s4)cc3)scc2c1F,-7.476000,-0.331000,5.553000,2.211000,3.816000,1.221000
2,2,6,Cc1ccc(-c2c3cc(-c4ccc(-c5scc6c5C(=O)N(C)C6=O)o4)sc3c(-c3ccc(C)cc3)c3ccsc23)cc1,-7.475000,-0.618000,5.596000,2.672000,3.495000,1.318000
4,5,3,O=C(O)c1csc(-c2ccc(-c3ccc(-c4cccs4)s3)s2)c1,-7.474000,-0.400000,5.441000,2.387000,3.559000,1.536000
2,1,2,Cc1ccc(-c2c3cc(-c4ccc(-c5cccc6nsnc56)s4)sc3c(-c3ccc(C)cc3)c3ccsc23)cc1,-7.474000,-0.929000,5.550000,3.005000,3.424000,1.227000
3,5,6,Cc1ccc(-c2c3cc(-c4ccc(-c5ccc(-c6scc7c6C(=O)N(C)C7=O)s5)s4)sc3c(-c3ccc(C)s3)c3ccsc23)s1,-7.473000,-0.768000,5.591000,2.830000,3.405000,1.900000
3,4,3,Cc1ccc(-c2c3cc(-c4cc5sc(-c6cc(C(=O)O)cs6)cc5s4)sc3c(-c3ccc(C)s3)c3ccsc23)s1,-7.472000,-0.555000,5.611000,2.456000,3.624000,1.750000
2,9,8,Cc1ccc(-c2c3cc(-c4sc(-c5cc6c(ccc7nsnc76)c6nsnc56)cc4C)sc3c(-c3ccc(C)cc3)c3ccsc23)cc1,-7.471000,-1.332000,5.497000,3.228000,3.181000,0.979000
2,4,3,Cc1ccc(-c2c3cc(-c4cc5sc(-c6cc(C(=O)O)cs6)cc5s4)sc3c(-c3ccc(C)cc3)c3ccsc23)cc1,-7.470000,-0.458000,5.589000,2.411000,3.686000,1.862000
6,5,1,Fc1cc2nsnc2c(-c2ccc(-c3ccc(-c4ccc(-c5cccs5)s4)s3)s2)c1F,-7.470000,-0.911000,5.401000,2.982000,3.510000,2.083000
3,3,2,Cc1ccc(-c2c3cc(-c4ccc(-c5cccc6nsnc56)[se]4)sc3c(-c3ccc(C)s3)c3ccsc23)s1,-7.470000,-0.983000,5.599000,3.028000,3.360000,1.193000
3,3,8,Cc1ccc(-c2c3cc(-c4ccc(-c5cc6c(ccc7nsnc76)c6nsnc56)[se]4)sc3c(-c3ccc(C)s3)c3ccsc23)s1,-7.470000,-1.383000,5.567000,3.282000,3.125000,1.169000
3,7,5,Cc1ccc(-c2c3cc(-c4ccc(-c5ccc6c(c5)C(C)(C)c5ccccc5-6)cc4)sc3c(-c3ccc(C)s3)c3ccsc23)s1,-7.469000,-0.348000,5.554000,2.217000,3.802000,1.339000
6,5,9,c1csc(-c2ccc(-c3ccc(-c4ccc(-c5nncs5)s4)s3)s2)c1,-7.468000,-0.647000,5.434000,2.635000,3.417000,1.882000
2,3,4,Cc1ccc(-c2c3cc(-c4ccc(-c5c(F)c(F)cc6nccnc56)[se]4)sc3c(-c3ccc(C)cc3)c3ccsc23)cc1,-7.467000,-0.565000,5.559000,2.680000,3.639000,1.210000
3,2,1,Cc1ccc(-c2c3cc(-c4ccc(-c5c(F)c(F)cc6nsnc56)o4)sc3c(-c3ccc(C)s3)c3ccsc23)s1,-7.466000,-1.009000,5.574000,3.012000,3.392000,1.201000
2,1,8,Cc1ccc(-c2c3cc(-c4ccc(-c5cc6c(ccc7nsnc76)c6nsnc56)s4)sc3c(-c3ccc(C)cc3)c3ccsc23)cc1,-7.466000,-1.348000,5.608000,3.237000,3.159000,1.093000
2,2,1,Cc1ccc(-c2c3cc(-c4ccc(-c5c(F)c(F)cc6nsnc56)o4)sc3c(-c3ccc(C)cc3)c3ccsc23)cc1,-7.466000,-1.017000,5.598000,3.015000,3.363000,1.198000
1,4,4,COc1c2cc(-c3cc4sc(-c5c(F)c(F)cc6nccnc56)cc4s3)sc2c(OC)c2ccsc12,-7.465000,-0.606000,5.142000,2.686000,3.622000,1.802000
3,5,1,Cc1ccc(-c2c3cc(-c4ccc(-c5ccc(-c6c(F)c(F)cc7nsnc67)s5)s4)sc3c(-c3ccc(C)s3)c3ccsc23)s1,-7.465000,-0.935000,5.602000,2.970000,3.510000,2.032000
5,2,7,COC(=O)c1sc2c(-c3ccc(-c4cc(F)cs4)o3)scc2c1F,-7.463000,0.013000,5.455000,1.949000,3.887000,1.302000
6,1,7,COC(=O)c1sc2c(-c3ccc(-c4ccc(-c5cccs5)s4)s3)scc2c1F,-7.463000,-0.176000,5.369000,2.255000,3.731000,1.831000
3,5,9,Cc1ccc(-c2c3cc(-c4ccc(-c5ccc(-c6nncs6)s5)s4)sc3c(-c3ccc(C)s3)c3ccsc23)s1,-7.462000,-0.723000,5.593000,2.669000,3.453000,1.547000
1,6,2,COc1c2cc(-c3cccc(-c4cccc5nsnc45)c3)sc2c(OC)c2ccsc12,-7.459000,-0.684000,5.072000,2.876000,4.009000,0.799000
6,3,3,O=C(O)c1csc(-c2ccc(-c3ccc(-c4cccs4)s3)[se]2)c1,-7.459000,-0.419000,5.395000,2.439000,3.526000,1.496000
2,9,4,Cc1ccc(-c2c3cc(-c4sc(-c5c(F)c(F)cc6nccnc56)cc4C)sc3c(-c3ccc(C)cc3)c3ccsc23)cc1,-7.459000,-0.511000,6.105000,2.653000,3.720000,0.801000
1,4,2,COc1c2cc(-c3cc4sc(-c5cccc6nsnc56)cc4s3)sc2c(OC)c2ccsc12,-7.459000,-0.987000,5.144000,3.028000,3.353000,1.561000
1,9,7,COC(=O)c1sc2c(-c3cc(C)c(-c4cc5c(OC)c6sccc6c(OC)c5s4)s3)scc2c1F,-7.458000,-0.182000,5.132000,2.258000,3.854000,1.945000
3,1,8,Cc1ccc(-c2c3cc(-c4ccc(-c5cc6c(ccc7nsnc76)c6nsnc56)s4)sc3c(-c3ccc(C)s3)c3ccsc23)s1,-7.457000,-1.366000,5.598000,3.238000,3.145000,1.306000
3,9,8,Cc1ccc(-c2c3cc(-c4sc(-c5cc6c(ccc7nsnc76)c6nsnc56)cc4C)sc3c(-c3ccc(C)s3)c3ccsc23)s1,-7.455000,-1.347000,5.538000,3.230000,3.158000,0.996000
2,4,6,Cc1ccc(-c2c3cc(-c4cc5sc(-c6scc7c6C(=O)N(C)C7=O)cc5s4)sc3c(-c3ccc(C)cc3)c3ccsc23)cc1,-7.455000,-0.815000,5.622000,2.786000,3.405000,1.986000
2,5,1,Cc1ccc(-c2c3cc(-c4ccc(-c5ccc(-c6c(F)c(F)cc7nsnc67)s5)s4)sc3c(-c3ccc(C)cc3)c3ccsc23)cc1,-7.454000,-0.924000,5.535000,2.977000,3.519000,2.074000
1,5,4,COc1c2cc(-c3ccc(-c4ccc(-c5c(F)c(F)cc6nccnc56)s4)s3)sc2c(OC)c2ccsc12,-7.454000,-0.552000,5.464000,2.655000,3.605000,1.853000
3,9,4,Cc1ccc(-c2c3cc(-c4sc(-c5c(F)c(F)cc6nccnc56)cc4C)sc3c(-c3ccc(C)s3)c3ccsc23)s1,-7.453000,-0.555000,5.495000,2.665000,3.666000,1.034000
6,9,7,COC(=O)c1sc2c(-c3cc(C)c(-c4ccc(-c5cccs5)s4)s3)scc2c1F,-7.452000,-0.107000,5.341000,2.197000,3.781000,1.828000
2,5,9,Cc1ccc(-c2c3cc(-c4ccc(-c5ccc(-c6nncs6)s5)s4)sc3c(-c3ccc(C)cc3)c3ccsc23)cc1,-7.452000,-0.710000,5.594000,2.668000,3.455000,1.859000
4,5,8,c1csc(-c2ccc(-c3ccc(-c4cc5c(ccc6nsnc65)c5nsnc45)s3)s2)c1,-7.451000,-1.333000,5.453000,3.225000,3.095000,1.277000
6,1,8,c1csc(-c2ccc(-c3ccc(-c4cc5c(ccc6nsnc65)c5nsnc45)s3)s2)c1,-7.449000,-1.337000,5.455000,3.222000,3.089000,1.279000
5,2,5,CC1(C)c2ccccc2-c2ccc(-c3ccc(-c4cc(F)cs4)o3)cc21,-7.449000,0.004000,5.440000,1.945000,3.877000,1.433000
2,1,7,COC(=O)c1sc2c(-c3ccc(-c4cc5c(-c6ccc(C)cc6)c6sccc6c(-c6ccc(C)cc6)c5s4)s3)scc2c1F,-7.447000,-0.255000,5.504000,2.304000,3.790000,1.934000
3,4,4,Cc1ccc(-c2c3cc(-c4cc5sc(-c6c(F)c(F)cc7nccnc67)cc5s4)sc3c(-c3ccc(C)s3)c3ccsc23)s1,-7.446000,-0.651000,5.561000,2.692000,3.578000,1.702000
6,3,8,c1csc(-c2ccc(-c3ccc(-c4cc5c(ccc6nsnc65)c5nsnc45)[se]3)s2)c1,-7.443000,-1.337000,5.430000,3.233000,3.086000,1.318000
1,5,6,COc1c2cc(-c3ccc(-c4ccc(-c5scc6c5C(=O)N(C)C6=O)s4)s3)sc2c(OC)c2ccsc12,-7.443000,-0.804000,5.534000,2.803000,3.346000,2.073000
1,4,8,COc1c2cc(-c3cc4sc(-c5cc6c(ccc7nsnc76)c6nsnc56)cc4s3)sc2c(OC)c2ccsc12,-7.440000,-1.381000,5.143000,3.251000,3.124000,1.646000
1,3,8,COc1c2cc(-c3ccc(-c4cc5c(ccc6nsnc65)c5nsnc45)[se]3)sc2c(OC)c2ccsc12,-7.440000,-1.398000,5.533000,3.274000,3.068000,1.342000
6,1,2,c1csc(-c2ccc(-c3ccc(-c4cccc5nsnc45)s3)s2)c1,-7.437000,-0.941000,5.426000,2.996000,3.276000,1.302000
1,9,5,COc1c2cc(-c3sc(-c4ccc5c(c4)C(C)(C)c4ccccc4-5)cc3C)sc2c(OC)c2ccsc12,-7.435000,-0.199000,5.492000,2.245000,3.821000,2.110000
6,3,2,c1csc(-c2ccc(-c3ccc(-c4cccc5nsnc45)[se]3)s2)c1,-7.435000,-0.920000,5.408000,3.004000,3.286000,1.318000
1,1,7,COC(=O)c1sc2c(-c3ccc(-c4cc5c(OC)c6sccc6c(OC)c5s4)s3)scc2c1F,-7.435000,-0.332000,5.130000,2.325000,3.709000,1.739000
1,2,8,COc1c2cc(-c3ccc(-c4cc5c(ccc6nsnc65)c5nsnc45)o3)sc2c(OC)c2ccsc12,-7.434000,-1.330000,5.540000,3.216000,3.075000,0.838000
1,3,7,COC(=O)c1sc2c(-c3ccc(-c4cc5c(OC)c6sccc6c(OC)c5s4)[se]3)scc2c1F,-7.433000,-0.395000,5.127000,2.412000,3.645000,1.763000
3,4,8,Cc1ccc(-c2c3cc(-c4cc5sc(-c6cc7c(ccc8nsnc87)c7nsnc67)cc5s4)sc3c(-c3ccc(C)s3)c3ccsc23)s1,-7.431000,-1.364000,5.594000,3.256000,3.151000,1.701000
3,2,2,Cc1ccc(-c2c3cc(-c4ccc(-c5cccc6nsnc56)o4)sc3c(-c3ccc(C)s3)c3ccsc23)s1,-7.431000,-0.907000,5.526000,2.989000,3.311000,0.905000
2,4,8,Cc1ccc(-c2c3cc(-c4cc5sc(-c6cc7c(ccc8nsnc87)c7nsnc67)cc5s4)sc3c(-c3ccc(C)cc3)c3ccsc23)cc1,-7.428000,-1.372000,5.592000,3.249000,3.131000,1.631000
1,2,2,COc1c2cc(-c3ccc(-c4cccc5nsnc45)o3)sc2c(OC)c2ccsc12,-7.428000,-0.895000,5.510000,2.987000,3.317000,0.942000
2,4,2,Cc1ccc(-c2c3cc(-c4cc5sc(-c6cccc7nsnc67)cc5s4)sc3c(-c3ccc(C)cc3)c3ccsc23)cc1,-7.426000,-0.924000,5.496000,3.014000,3.403000,1.542000
1,3,5,COc1c2cc(-c3ccc(-c4ccc5c(c4)C(C)(C)c4ccccc4-5)[se]3)sc2c(OC)c2ccsc12,-7.425000,-0.391000,5.507000,2.410000,3.650000,1.958000
1,2,4,COc1c2cc(-c3ccc(-c4c(F)c(F)cc5nccnc45)o3)sc2c(OC)c2ccsc12,-7.423000,-0.585000,5.487000,2.661000,3.541000,1.178000
3,5,3,Cc1ccc(-c2c3cc(-c4ccc(-c5ccc(-c6cc(C(=O)O)cs6)s5)s4)sc3c(-c3ccc(C)s3)c3ccsc23)s1,-7.422000,-0.509000,5.476000,2.499000,3.547000,2.051000
2,5,4,Cc1ccc(-c2c3cc(-c4ccc(-c5ccc(-c6c(F)c(F)cc7nccnc67)s5)s4)sc3c(-c3ccc(C)cc3)c3ccsc23)cc1,-7.421000,-0.557000,5.452000,2.657000,3.584000,1.883000
6,4,2,c1csc(-c2ccc(-c3cc4sc(-c5cccc6nsnc56)cc4s3)s2)c1,-7.421000,-0.940000,5.410000,3.015000,3.325000,1.567000
1,1,5,COc1c2cc(-c3ccc(-c4ccc5c(c4)C(C)(C)c4ccccc4-5)s3)sc2c(OC)c2ccsc12,-7.418000,-0.347000,5.125000,2.321000,3.686000,1.980000
3,4,2,Cc1ccc(-c2c3cc(-c4cc5sc(-c6cccc7nsnc67)cc5s4)sc3c(-c3ccc(C)s3)c3ccsc23)s1,-7.418000,-0.986000,5.578000,3.030000,3.335000,1.643000
2,5,6,Cc1ccc(-c2c3cc(-c4ccc(-c5ccc(-c6scc7c6C(=O)N(C)C7=O)s5)s4)sc3c(-c3ccc(C)cc3)c3ccsc23)cc1,-7.418000,-0.748000,5.011000,3.355000,3.401000,1.709000
5,5,7,COC(=O)c1sc2c(-c3ccc(-c4ccc(-c5cc(F)cs5)s4)s3)scc2c1F,-7.416000,-0.372000,5.450000,2.342000,3.549000,1.862000
3,1,5,Cc1ccc(-c2c3cc(-c4ccc(-c5ccc6c(c5)C(C)(C)c5ccccc5-6)s4)sc3c(-c3ccc(C)s3)c3ccsc23)s1,-7.416000,-0.392000,5.527000,2.345000,3.685000,1.964000
2,9,2,Cc1ccc(-c2c3cc(-c4sc(-c5cccc6nsnc56)cc4C)sc3c(-c3ccc(C)cc3)c3ccsc23)cc1,-7.413000,-0.907000,5.517000,3.025000,3.390000,1.285000
1,4,7,COC(=O)c1sc2c(-c3cc4sc(-c5cc6c(OC)c7sccc7c(OC)c6s5)cc4s3)scc2c1F,-7.413000,-0.367000,5.510000,2.335000,3.684000,2.413000
6,3,7,COC(=O)c1sc2c(-c3ccc(-c4ccc(-c5cccs5)s4)[se]3)scc2c1F,-7.412000,-0.281000,5.374000,2.336000,3.612000,1.852000
3,1,7,COC(=O)c1sc2c(-c3ccc(-c4cc5c(-c6ccc(C)s6)c6sccc6c(-c6ccc(C)s6)c5s4)s3)scc2c1F,-7.411000,-0.446000,5.560000,2.364000,3.620000,1.428000
4,5,7,COC(=O)c1sc2c(-c3ccc(-c4ccc(-c5cccs5)s4)s3)scc2c1F,-7.410000,-0.252000,5.379000,2.270000,3.631000,1.860000
3,2,4,Cc1ccc(-c2c3cc(-c4ccc(-c5c(F)c(F)cc6nccnc56)o4)sc3c(-c3ccc(C)s3)c3ccsc23)s1,-7.410000,-0.618000,5.513000,2.663000,3.501000,1.054000
2,3,7,COC(=O)c1sc2c(-c3ccc(-c4cc5c(-c6ccc(C)cc6)c6sccc6c(-c6ccc(C)cc6)c5s4)[se]3)scc2c1F,-7.409000,-0.382000,5.518000,2.388000,3.648000,1.874000
6,1,5,CC1(C)c2ccccc2-c2ccc(-c3ccc(-c4ccc(-c5cccs5)s4)s3)cc21,-7.408000,-0.248000,5.373000,2.264000,3.629000,1.904000
6,9,5,Cc1cc(-c2ccc3c(c2)C(C)(C)c2ccccc2-3)sc1-c1ccc(-c2cccs2)s1,-7.405000,-0.151000,5.279000,2.200000,3.715000,1.949000
1,5,2,COc1c2cc(-c3ccc(-c4ccc(-c5cccc6nsnc56)s4)s3)sc2c(OC)c2ccsc12,-7.405000,-0.962000,5.496000,3.004000,3.290000,1.748000
3,3,5,Cc1ccc(-c2c3cc(-c4ccc(-c5ccc6c(c5)C(C)(C)c5ccccc5-6)[se]4)sc3c(-c3ccc(C)s3)c3ccsc23)s1,-7.404000,-0.478000,5.534000,2.436000,3.588000,1.710000
6,4,4,Fc1cc2nccnc2c(-c2cc3sc(-c4ccc(-c5cccs5)s4)cc3s2)c1F,-7.402000,-0.596000,5.409000,2.676000,3.492000,1.787000
2,3,5,Cc1ccc(-c2c3cc(-c4ccc(-c5ccc6c(c5)C(C)(C)c5ccccc5-6)[se]4)sc3c(-c3ccc(C)cc3)c3ccsc23)cc1,-7.401000,-0.396000,5.509000,2.393000,3.627000,1.852000
2,4,4,Cc1ccc(-c2c3cc(-c4cc5sc(-c6c(F)c(F)cc7nccnc67)cc5s4)sc3c(-c3ccc(C)cc3)c3ccsc23)cc1,-7.399000,-0.717000,5.502000,2.715000,3.474000,1.856000
3,5,8,Cc1ccc(-c2c3cc(-c4ccc(-c5ccc(-c6cc7c(ccc8nsnc87)c7nsnc67)s5)s4)sc3c(-c3ccc(C)s3)c3ccsc23)s1,-7.399000,-1.342000,5.532000,3.238000,3.120000,1.681000
6,2,2,c1csc(-c2ccc(-c3ccc(-c4cccc5nsnc45)o3)s2)c1,-7.398000,-0.867000,5.349000,2.968000,3.256000,1.049000
2,1,5,Cc1ccc(-c2c3cc(-c4ccc(-c5ccc6c(c5)C(C)(C)c5ccccc5-6)s4)sc3c(-c3ccc(C)cc3)c3ccsc23)cc1,-7.397000,-0.320000,5.498000,2.299000,3.700000,2.065000
2,4,7,COC(=O)c1sc2c(-c3cc4sc(-c5cc6c(-c7ccc(C)cc7)c7sccc7c(-c7ccc(C)cc7)c6s5)cc4s3)scc2c1F,-7.396000,-0.352000,5.496000,2.321000,3.684000,2.368000
6,2,8,c1csc(-c2ccc(-c3ccc(-c4cc5c(ccc6nsnc65)c5nsnc45)o3)s2)c1,-7.396000,-1.310000,5.378000,3.199000,3.018000,0.976000
4,2,7,COC(=O)c1sc2c(-c3ccc(-c4cccs4)o3)scc2c1F,-7.396000,0.089000,5.364000,1.833000,3.901000,1.296000
3,2,3,Cc1ccc(-c2c3cc(-c4ccc(-c5cc(C(=O)O)cs5)o4)sc3c(-c3ccc(C)s3)c3ccsc23)s1,-7.396000,-0.379000,5.497000,2.282000,3.682000,1.567000
2,2,3,Cc1ccc(-c2c3cc(-c4ccc(-c5cc(C(=O)O)cs5)o4)sc3c(-c3ccc(C)cc3)c3ccsc23)cc1,-7.395000,-0.257000,5.471000,2.179000,3.723000,1.193000
3,5,4,Cc1ccc(-c2c3cc(-c4ccc(-c5ccc(-c6c(F)c(F)cc7nccnc67)s5)s4)sc3c(-c3ccc(C)s3)c3ccsc23)s1,-7.395000,-0.623000,5.481000,2.660000,3.483000,2.030000
6,4,8,c1csc(-c2ccc(-c3cc4sc(-c5cc6c(ccc7nsnc76)c6nsnc56)cc4s3)s2)c1,-7.394000,-1.360000,5.429000,3.239000,3.081000,1.571000
5,5,5,CC1(C)c2ccccc2-c2ccc(-c3ccc(-c4ccc(-c5cc(F)cs5)s4)s3)cc21,-7.394000,-0.376000,5.434000,2.337000,3.533000,1.976000
6,3,5,CC1(C)c2ccccc2-c2ccc(-c3ccc(-c4ccc(-c5cccs5)s4)[se]3)cc21,-7.394000,-0.297000,5.353000,2.339000,3.588000,1.876000
1,5,8,COc1c2cc(-c3ccc(-c4ccc(-c5cc6c(ccc7nsnc76)c6nsnc56)s4)s3)sc2c(OC)c2ccsc12,-7.393000,-1.355000,5.449000,3.230000,3.087000,1.544000
1,2,3,COc1c2cc(-c3ccc(-c4cc(C(=O)O)cs4)o3)sc2c(OC)c2ccsc12,-7.391000,-0.236000,5.455000,2.187000,3.765000,1.639000
2,9,3,Cc1ccc(-c2c3cc(-c4sc(-c5cc(C(=O)O)cs5)cc4C)sc3c(-c3ccc(C)cc3)c3ccsc23)cc1,-7.390000,-0.392000,5.469000,2.367000,3.631000,1.286000
2,9,7,COC(=O)c1sc2c(-c3cc(C)c(-c4cc5c(-c6ccc(C)cc6)c6sccc6c(-c6ccc(C)cc6)c5s4)s3)scc2c1F,-7.390000,-0.262000,5.500000,2.241000,3.739000,1.963000
2,2,4,Cc1ccc(-c2c3cc(-c4ccc(-c5c(F)c(F)cc6nccnc56)o4)sc3c(-c3ccc(C)cc3)c3ccsc23)cc1,-7.390000,-0.580000,5.478000,2.656000,3.516000,1.092000
3,4,5,Cc1ccc(-c2c3cc(-c4cc5sc(-c6ccc7c(c6)C(C)(C)c6ccccc6-7)cc5s4)sc3c(-c3ccc(C)s3)c3ccsc23)s1,-7.388000,-0.485000,5.575000,2.398000,3.601000,2.264000
3,3,7,COC(=O)c1sc2c(-c3ccc(-c4cc5c(-c6ccc(C)s6)c6sccc6c(-c6ccc(C)s6)c5s4)[se]3)scc2c1F,-7.388000,-0.487000,5.522000,2.419000,3.571000,1.937000
3,4,7,COC(=O)c1sc2c(-c3cc4sc(-c5cc6c(-c7ccc(C)s7)c7sccc7c(-c7ccc(C)s7)c6s5)cc4s3)scc2c1F,-7.387000,-0.529000,5.594000,2.387000,3.558000,2.294000
2,5,3,Cc1ccc(-c2c3cc(-c4ccc(-c5ccc(-c6cc(C(=O)O)cs6)s5)s4)sc3c(-c3ccc(C)cc3)c3ccsc23)cc1,-7.386000,-0.518000,5.475000,2.475000,3.488000,1.640000
3,9,7,COC(=O)c1sc2c(-c3cc(C)c(-c4cc5c(-c6ccc(C)s6)c6sccc6c(-c6ccc(C)s6)c5s4)s3)scc2c1F,-7.384000,-0.359000,5.454000,2.320000,3.664000,1.268000
2,9,5,Cc1ccc(-c2c3cc(-c4sc(-c5ccc6c(c5)C(C)(C)c5ccccc5-6)cc4C)sc3c(-c3ccc(C)cc3)c3ccsc23)cc1,-7.384000,-0.248000,5.425000,2.263000,3.735000,1.596000
6,2,3,O=C(O)c1csc(-c2ccc(-c3ccc(-c4cccs4)s3)o2)c1,-7.382000,-0.163000,5.341000,2.178000,3.664000,1.496000
3,5,2,Cc1ccc(-c2c3cc(-c4ccc(-c5ccc(-c6cccc7nsnc67)s5)s4)sc3c(-c3ccc(C)s3)c3ccsc23)s1,-7.382000,-0.959000,5.489000,2.999000,3.281000,1.464000
1,4,5,COc1c2cc(-c3cc4sc(-c5ccc6c(c5)C(C)(C)c5ccccc5-6)cc4s3)sc2c(OC)c2ccsc12,-7.382000,-0.440000,5.517000,2.348000,3.603000,2.461000
2,2,8,Cc1ccc(-c2c3cc(-c4ccc(-c5cc6c(ccc7nsnc76)c6nsnc56)o4)sc3c(-c3ccc(C)cc3)c3ccsc23)cc1,-7.381000,-1.324000,5.482000,3.210000,3.073000,0.997000
6,5,3,O=C(O)c1csc(-c2ccc(-c3ccc(-c4ccc(-c5cccs5)s4)s3)s2)c1,-7.380000,-0.465000,5.378000,2.433000,3.457000,1.982000
6,2,4,Fc1cc2nccnc2c(-c2ccc(-c3ccc(-c4cccs4)s3)o2)c1F,-7.379000,-0.542000,5.330000,2.644000,3.470000,1.292000
4,2,5,CC1(C)c2ccccc2-c2ccc(-c3ccc(-c4cccs4)o3)cc21,-7.377000,0.092000,5.351000,1.837000,3.895000,1.427000
3,2,8,Cc1ccc(-c2c3cc(-c4ccc(-c5cc6c(ccc7nsnc76)c6nsnc56)o4)sc3c(-c3ccc(C)s3)c3ccsc23)s1,-7.376000,-1.331000,5.506000,3.215000,3.073000,1.067000
2,5,8,Cc1ccc(-c2c3cc(-c4ccc(-c5ccc(-c6cc7c(ccc8nsnc87)c7nsnc67)s5)s4)sc3c(-c3ccc(C)cc3)c3ccsc23)cc1,-7.375000,-1.340000,5.512000,3.231000,3.100000,1.697000
2,4,5,Cc1ccc(-c2c3cc(-c4cc5sc(-c6ccc7c(c6)C(C)(C)c6ccccc6-7)cc5s4)sc3c(-c3ccc(C)cc3)c3ccsc23)cc1,-7.372000,-0.393000,5.487000,2.320000,3.635000,2.397000
6,5,8,c1csc(-c2ccc(-c3ccc(-c4ccc(-c5cc6c(ccc7nsnc76)c6nsnc56)s4)s3)s2)c1,-7.372000,-1.328000,5.378000,3.224000,3.113000,1.628000
6,5,4,Fc1cc2nccnc2c(-c2ccc(-c3ccc(-c4ccc(-c5cccs5)s4)s3)s2)c1F,-7.365000,-0.583000,5.354000,2.659000,3.447000,1.971000
3,9,5,Cc1ccc(-c2c3cc(-c4sc(-c5ccc6c(c5)C(C)(C)c5ccccc5-6)cc4C)sc3c(-c3ccc(C)s3)c3ccsc23)s1,-7.365000,-0.395000,5.449000,2.322000,3.614000,1.555000
4,5,5,CC1(C)c2ccccc2-c2ccc(-c3ccc(-c4ccc(-c5cccs5)s4)s3)cc21,-7.364000,-0.290000,5.367000,2.269000,3.572000,1.916000
2,2,2,Cc1ccc(-c2c3cc(-c4ccc(-c5cccc6nsnc56)o4)sc3c(-c3ccc(C)cc3)c3ccsc23)cc1,-7.363000,-0.828000,5.429000,2.918000,3.361000,1.049000
3,5,7,COC(=O)c1sc2c(-c3ccc(-c4ccc(-c5cc6c(-c7ccc(C)s7)c7sccc7c(-c7ccc(C)s7)c6s5)s4)s3)scc2c1F,-7.362000,-0.533000,5.447000,2.452000,3.472000,1.908000
1,5,3,COc1c2cc(-c3ccc(-c4ccc(-c5cc(C(=O)O)cs5)s4)s3)sc2c(OC)c2ccsc12,-7.353000,-0.517000,5.102000,2.531000,3.511000,1.991000
6,5,2,c1csc(-c2ccc(-c3ccc(-c4ccc(-c5cccc6nsnc56)s4)s3)s2)c1,-7.352000,-0.944000,5.362000,2.997000,3.255000,1.765000
6,5,6,CN1C(=O)c2csc(-c3ccc(-c4ccc(-c5ccc(-c6cccs6)s5)s4)s3)c2C1=O,-7.349000,-0.813000,5.405000,2.794000,3.208000,2.058000
1,7,3,COc1c2cc(-c3ccc(-c4cc(C(=O)O)cs4)cc3)sc2c(OC)c2ccsc12,-7.345000,-0.217000,5.081000,2.297000,4.236000,0.941000
1,5,5,COc1c2cc(-c3ccc(-c4ccc(-c5ccc6c(c5)C(C)(C)c5ccccc5-6)s4)s3)sc2c(OC)c2ccsc12,-7.339000,-0.482000,5.435000,2.429000,3.462000,2.359000
2,5,7,COC(=O)c1sc2c(-c3ccc(-c4ccc(-c5cc6c(-c7ccc(C)cc7)c7sccc7c(-c7ccc(C)cc7)c6s5)s4)s3)scc2c1F,-7.330000,-0.453000,5.423000,2.414000,3.490000,2.007000
1,5,7,COC(=O)c1sc2c(-c3ccc(-c4ccc(-c5cc6c(OC)c7sccc7c(OC)c6s5)s4)s3)scc2c1F,-7.326000,-0.498000,5.447000,2.420000,3.447000,2.407000
2,5,2,Cc1ccc(-c2c3cc(-c4ccc(-c5ccc(-c6cccc7nsnc67)s5)s4)sc3c(-c3ccc(C)cc3)c3ccsc23)cc1,-7.324000,-0.960000,5.452000,3.010000,3.243000,1.914000
1,2,7,COC(=O)c1sc2c(-c3ccc(-c4cc5c(OC)c6sccc6c(OC)c5s4)o3)scc2c1F,-7.324000,-0.221000,5.433000,2.127000,3.670000,1.331000
3,2,7,COC(=O)c1sc2c(-c3ccc(-c4cc5c(-c6ccc(C)s6)c6sccc6c(-c6ccc(C)s6)c5s4)o3)scc2c1F,-7.320000,-0.343000,5.440000,2.228000,3.620000,1.458000
1,2,5,COc1c2cc(-c3ccc(-c4ccc5c(c4)C(C)(C)c4ccccc4-5)o3)sc2c(OC)c2ccsc12,-7.319000,-0.218000,5.410000,2.119000,3.680000,1.575000
6,4,7,COC(=O)c1sc2c(-c3cc4sc(-c5ccc(-c6cccs6)s5)cc4s3)scc2c1F,-7.319000,-0.383000,5.381000,2.297000,3.502000,2.198000
2,5,5,Cc1ccc(-c2c3cc(-c4ccc(-c5ccc(-c6ccc7c(c6)C(C)(C)c6ccccc6-7)s5)s4)sc3c(-c3ccc(C)cc3)c3ccsc23)cc1,-7.311000,-0.455000,5.416000,2.400000,3.470000,2.449000
3,2,5,Cc1ccc(-c2c3cc(-c4ccc(-c5ccc6c(c5)C(C)(C)c5ccccc5-6)o4)sc3c(-c3ccc(C)s3)c3ccsc23)s1,-7.310000,-0.352000,5.441000,2.222000,3.583000,1.045000
3,5,5,Cc1ccc(-c2c3cc(-c4ccc(-c5ccc(-c6ccc7c(c6)C(C)(C)c6ccccc6-7)s5)s4)sc3c(-c3ccc(C)s3)c3ccsc23)s1,-7.308000,-0.585000,5.445000,2.460000,3.383000,2.233000
2,2,7,COC(=O)c1sc2c(-c3ccc(-c4cc5c(-c6ccc(C)cc6)c6sccc6c(-c6ccc(C)cc6)c5s4)o3)scc2c1F,-7.303000,-0.220000,5.408000,2.114000,3.673000,1.704000
6,5,5,CC1(C)c2ccccc2-c2ccc(-c3ccc(-c4ccc(-c5ccc(-c6cccs6)s5)s4)s3)cc21,-7.303000,-0.386000,5.315000,2.357000,3.454000,2.203000
2,2,5,Cc1ccc(-c2c3cc(-c4ccc(-c5ccc6c(c5)C(C)(C)c5ccccc5-6)o4)sc3c(-c3ccc(C)cc3)c3ccsc23)cc1,-7.295000,-0.241000,5.406000,2.115000,3.651000,1.660000
6,4,5,CC1(C)c2ccccc2-c2ccc(-c3cc4sc(-c5ccc(-c6cccs6)s5)cc4s3)cc21,-7.294000,-0.394000,5.375000,2.298000,3.476000,2.203000
6,5,7,COC(=O)c1sc2c(-c3ccc(-c4ccc(-c5ccc(-c6cccs6)s5)s4)s3)scc2c1F,-7.284000,-0.401000,5.318000,2.356000,3.429000,2.226000
6,2,7,COC(=O)c1sc2c(-c3ccc(-c4ccc(-c5cccs5)s4)o3)scc2c1F,-7.262000,-0.153000,5.278000,2.137000,3.596000,1.702000
1,3,3,COc1c2cc(-c3ccc(-c4cc(C(=O)O)cs4)[se]3)sc2c(OC)c2ccsc12,-7.246000,-0.297000,5.240000,2.428000,3.646000,1.398000
6,2,5,CC1(C)c2ccccc2-c2ccc(-c3ccc(-c4ccc(-c5cccs5)s4)o3)cc21,-7.246000,-0.152000,5.268000,2.132000,3.594000,1.964000
