R1_0,R3_0,R4_0,R5_0,39.95999999999998,1.68412265,-0.68180097
R1_0,R3_0,R4_0,R5_1,63.920000000000016,1.96362377,-0.7115415
R1_0,R3_0,R4_0,R5_2,51.75999999999999,2.04465515,-0.88739973
R1_0,R3_0,R4_0,R5_3,36.93000000000001,1.7316041,-0.71023542
R1_0,R3_0,R4_0,R5_4,53.79000000000002,1.84422629,-0.74811174
R1_0,R3_0,R4_0,R5_5,24.07,1.83127433,-0.74043852
R1_0,R3_0,R4_0,R5_6,60.579999999999984,2.01652001,-0.6780732
R1_0,R3_0,R4_0,R5_7,36.19,1.84640309,-0.68811369
R1_0,R3_0,R4_0,R5_8,20.180000000000007,1.62464159,-0.81156546
R1_0,R3_0,R4_0,R5_9,35.77999999999997,2.16212072,-0.91085475
R1_0,R3_0,R4_0,R5_10,61.85000000000002,1.9016666,-1.1145216
R1_0,R3_0,R4_1,R5_0,48.13999999999999,1.99488806,-0.64781568
R1_0,R3_0,R4_1,R5_1,54.56,2.37473966,-0.72256155
R1_0,R3_0,R4_1,R5_2,40.079999999999984,2.48289941,-0.83306136
R1_0,R3_0,R4_1,R5_3,26.45999999999998,1.96498427,-0.79442316
R1_0,R3_0,R4_1,R5_4,58.660000000000025,2.27365451,-0.60934074
R1_0,R3_0,R4_1,R5_5,1.7200000000000273,2.11959149,-0.72043917
R1_0,R3_0,R4_1,R5_6,41.44,2.41386764,-0.70593624
R1_0,R3_0,R4_1,R5_7,39.420000000000016,2.25493403,-0.6048783
R1_0,R3_0,R4_1,R5_8,16.350000000000023,2.01379901,-0.76119975
R1_0,R3_0,R4_1,R5_9,51.30000000000001,2.5506251,-0.71129661
R1_0,R3_0,R4_1,R5_10,42.610000000000014,2.3718554,-1.01136849
R1_0,R3_0,R4_2,R5_0,46.860000000000014,1.97973209,-0.84176856
R1_0,R3_0,R4_2,R5_1,32.73000000000002,2.5065449,-0.74569005
R1_0,R3_0,R4_2,R5_2,24.779999999999973,2.75793809,-0.82911591
R1_0,R3_0,R4_2,R5_3,16.769999999999982,2.10318386,-0.80068146
R1_0,R3_0,R4_2,R5_4,50.860000000000014,2.43049295,-0.68163771
R1_0,R3_0,R4_2,R5_5,10.949999999999989,2.22674447,-0.79540272
R1_0,R3_0,R4_2,R5_6,42.120000000000005,2.48431433,-0.70550088
R1_0,R3_0,R4_2,R5_7,36.50999999999999,2.31038801,-0.78909
R1_0,R3_0,R4_2,R5_8,36.51999999999998,2.01646559,-0.78830091
R1_0,R3_0,R4_2,R5_9,25.75,2.87899538,-0.86288352
R1_0,R3_0,R4_2,R5_10,38.31999999999999,2.56333217,-1.00208988
R1_0,R3_0,R4_3,R5_0,42.43000000000001,1.74485537,-0.70234452
R1_0,R3_0,R4_3,R5_1,64.5,1.98297008,-0.7303164
R1_0,R3_0,R4_3,R5_2,53.410000000000025,2.16680084,-0.86389029
R1_0,R3_0,R4_3,R5_3,32.47000000000003,1.76376632,-0.74849268
R1_0,R3_0,R4_3,R5_4,53.160000000000025,1.89467363,-0.7610637
R1_0,R3_0,R4_3,R5_5,22.49000000000001,1.79704415,-0.73790799
R1_0,R3_0,R4_3,R5_6,62.56,2.01690095,-0.70999053
R1_0,R3_0,R4_3,R5_7,43.75,1.83100223,-0.80462691
R1_0,R3_0,R4_3,R5_8,42.30000000000001,1.6807214,-0.74666961
R1_0,R3_0,R4_3,R5_9,32.20999999999998,2.21591489,-0.91058265
R1_0,R3_0,R4_3,R5_10,61.39999999999998,2.07376985,-0.94835013
R1_0,R3_0,R4_4,R5_0,53.420000000000016,1.81889378,-0.69815418
R1_0,R3_0,R4_4,R5_1,66.86000000000001,2.25928763,-0.56656662
R1_0,R3_0,R4_4,R5_2,26.620000000000005,2.41253435,-0.66588312
R1_0,R3_0,R4_4,R5_3,18.600000000000023,1.92136664,-0.62659188
R1_0,R3_0,R4_4,R5_4,60.14999999999998,2.14282883,-0.6078714
R1_0,R3_0,R4_4,R5_5,18.82,2.02332251,-0.64833267
R1_0,R3_0,R4_4,R5_6,42.95999999999998,2.20799678,-0.60468783
R1_0,R3_0,R4_4,R5_7,45.829999999999984,2.02217969,-0.65850921
R1_0,R3_0,R4_4,R5_8,29.56,1.84953224,-0.67518894
R1_0,R3_0,R4_4,R5_9,35.079999999999984,2.54262536,-0.73940454
R1_0,R3_0,R4_4,R5_10,51.51999999999998,2.23292114,-1.00682442
R1_0,R3_0,R4_5,R5_0,43.31999999999999,1.83592724,-0.73638423
R1_0,R3_0,R4_5,R5_1,45.79000000000002,2.05382492,-0.7934436
R1_0,R3_0,R4_5,R5_2,17.29000000000002,2.31528581,-0.93101736
R1_0,R3_0,R4_5,R5_3,7.009999999999991,1.88863301,-0.70903818
R1_0,R3_0,R4_5,R5_4,50.94,2.08957886,-0.72345948
R1_0,R3_0,R4_5,R5_5,1.8199999999999927,1.91638721,-0.81986451
R1_0,R3_0,R4_5,R5_6,18.970000000000027,2.06544359,-0.77670945
R1_0,R3_0,R4_5,R5_7,37.660000000000025,1.96892972,-0.75654684
R1_0,R3_0,R4_5,R5_8,60.22000000000003,1.76871854,-0.79219194
R1_0,R3_0,R4_5,R5_9,39.63999999999999,2.30230664,-0.75260139
R1_0,R3_0,R4_5,R5_10,4.350000000000023,2.16810692,-0.99441666
R1_0,R3_0,R4_6,R5_0,46.370000000000005,1.93981502,-0.67135233
R1_0,R3_0,R4_6,R5_1,44.98000000000002,2.35011461,-0.62846937
R1_0,R3_0,R4_6,R5_2,36.81999999999999,2.58180776,-0.72364995
R1_0,R3_0,R4_6,R5_3,14.350000000000025,1.98977258,-0.67339308
R1_0,R3_0,R4_6,R5_4,50.19,2.17817462,-0.73769031
R1_0,R3_0,R4_6,R5_5,3.740000000000009,2.00707814,-0.77627409
R1_0,R3_0,R4_6,R5_6,35.44999999999999,2.38837187,-0.67483521
R1_0,R3_0,R4_6,R5_7,42.06999999999999,2.11937381,-0.76280514
R1_0,R3_0,R4_6,R5_8,51.13,1.94474003,-0.71211291
R1_0,R3_0,R4_6,R5_9,44.22000000000003,2.49397388,-0.68947419
R1_0,R3_0,R4_6,R5_10,44.13999999999999,2.35732526,-1.01087871
R1_0,R3_0,R4_7,R5_0,0.3700000000000045,1.64455931,-0.74144529
R1_0,R3_0,R4_7,R5_1,9.470000000000027,1.99311941,-0.74008479
R1_0,R3_0,R4_7,R5_2,13.699999999999989,2.14135949,-0.86974044
R1_0,R3_0,R4_7,R5_3,13.740000000000007,1.77228305,-0.69774603
R1_0,R3_0,R4_7,R5_4,1.079999999999984,1.82131547,-0.70307919
R1_0,R3_0,R4_7,R5_5,2.730000000000018,1.73761751,-0.83368719
R1_0,R3_0,R4_7,R5_6,12.199999999999989,1.96966439,-0.73589445
R1_0,R3_0,R4_7,R5_7,6.889999999999986,1.8464303,-0.76653291
R1_0,R3_0,R4_7,R5_8,0.2900000000000204,1.65087203,-0.74694171
R1_0,R3_0,R4_7,R5_9,13.120000000000005,2.15167208,-0.82723842
R1_0,R3_0,R4_7,R5_10,24.83999999999997,1.99314662,-1.12007244
R1_0,R3_1,R4_0,R5_0,37.24000000000001,1.97682062,-0.66482193
R1_0,R3_1,R4_0,R5_1,63.69,2.21994197,-0.74949945
R1_0,R3_1,R4_0,R5_2,49.329999999999984,2.51040872,-0.7224255
R1_0,R3_1,R4_0,R5_3,42.60000000000002,1.99031678,-0.76016577
R1_0,R3_1,R4_0,R5_4,64.33999999999997,2.24581868,-0.63274134
R1_0,R3_1,R4_0,R5_5,18.31,2.11804052,-0.71660256
R1_0,R3_1,R4_0,R5_6,57.06,2.25708362,-0.67244073
R1_0,R3_1,R4_0,R5_7,44.120000000000005,2.24938319,-0.63298623
R1_0,R3_1,R4_0,R5_8,39.72000000000003,2.01671048,-0.69121563
R1_0,R3_1,R4_0,R5_9,41.63,2.50553813,-0.73317345
R1_0,R3_1,R4_0,R5_10,59.88,2.38698416,-0.92467743
R1_0,R3_1,R4_1,R5_0,62.81999999999999,2.30135429,-0.62014311
R1_0,R3_1,R4_1,R5_1,46.88999999999999,2.61122177,-0.5733147
R1_0,R3_1,R4_1,R5_2,41.0,2.87183915,-0.74179902
R1_0,R3_1,R4_1,R5_3,38.0,2.20535741,-0.67883508
R1_0,R3_1,R4_1,R5_4,72.79000000000002,2.45174396,-0.64593819
R1_0,R3_1,R4_1,R5_5,8.990000000000009,2.3655971,-0.72920079
R1_0,R3_1,R4_1,R5_6,43.56,2.63424143,-0.56898831
R1_0,R3_1,R4_1,R5_7,57.45999999999998,2.52186413,-0.67412775
R1_0,R3_1,R4_1,R5_8,34.26999999999998,2.25000902,-0.77009742
R1_0,R3_1,R4_1,R5_9,42.579999999999984,2.89649141,-0.61437459
R1_0,R3_1,R4_1,R5_10,52.25999999999999,2.65666247,-0.94386048
R1_0,R3_1,R4_2,R5_0,60.160000000000025,2.29498715,-0.72068406
R1_0,R3_1,R4_2,R5_1,63.52999999999997,2.7424556,-0.75303675
R1_0,R3_1,R4_2,R5_2,42.94,2.898641,-0.73749984
R1_0,R3_1,R4_2,R5_3,32.129999999999995,2.24249906,-0.82459905
R1_0,R3_1,R4_2,R5_4,62.69999999999999,2.62711241,-0.61981659
R1_0,R3_1,R4_2,R5_5,0.5,2.3740322,-0.83768706
R1_0,R3_1,R4_2,R5_6,45.24000000000001,2.80906568,-0.67565151
R1_0,R3_1,R4_2,R5_7,51.26999999999998,2.61516722,-0.66150231
R1_0,R3_1,R4_2,R5_8,25.860000000000014,2.18786138,-0.86897856
R1_0,R3_1,R4_2,R5_9,42.79000000000002,3.04737086,-0.82960569
R1_0,R3_1,R4_2,R5_10,53.860000000000014,2.75731226,-1.06679526
R1_0,R3_1,R4_3,R5_0,38.64999999999998,2.03347184,-0.70911981
R1_0,R3_1,R4_3,R5_1,50.30000000000001,2.34021017,-0.65380188
R1_0,R3_1,R4_3,R5_2,40.79000000000002,2.52605447,-0.76892739
R1_0,R3_1,R4_3,R5_3,27.930000000000007,2.07232772,-0.67693038
R1_0,R3_1,R4_3,R5_4,43.910000000000025,2.33071388,-0.64468653
R1_0,R3_1,R4_3,R5_5,1.240000000000009,2.20429622,-0.71306526
R1_0,R3_1,R4_3,R5_6,54.22000000000003,2.39011331,-0.65418282
R1_0,R3_1,R4_3,R5_7,44.24000000000001,2.29308245,-0.67001904
R1_0,R3_1,R4_3,R5_8,77.12,2.05042367,-0.70073913
R1_0,R3_1,R4_3,R5_9,27.670000000000016,2.47079096,-0.8467752
R1_0,R3_1,R4_3,R5_10,53.73000000000002,2.2940348,-0.99626694
R1_0,R3_1,R4_4,R5_0,59.13,2.18075957,-0.65578821
R1_0,R3_1,R4_4,R5_1,49.48000000000002,2.5283129,-0.64876803
R1_0,R3_1,R4_4,R5_2,39.77999999999997,2.74618337,-0.67031835
R1_0,R3_1,R4_4,R5_3,26.769999999999985,2.20113986,-0.67625013
R1_0,R3_1,R4_4,R5_4,56.55000000000001,2.49342968,-0.55094808
R1_0,R3_1,R4_4,R5_5,16.189999999999998,2.34908063,-0.59385825
R1_0,R3_1,R4_4,R5_6,61.75,2.59290944,-0.60547692
R1_0,R3_1,R4_4,R5_7,55.170000000000016,2.35006019,-0.63532629
R1_0,R3_1,R4_4,R5_8,47.89999999999998,2.17227005,-0.66805992
R1_0,R3_1,R4_4,R5_9,46.72000000000003,2.78865818,-0.62030637
R1_0,R3_1,R4_4,R5_10,56.10000000000002,2.6045009,-0.87765855
R1_0,R3_1,R4_5,R5_0,39.99000000000001,2.09926562,-0.62550348
R1_0,R3_1,R4_5,R5_1,32.20999999999998,2.46975698,-0.72446625
R1_0,R3_1,R4_5,R5_2,9.050000000000011,2.71949036,-0.70852119
R1_0,R3_1,R4_5,R5_3,14.439999999999998,2.0371724,-0.7262349
R1_0,R3_1,R4_5,R5_4,38.93000000000001,2.4311732,-0.65399235
R1_0,R3_1,R4_5,R5_5,0.0199999999999818,2.12783612,-0.75951273
R1_0,R3_1,R4_5,R5_6,9.490000000000007,2.45285957,-0.5719542
R1_0,R3_1,R4_5,R5_7,34.89999999999998,2.35299887,-0.68416824
R1_0,R3_1,R4_5,R5_8,66.44999999999999,2.10204104,-0.73124154
R1_0,R3_1,R4_5,R5_9,49.51999999999998,2.50864007,-0.74903688
R1_0,R3_1,R4_5,R5_10,3.589999999999975,2.39220848,-1.01566767
R1_0,R3_1,R4_6,R5_0,60.75999999999999,2.278253,-0.60144984
R1_0,R3_1,R4_6,R5_1,64.32999999999998,2.66224052,-0.62482323
R1_0,R3_1,R4_6,R5_2,31.58999999999997,2.86677809,-0.71545974
R1_0,R3_1,R4_6,R5_3,31.639999999999983,2.20078613,-0.70607229
R1_0,R3_1,R4_6,R5_4,63.910000000000025,2.52202739,-0.61042914
R1_0,R3_1,R4_6,R5_5,3.920000000000016,2.3857325,-0.71611278
R1_0,R3_1,R4_6,R5_6,42.329999999999984,2.63519378,-0.60607554
R1_0,R3_1,R4_6,R5_7,56.80000000000001,2.46475034,-0.66539334
R1_0,R3_1,R4_6,R5_8,35.98000000000002,2.14595798,-0.68773275
R1_0,R3_1,R4_6,R5_9,56.589999999999975,2.67472991,-0.71162313
R1_0,R3_1,R4_6,R5_10,48.610000000000014,2.64879878,-0.82704795
R1_0,R3_1,R4_7,R5_0,13.810000000000002,1.99584041,-0.75891411
R1_0,R3_1,R4_7,R5_1,19.19999999999999,2.30870099,-0.69842628
R1_0,R3_1,R4_7,R5_2,41.120000000000005,2.48755232,-0.6846036
R1_0,R3_1,R4_7,R5_3,24.32,1.99442549,-0.76582545
R1_0,R3_1,R4_7,R5_4,8.029999999999973,2.26067534,-0.72019428
R1_0,R3_1,R4_7,R5_5,12.699999999999989,2.10514298,-0.79004235
R1_0,R3_1,R4_7,R5_6,12.699999999999989,2.10514298,-0.79004235
R1_0,R3_1,R4_7,R5_7,3.3100000000000023,2.20225547,-0.70849398
R1_0,R3_1,R4_7,R5_8,17.730000000000018,2.03643773,-0.74699613
R1_0,R3_1,R4_7,R5_9,42.99000000000001,2.47821929,-0.77662782
R1_0,R3_1,R4_7,R5_10,39.99000000000001,2.36600525,-0.91760283
R1_0,R3_2,R4_0,R5_0,29.32,2.11006799,-0.79755231
R1_0,R3_2,R4_0,R5_1,57.19999999999999,2.36698481,-0.77159397
R1_0,R3_2,R4_0,R5_2,44.360000000000014,2.54730548,-0.86051625
R1_0,R3_2,R4_0,R5_3,31.55000000000001,2.13009455,-0.7602474
R1_0,R3_2,R4_0,R5_4,52.24000000000001,2.29387154,-0.71578626
R1_0,R3_2,R4_0,R5_5,8.54000000000002,2.27052536,-0.7882737
R1_0,R3_2,R4_0,R5_6,44.94999999999999,2.41609886,-0.78100863
R1_0,R3_2,R4_0,R5_7,30.920000000000016,2.3133539,-0.77967534
R1_0,R3_2,R4_0,R5_8,52.31999999999999,2.12541443,-0.83273484
R1_0,R3_2,R4_0,R5_9,40.48000000000002,2.52711566,-0.859836
R1_0,R3_2,R4_0,R5_10,53.04000000000002,2.50308923,-0.95732943
R1_0,R3_2,R4_1,R5_0,58.80000000000001,2.31874148,-0.75047901
R1_0,R3_2,R4_1,R5_1,61.920000000000016,2.77053632,-0.76008414
R1_0,R3_2,R4_1,R5_2,41.88,2.94340145,-0.7496355
R1_0,R3_2,R4_1,R5_3,25.660000000000025,2.42213948,-0.81888495
R1_0,R3_2,R4_1,R5_4,48.04000000000002,2.6771516,-0.7352142
R1_0,R3_2,R4_1,R5_5,4.180000000000007,2.52134714,-0.8358912
R1_0,R3_2,R4_1,R5_6,60.55000000000001,2.73744896,-0.74060178
R1_0,R3_2,R4_1,R5_7,52.5,2.63249999,-0.76321329
R1_0,R3_2,R4_1,R5_8,39.829999999999984,2.3694065,-0.87556338
R1_0,R3_2,R4_1,R5_9,41.5,2.76133934,-0.76359423
R1_0,R3_2,R4_1,R5_10,57.079999999999984,2.79429065,-1.0715298
R1_0,R3_2,R4_2,R5_0,49.54000000000002,2.40156872,-0.82185084
R1_0,R3_2,R4_2,R5_1,58.72000000000003,2.88996101,-0.82435416
R1_0,R3_2,R4_2,R5_2,30.50999999999999,3.03942554,-0.90660999
R1_0,R3_2,R4_2,R5_3,23.879999999999995,2.35971974,-0.88788951
R1_0,R3_2,R4_2,R5_4,55.68000000000001,2.85227516,-0.71586789
R1_0,R3_2,R4_2,R5_5,10.339999999999977,2.63448632,-0.876162
R1_0,R3_2,R4_2,R5_6,46.13999999999999,2.77957004,-0.80655882
R1_0,R3_2,R4_2,R5_7,37.29000000000002,2.64471728,-0.88070607
R1_0,R3_2,R4_2,R5_8,37.81,2.31789797,-1.05702687
R1_0,R3_2,R4_2,R5_9,23.660000000000025,3.11694683,-0.89137239
R1_0,R3_2,R4_2,R5_10,46.29000000000002,2.79331109,-1.07542083
R1_0,R3_2,R4_3,R5_0,29.30000000000001,2.18592947,-0.79387896
R1_0,R3_2,R4_3,R5_1,55.06999999999999,2.43626147,-0.76476426
R1_0,R3_2,R4_3,R5_2,33.50999999999999,2.6189222,-0.86710107
R1_0,R3_2,R4_3,R5_3,6.439999999999998,2.27621225,-0.81191919
R1_0,R3_2,R4_3,R5_4,49.69,2.48978354,-0.72604443
R1_0,R3_2,R4_3,R5_5,13.29000000000002,2.32984316,-0.82835403
R1_0,R3_2,R4_3,R5_6,45.610000000000014,2.40657536,-0.80723907
R1_0,R3_2,R4_3,R5_7,35.360000000000014,2.43441119,-0.66041391
R1_0,R3_2,R4_3,R5_8,65.62,2.11697933,-0.89090982
R1_0,R3_2,R4_3,R5_9,29.69,2.64664919,-0.77572989
R1_0,R3_2,R4_3,R5_10,43.93000000000001,2.42856104,-1.18847838
R1_0,R3_2,R4_4,R5_0,52.49000000000001,2.38712021,-0.70076634
R1_0,R3_2,R4_4,R5_1,56.39999999999998,2.61176597,-0.66544776
R1_0,R3_2,R4_4,R5_2,17.20999999999998,2.80819496,-0.84979551
R1_0,R3_2,R4_4,R5_3,17.910000000000025,2.32788404,-0.75034296
R1_0,R3_2,R4_4,R5_4,55.579999999999984,2.54757758,-0.6522237
R1_0,R3_2,R4_4,R5_5,7.079999999999984,2.42543189,-0.78302217
R1_0,R3_2,R4_4,R5_6,42.77999999999997,2.69015798,-0.66999183
R1_0,R3_2,R4_4,R5_7,43.79000000000002,2.55356378,-0.72117384
R1_0,R3_2,R4_4,R5_8,47.13,2.24132903,-0.73573119
R1_0,R3_2,R4_4,R5_9,24.120000000000005,2.9242184,-0.76400238
R1_0,R3_2,R4_4,R5_10,48.01999999999998,2.59549439,-0.99248475
R1_0,R3_2,R4_5,R5_0,38.06999999999999,2.2170305,-0.66414168
R1_0,R3_2,R4_5,R5_1,31.870000000000005,2.58129077,-0.8228304
R1_0,R3_2,R4_5,R5_2,15.259999999999993,2.7732029,-0.87681504
R1_0,R3_2,R4_5,R5_3,5.279999999999973,2.20252757,-0.87474708
R1_0,R3_2,R4_5,R5_4,25.56,2.50771493,-0.7839201
R1_0,R3_2,R4_5,R5_5,8.649999999999977,2.35732526,-0.94222788
R1_0,R3_2,R4_5,R5_6,22.029999999999973,2.47468199,-0.78699483
R1_0,R3_2,R4_5,R5_7,26.33999999999997,2.52746939,-0.67793715
R1_0,R3_2,R4_5,R5_8,77.57999999999998,2.28663368,-0.88427058
R1_0,R3_2,R4_5,R5_9,45.38999999999999,2.72221136,-0.79104912
R1_0,R3_2,R4_5,R5_10,8.569999999999993,2.5925285,-1.07335287
R1_0,R3_2,R4_6,R5_0,45.870000000000005,2.30412971,-0.68493012
R1_0,R3_2,R4_6,R5_1,43.56,2.71619795,-0.77855973
R1_0,R3_2,R4_6,R5_2,30.600000000000023,2.85472406,-0.83575515
R1_0,R3_2,R4_6,R5_3,22.110000000000014,2.32793846,-0.76321329
R1_0,R3_2,R4_6,R5_4,33.43000000000001,2.7378299,-0.61913634
R1_0,R3_2,R4_6,R5_5,10.399999999999975,2.52697961,-0.78947094
R1_0,R3_2,R4_6,R5_6,48.27999999999997,2.65679852,-0.67121628
R1_0,R3_2,R4_6,R5_7,44.63999999999999,2.51174201,-0.75232929
R1_0,R3_2,R4_6,R5_8,49.14999999999998,2.31531302,-0.85839387
R1_0,R3_2,R4_6,R5_9,40.24000000000001,2.82550052,-0.83518374
R1_0,R3_2,R4_6,R5_10,48.39999999999998,2.67677066,-1.055748
R1_0,R3_2,R4_7,R5_0,27.33999999999997,2.0883272,-0.80745675
R1_0,R3_2,R4_7,R5_1,2.9599999999999795,2.37961025,-0.8288166
R1_0,R3_2,R4_7,R5_2,44.51999999999998,2.54648918,-0.8397006
R1_0,R3_2,R4_7,R5_3,18.920000000000016,2.03692751,-0.77393403
R1_0,R3_2,R4_7,R5_4,26.44999999999999,2.28663368,-0.7888179
R1_0,R3_2,R4_7,R5_5,25.149999999999977,2.25841691,-0.85839387
R1_0,R3_2,R4_7,R5_6,35.54000000000002,2.30012984,-0.83023152
R1_0,R3_2,R4_7,R5_7,5.670000000000016,2.30894588,-0.83951013
R1_0,R3_2,R4_7,R5_8,104.2,2.13910106,-0.86013531
R1_0,R3_2,R4_7,R5_9,12.009999999999993,2.61462302,-0.90748071
R1_0,R3_2,R4_7,R5_10,33.75999999999999,2.28320522,-1.04951691
R1_0,R3_3,R4_0,R5_0,36.98000000000002,1.64039618,-0.73622097
R1_0,R3_3,R4_0,R5_1,56.0,2.01420716,-0.85346886
R1_0,R3_3,R4_0,R5_2,52.5,2.13493793,-0.92361624
R1_0,R3_3,R4_0,R5_3,37.610000000000014,1.66725245,-0.78723972
R1_0,R3_3,R4_0,R5_4,49.360000000000014,1.96982765,-0.64724427
R1_0,R3_3,R4_0,R5_5,25.470000000000027,1.72341389,-0.84685683
R1_0,R3_3,R4_0,R5_6,48.610000000000014,2.00705093,-0.65287674
R1_0,R3_3,R4_0,R5_7,40.76999999999998,1.82471672,-0.75540402
R1_0,R3_3,R4_0,R5_8,29.529999999999973,1.73397137,-0.77336262
R1_0,R3_3,R4_0,R5_9,35.56,2.34472703,-0.70215405
R1_0,R3_3,R4_0,R5_10,55.839999999999975,2.04892712,-1.06674084
R1_0,R3_3,R4_1,R5_0,41.25,1.90591136,-0.68863068
R1_0,R3_3,R4_1,R5_1,37.70999999999998,2.4390641,-0.63823776
R1_0,R3_3,R4_1,R5_2,15.879999999999995,2.48817815,-0.91330365
R1_0,R3_3,R4_1,R5_3,25.04000000000002,1.9759499,-0.67924323
R1_0,R3_3,R4_1,R5_4,45.97000000000003,2.23624076,-0.69464409
R1_0,R3_3,R4_1,R5_5,3.550000000000012,2.25153278,-0.73556793
R1_0,R3_3,R4_1,R5_6,41.01999999999998,2.33272742,-0.74871036
R1_0,R3_3,R4_1,R5_7,30.350000000000023,2.25060764,-0.63921732
R1_0,R3_3,R4_1,R5_8,20.5,2.07279029,-0.80424597
R1_0,R3_3,R4_1,R5_9,30.81,2.63949296,-0.6729033
R1_0,R3_3,R4_1,R5_10,29.75999999999999,2.51674865,-0.83281647
R1_0,R3_3,R4_2,R5_0,43.01999999999998,2.19096332,-0.72881985
R1_0,R3_3,R4_2,R5_1,43.60000000000002,2.5664069,-0.86587662
R1_0,R3_3,R4_2,R5_2,26.680000000000007,2.68419899,-1.01319156
R1_0,R3_3,R4_2,R5_3,11.879999999999995,2.08163354,-0.83434023
R1_0,R3_3,R4_2,R5_4,46.73000000000002,2.4167519,-0.85444842
R1_0,R3_3,R4_2,R5_5,10.589999999999977,2.3228774,-0.76305003
R1_0,R3_3,R4_2,R5_6,30.25,2.54632592,-0.74699613
R1_0,R3_3,R4_2,R5_7,12.660000000000023,2.37220913,-0.80013726
R1_0,R3_3,R4_2,R5_8,35.5,1.92566582,-0.91349412
R1_0,R3_3,R4_2,R5_9,6.649999999999977,3.00628376,-0.79061376
R1_0,R3_3,R4_2,R5_10,20.25999999999999,2.5117148,-1.09691673
R1_0,R3_3,R4_3,R5_0,40.72000000000003,1.71519647,-0.78021954
R1_0,R3_3,R4_3,R5_1,55.27999999999997,1.93246832,-0.73733658
R1_0,R3_3,R4_3,R5_2,38.23000000000002,2.19814676,-0.82816356
R1_0,R3_3,R4_3,R5_3,39.60000000000002,1.7566373,-0.6609309
R1_0,R3_3,R4_3,R5_4,46.5,2.0317304,-0.63342159
R1_0,R3_3,R4_3,R5_5,14.259999999999993,1.85543681,-0.69752835
R1_0,R3_3,R4_3,R5_6,51.75999999999999,1.96980044,-0.71948682
R1_0,R3_3,R4_3,R5_7,40.18000000000001,1.93116224,-0.74378535
R1_0,R3_3,R4_3,R5_8,26.25,1.6706537,-0.81183756
R1_0,R3_3,R4_3,R5_9,23.430000000000007,2.29066076,-0.85735989
R1_0,R3_3,R4_3,R5_10,54.81999999999999,1.9022108,-1.11596373
R1_0,R3_3,R4_4,R5_0,42.13999999999999,1.89611576,-0.68512059
R1_0,R3_3,R4_4,R5_1,47.22000000000003,2.27615783,-0.66874017
R1_0,R3_3,R4_4,R5_2,11.569999999999991,2.48902166,-0.74100993
R1_0,R3_3,R4_4,R5_3,15.420000000000016,2.02011173,-0.70264383
R1_0,R3_3,R4_4,R5_4,40.56999999999999,2.09012306,-0.58874277
R1_0,R3_3,R4_4,R5_5,21.600000000000023,1.95167858,-0.68686203
R1_0,R3_3,R4_4,R5_6,63.610000000000014,2.20056845,-0.8211978
R1_0,R3_3,R4_4,R5_7,53.22000000000003,2.1032927,-0.76190721
R1_0,R3_3,R4_4,R5_8,43.94999999999999,1.84474328,-0.65940714
R1_0,R3_3,R4_4,R5_9,42.81,2.63530262,-0.78484524
R1_0,R3_3,R4_4,R5_10,39.74000000000001,2.16364448,-0.98481153
R1_0,R3_3,R4_5,R5_0,41.56,1.77309935,-0.75605706
R1_0,R3_3,R4_5,R5_1,36.04000000000002,2.19210614,-0.80557926
R1_0,R3_3,R4_5,R5_2,11.779999999999973,2.35071323,-0.78797439
R1_0,R3_3,R4_5,R5_3,5.490000000000009,1.8665657,-0.70697022
R1_0,R3_3,R4_5,R5_4,40.27999999999997,1.98903791,-0.68710692
R1_0,R3_3,R4_5,R5_5,8.050000000000011,1.97608595,-0.71186802
R1_0,R3_3,R4_5,R5_6,20.860000000000014,2.16557639,-0.74370372
R1_0,R3_3,R4_5,R5_7,27.55000000000001,2.0262884,-0.73741821
R1_0,R3_3,R4_5,R5_8,57.89999999999998,1.82996825,-0.81360621
R1_0,R3_3,R4_5,R5_9,37.660000000000025,2.32546235,-0.84876153
R1_0,R3_3,R4_5,R5_10,21.879999999999995,2.07967442,-1.00135521
R1_0,R3_3,R4_6,R5_0,36.870000000000005,1.90689092,-0.63758472
R1_0,R3_3,R4_6,R5_1,31.360000000000014,2.32086386,-0.72509208
R1_0,R3_3,R4_6,R5_2,11.310000000000002,2.51840846,-0.70362339
R1_0,R3_3,R4_6,R5_3,11.439999999999998,2.06332121,-0.63788403
R1_0,R3_3,R4_6,R5_4,27.74000000000001,2.36807321,-0.66604638
R1_0,R3_3,R4_6,R5_5,5.589999999999975,2.03975735,-0.72335064
R1_0,R3_3,R4_6,R5_6,16.45999999999998,2.29422527,-0.62144919
R1_0,R3_3,R4_6,R5_7,29.49000000000001,2.1332237,-0.7441935
R1_0,R3_3,R4_6,R5_8,37.54000000000002,1.87298726,-0.81417762
R1_0,R3_3,R4_6,R5_9,31.329999999999984,2.55976766,-0.77298168
R1_0,R3_3,R4_6,R5_10,38.089999999999975,2.30693234,-0.97577781
R1_0,R3_3,R4_7,R5_0,9.25,1.67829971,-0.76022019
R1_0,R3_3,R4_7,R5_1,11.829999999999984,1.94517539,-0.79518504
R1_0,R3_3,R4_7,R5_2,8.509999999999991,1.99034399,-0.92799705
R1_0,R3_3,R4_7,R5_3,12.29000000000002,1.70814908,-0.67597803
R1_0,R3_3,R4_7,R5_4,7.620000000000003,1.85426678,-0.72941847
R1_0,R3_3,R4_7,R5_5,30.25999999999999,1.72406693,-0.80059983
R1_0,R3_3,R4_7,R5_6,8.889999999999986,1.87304168,-0.73420743
R1_0,R3_3,R4_7,R5_7,17.529999999999973,1.79279939,-0.7580706
R1_0,R3_3,R4_7,R5_8,54.610000000000014,1.72591721,-0.74860152
R1_0,R3_3,R4_7,R5_9,36.410000000000025,2.12212202,-0.91714026
R1_0,R3_3,R4_7,R5_10,18.410000000000025,2.046968,-1.00290618
R1_0,R3_4,R4_0,R5_0,39.50999999999999,1.90128566,-0.68245401
R1_0,R3_4,R4_0,R5_1,62.620000000000005,2.14677428,-0.62319063
R1_0,R3_4,R4_0,R5_2,53.98000000000002,2.36426381,-0.68275332
R1_0,R3_4,R4_0,R5_3,14.529999999999973,1.91048264,-0.6247416
R1_0,R3_4,R4_0,R5_4,60.19999999999999,2.09110262,-0.6478701
R1_0,R3_4,R4_0,R5_5,15.45999999999998,2.03842406,-0.68816811
R1_0,R3_4,R4_0,R5_6,69.62,2.17727669,-0.60716394
R1_0,R3_4,R4_0,R5_7,51.95999999999998,1.96229048,-0.68245401
R1_0,R3_4,R4_0,R5_8,35.579999999999984,1.86319166,-0.63992478
R1_0,R3_4,R4_0,R5_9,37.27999999999997,2.43710498,-0.69717462
R1_0,R3_4,R4_0,R5_10,46.56999999999999,2.2232888,-0.98181843
R1_0,R3_4,R4_1,R5_0,47.10000000000002,2.28851117,-0.64142133
R1_0,R3_4,R4_1,R5_1,43.30000000000001,2.51348345,-0.639435
R1_0,R3_4,R4_1,R5_2,34.98000000000002,2.73467354,-0.70955517
R1_0,R3_4,R4_1,R5_3,23.30000000000001,2.1740387,-0.60362664
R1_0,R3_4,R4_1,R5_4,51.81,2.53522424,-0.56645778
R1_0,R3_4,R4_1,R5_5,1.9499999999999889,2.36780111,-0.68751507
R1_0,R3_4,R4_1,R5_6,33.51999999999998,2.59957589,-0.58879719
R1_0,R3_4,R4_1,R5_7,33.69999999999999,2.44496867,-0.62218386
R1_0,R3_4,R4_1,R5_8,28.58999999999997,2.23659449,-0.6696381
R1_0,R3_4,R4_1,R5_9,59.0,2.66232215,-0.68775996
R1_0,R3_4,R4_1,R5_10,57.360000000000014,2.5734815,-0.95517984
R1_0,R3_4,R4_2,R5_0,44.81,2.3100887,-0.715623
R1_0,R3_4,R4_2,R5_1,41.19,2.7166061,-0.68969187
R1_0,R3_4,R4_2,R5_2,13.5,2.95888394,-0.80318478
R1_0,R3_4,R4_2,R5_3,26.850000000000023,2.29134101,-0.71469786
R1_0,R3_4,R4_2,R5_4,40.410000000000025,2.60324924,-0.68122956
R1_0,R3_4,R4_2,R5_5,6.350000000000023,2.42469722,-0.77216538
R1_0,R3_4,R4_2,R5_6,41.60000000000002,2.66923349,-0.63548955
R1_0,R3_4,R4_2,R5_7,43.63,2.55340052,-0.69350127
R1_0,R3_4,R4_2,R5_8,33.98000000000002,2.16552197,-0.82016382
R1_0,R3_4,R4_2,R5_9,19.00999999999999,3.10995386,-0.81510276
R1_0,R3_4,R4_2,R5_10,32.70999999999998,2.66825393,-1.09422294
R1_0,R3_4,R4_3,R5_0,44.18000000000001,1.91861843,-0.64490421
R1_0,R3_4,R4_3,R5_1,56.870000000000005,2.24930156,-0.57660711
R1_0,R3_4,R4_3,R5_2,43.079999999999984,2.35454984,-0.73181295
R1_0,R3_4,R4_3,R5_3,32.77999999999997,1.99434386,-0.69671205
R1_0,R3_4,R4_3,R5_4,62.19999999999999,2.21196944,-0.65986971
R1_0,R3_4,R4_3,R5_5,16.370000000000005,2.09395967,-0.73483326
R1_0,R3_4,R4_3,R5_6,43.20999999999998,2.17899092,-0.69227682
R1_0,R3_4,R4_3,R5_7,55.13999999999999,1.96476659,-0.70599066
R1_0,R3_4,R4_3,R5_8,33.660000000000025,1.86313724,-0.75437004
R1_0,R3_4,R4_3,R5_9,40.829999999999984,2.47922606,-0.77798832
R1_0,R3_4,R4_3,R5_10,44.73000000000002,2.26693364,-1.00799445
R1_0,R3_4,R4_4,R5_0,54.610000000000014,2.11629908,-0.61383039
R1_0,R3_4,R4_4,R5_1,57.88999999999999,2.50540208,-0.54577818
R1_0,R3_4,R4_4,R5_2,30.69999999999999,2.68267523,-0.55712475
R1_0,R3_4,R4_4,R5_3,33.98000000000002,2.04868223,-0.64710822
R1_0,R3_4,R4_4,R5_4,50.44,2.43955388,-0.48164421
R1_0,R3_4,R4_4,R5_5,14.110000000000014,2.23515236,-0.612225
R1_0,R3_4,R4_4,R5_6,62.589999999999975,2.49163382,-0.46695081
R1_0,R3_4,R4_4,R5_7,42.81,2.29144985,-0.62640141
R1_0,R3_4,R4_4,R5_8,35.110000000000014,1.95660359,-0.66427773
R1_0,R3_4,R4_4,R5_9,36.98000000000002,2.77080842,-0.65393793
R1_0,R3_4,R4_4,R5_10,49.089999999999975,2.37724298,-0.92688144
R1_0,R3_4,R4_5,R5_0,46.30000000000001,1.92999221,-0.66952926
R1_0,R3_4,R4_5,R5_1,36.47000000000003,2.38494341,-0.60139542
R1_0,R3_4,R4_5,R5_2,12.420000000000016,2.53468004,-0.78435546
R1_0,R3_4,R4_5,R5_3,3.6100000000000136,2.04421979,-0.71257548
R1_0,R3_4,R4_5,R5_4,36.77999999999997,2.24483912,-0.69314754
R1_0,R3_4,R4_5,R5_5,15.519999999999982,2.1228839,-0.79676322
R1_0,R3_4,R4_5,R5_6,24.95999999999998,2.35465868,-0.62583
R1_0,R3_4,R4_5,R5_7,38.51999999999998,2.14462469,-0.70362339
R1_0,R3_4,R4_5,R5_8,57.35000000000002,1.95733826,-0.76092765
R1_0,R3_4,R4_5,R5_9,40.05000000000001,2.51451743,-0.78538944
R1_0,R3_4,R4_5,R5_10,9.160000000000023,2.30897309,-1.00091985
R1_0,R3_4,R4_6,R5_0,57.14999999999998,2.19210614,-0.63404742
R1_0,R3_4,R4_6,R5_1,44.589999999999975,2.60012009,-0.61791189
R1_0,R3_4,R4_6,R5_2,14.139999999999986,2.72972132,-0.66278118
R1_0,R3_4,R4_6,R5_3,8.819999999999993,2.15316863,-0.63176178
R1_0,R3_4,R4_6,R5_4,59.68000000000001,2.51753774,-0.56036274
R1_0,R3_4,R4_6,R5_5,10.25,2.33411513,-0.62542185
R1_0,R3_4,R4_6,R5_6,31.870000000000005,2.45789342,-0.6296394
R1_0,R3_4,R4_6,R5_7,52.50999999999999,2.41481999,-0.64523073
R1_0,R3_4,R4_6,R5_8,38.670000000000016,2.03396162,-0.63012918
R1_0,R3_4,R4_6,R5_9,33.30000000000001,2.82971807,-0.6462375
R1_0,R3_4,R4_6,R5_10,33.579999999999984,2.51092571,-0.90938541
R1_0,R3_4,R4_7,R5_0,6.189999999999998,1.88449709,-0.70267104
R1_0,R3_4,R4_7,R5_1,8.870000000000005,2.20990148,-0.65478144
R1_0,R3_4,R4_7,R5_2,19.24000000000001,2.20285409,-0.84103389
R1_0,R3_4,R4_7,R5_3,4.639999999999986,1.85021249,-0.7343979
R1_0,R3_4,R4_7,R5_4,9.360000000000014,2.00547275,-0.75679173
R1_0,R3_4,R4_7,R5_5,2.769999999999982,2.01320039,-0.73401696
R1_0,R3_4,R4_7,R5_6,0.0699999999999931,2.08693949,-0.66433215
R1_0,R3_4,R4_7,R5_7,7.850000000000023,2.10696605,-0.6369861
R1_0,R3_4,R4_7,R5_8,68.60000000000002,1.8559538,-0.61769421
R1_0,R3_4,R4_7,R5_9,27.75,2.2719947,-0.79085865
R1_0,R3_4,R4_7,R5_10,19.970000000000027,2.19501761,-1.0146609
R1_0,R3_5,R4_0,R5_0,26.329999999999984,1.84400861,-0.73801683
R1_0,R3_5,R4_0,R5_1,39.420000000000016,2.07962,-0.71692908
R1_0,R3_5,R4_0,R5_2,12.509999999999993,2.2352612,-0.84040806
R1_0,R3_5,R4_0,R5_3,24.79000000000002,1.77609245,-0.83213622
R1_0,R3_5,R4_0,R5_4,34.68000000000001,2.02892777,-0.75532239
R1_0,R3_5,R4_0,R5_5,3.329999999999984,1.88430662,-0.73028919
R1_0,R3_5,R4_0,R5_6,23.49000000000001,2.13782219,-0.66509403
R1_0,R3_5,R4_0,R5_7,41.160000000000025,2.03534933,-0.740112
R1_0,R3_5,R4_0,R5_8,38.13999999999999,1.89617018,-0.71853447
R1_0,R3_5,R4_0,R5_9,26.110000000000014,2.27126003,-0.85273419
R1_0,R3_5,R4_0,R5_10,36.95999999999998,2.18802464,-1.0361568
R1_0,R3_5,R4_1,R5_0,19.29000000000002,2.12685656,-0.69162378
R1_0,R3_5,R4_1,R5_1,4.480000000000018,2.48662718,-0.66645453
R1_0,R3_5,R4_1,R5_2,15.899999999999975,2.59301828,-0.72658863
R1_0,R3_5,R4_1,R5_3,34.74000000000001,2.11142849,-0.64550283
R1_0,R3_5,R4_1,R5_4,43.01999999999998,2.35493078,-0.7169835
R1_0,R3_5,R4_1,R5_5,7.889999999999986,2.23213205,-0.68446755
R1_0,R3_5,R4_1,R5_6,16.019999999999982,2.48502179,-0.61818399
R1_0,R3_5,R4_1,R5_7,21.079999999999984,2.30695955,-0.68033163
R1_0,R3_5,R4_1,R5_8,35.19999999999999,1.95039971,-0.84715614
R1_0,R3_5,R4_1,R5_9,23.50999999999999,2.70180386,-0.70484784
R1_0,R3_5,R4_1,R5_10,21.83999999999997,2.49108962,-0.95058135
R1_0,R3_5,R4_2,R5_0,40.94999999999999,2.14778105,-0.83730612
R1_0,R3_5,R4_2,R5_1,8.120000000000005,2.59451483,-0.8192931
R1_0,R3_5,R4_2,R5_2,9.420000000000016,2.797964,-0.83191854
R1_0,R3_5,R4_2,R5_3,22.100000000000023,2.13504677,-0.81104847
R1_0,R3_5,R4_2,R5_4,39.25999999999999,2.53927853,-0.69034491
R1_0,R3_5,R4_2,R5_5,9.839999999999977,2.32546235,-0.84726498
R1_0,R3_5,R4_2,R5_6,22.670000000000016,2.61878615,-0.74441118
R1_0,R3_5,R4_2,R5_7,31.670000000000016,2.44600265,-0.79001514
R1_0,R3_5,R4_2,R5_8,33.610000000000014,1.98675227,-0.92331693
R1_0,R3_5,R4_2,R5_9,10.54000000000002,3.00135875,-0.83621772
R1_0,R3_5,R4_2,R5_10,9.379999999999995,2.58194381,-1.05974787
R1_0,R3_5,R4_3,R5_0,31.05000000000001,1.74564446,-0.72520092
R1_0,R3_5,R4_3,R5_1,30.329999999999984,2.06106278,-0.77779785
R1_0,R3_5,R4_3,R5_2,23.610000000000014,2.24513843,-0.91139895
R1_0,R3_5,R4_3,R5_3,27.75999999999999,1.8766334,-0.72873822
R1_0,R3_5,R4_3,R5_4,47.0,2.03703635,-0.67532499
R1_0,R3_5,R4_3,R5_5,23.879999999999995,1.86569498,-0.8372517
R1_0,R3_5,R4_3,R5_6,18.50999999999999,2.12122409,-0.75499587
R1_0,R3_5,R4_3,R5_7,32.639999999999986,1.9729568,-0.72283365
R1_0,R3_5,R4_3,R5_8,47.30000000000001,1.76175278,-0.71219454
R1_0,R3_5,R4_3,R5_9,12.610000000000014,2.3141702,-0.8451426
R1_0,R3_5,R4_3,R5_10,22.99000000000001,2.14454306,-1.11386856
R1_0,R3_5,R4_4,R5_0,31.019999999999985,1.9084691,-0.70626276
R1_0,R3_5,R4_4,R5_1,32.920000000000016,2.33697218,-0.71023542
R1_0,R3_5,R4_4,R5_2,1.5299999999999727,2.51024546,-0.71619441
R1_0,R3_5,R4_4,R5_3,27.769999999999985,2.03153993,-0.61233384
R1_0,R3_5,R4_4,R5_4,44.93000000000001,2.32361207,-0.56920599
R1_0,R3_5,R4_4,R5_5,13.259999999999993,2.12013569,-0.73584003
R1_0,R3_5,R4_4,R5_6,32.089999999999975,2.31890474,-0.71203128
R1_0,R3_5,R4_4,R5_7,15.95999999999998,2.22494861,-0.61638813
R1_0,R3_5,R4_4,R5_8,50.35000000000002,1.95015482,-0.74386698
R1_0,R3_5,R4_4,R5_9,14.310000000000002,2.54787689,-0.82748331
R1_0,R3_5,R4_4,R5_10,29.56,2.36309378,-0.98421291
R1_0,R3_5,R4_5,R5_0,33.44999999999999,1.92474068,-0.72201735
R1_0,R3_5,R4_5,R5_1,2.240000000000009,2.3258705,-0.69200472
R1_0,R3_5,R4_5,R5_2,11.920000000000016,2.39291594,-0.89227032
R1_0,R3_5,R4_5,R5_3,7.399999999999977,2.02416602,-0.75749919
R1_0,R3_5,R4_5,R5_4,29.610000000000014,2.19507203,-0.61687791
R1_0,R3_5,R4_5,R5_5,7.589999999999975,2.00128241,-0.78144399
R1_0,R3_5,R4_5,R5_6,8.519999999999982,2.2243772,-0.68748786
R1_0,R3_5,R4_5,R5_7,10.939999999999998,2.09665346,-0.75230208
R1_0,R3_5,R4_5,R5_8,73.32,1.93290368,-0.78046443
R1_0,R3_5,R4_5,R5_9,17.129999999999995,2.3740322,-0.75994809
R1_0,R3_5,R4_5,R5_10,10.519999999999982,2.15169929,-0.96064905
R1_0,R3_5,R4_6,R5_0,24.0,2.1065579,-0.72065685
R1_0,R3_5,R4_6,R5_1,19.870000000000005,2.45155349,-0.8005182
R1_0,R3_5,R4_6,R5_2,22.81,2.57843372,-0.76397517
R1_0,R3_5,R4_6,R5_3,11.930000000000009,2.06367494,-0.67543383
R1_0,R3_5,R4_6,R5_4,19.58999999999997,2.35792388,-0.70931028
R1_0,R3_5,R4_6,R5_5,8.939999999999998,2.21637746,-0.78196098
R1_0,R3_5,R4_6,R5_6,5.899999999999977,2.4447782,-0.73556793
R1_0,R3_5,R4_6,R5_7,25.48000000000001,2.2358054,-0.72109221
R1_0,R3_5,R4_6,R5_8,42.47000000000003,1.94060411,-0.78440988
R1_0,R3_5,R4_6,R5_9,4.25,2.58961703,-0.7221534
R1_0,R3_5,R4_6,R5_10,7.240000000000009,2.43079226,-1.04252394
R1_0,R3_5,R4_7,R5_0,3.480000000000018,1.78488128,-0.69238566
R1_0,R3_5,R4_7,R5_1,18.69,2.12440766,-0.79295382
R1_0,R3_5,R4_7,R5_2,25.860000000000014,2.24494796,-0.86612151
R1_0,R3_5,R4_7,R5_3,15.20999999999998,1.79576528,-0.75856038
R1_0,R3_5,R4_7,R5_4,5.879999999999996,2.15137277,-0.73986711
R1_0,R3_5,R4_7,R5_5,29.610000000000014,1.86882413,-0.84353721
R1_0,R3_5,R4_7,R5_6,8.829999999999984,2.08745648,-0.66988299
R1_0,R3_5,R4_7,R5_7,12.649999999999975,1.93791032,-0.86650245
R1_0,R3_5,R4_7,R5_8,11.389999999999986,1.69620389,-0.78794718
R1_0,R3_5,R4_7,R5_9,41.75,2.22244529,-0.92971128
R1_0,R3_5,R4_7,R5_10,8.720000000000027,2.04979784,-1.0881279
R1_0,R3_6,R4_0,R5_0,34.23000000000002,2.00177219,-0.66765177
R1_0,R3_6,R4_0,R5_1,63.54000000000002,2.33966597,-0.57486567
R1_0,R3_6,R4_0,R5_2,35.889999999999986,2.42330951,-0.77026068
R1_0,R3_6,R4_0,R5_3,29.110000000000014,2.02231574,-0.636714
R1_0,R3_6,R4_0,R5_4,52.22000000000003,2.17684133,-0.6261021
R1_0,R3_6,R4_0,R5_5,17.5,2.09945609,-0.69584133
R1_0,R3_6,R4_0,R5_6,57.72000000000003,2.32048292,-0.65469981
R1_0,R3_6,R4_0,R5_7,36.19,2.14876061,-0.65635962
R1_0,R3_6,R4_0,R5_8,31.70999999999998,1.95393701,-0.76302282
R1_0,R3_6,R4_0,R5_9,42.47000000000003,2.46230144,-0.75793455
R1_0,R3_6,R4_0,R5_10,59.89999999999998,2.34265907,-1.01117802
R1_0,R3_6,R4_1,R5_0,53.13,2.20258199,-0.67350192
R1_0,R3_6,R4_1,R5_1,57.88,2.66746484,-0.64221042
R1_0,R3_6,R4_1,R5_2,33.120000000000005,2.82775895,-0.73975827
R1_0,R3_6,R4_1,R5_3,28.19999999999999,2.1209792,-0.73978548
R1_0,R3_6,R4_1,R5_4,64.00999999999999,2.55481544,-0.52572441
R1_0,R3_6,R4_1,R5_5,6.670000000000016,2.31044243,-0.70781373
R1_0,R3_6,R4_1,R5_6,37.50999999999999,2.53993157,-0.58792647
R1_0,R3_6,R4_1,R5_7,41.52999999999997,2.52877547,-0.65948877
R1_0,R3_6,R4_1,R5_8,43.13999999999999,2.13118295,-0.6797058
R1_0,R3_6,R4_1,R5_9,37.589999999999975,2.73959855,-0.64204716
R1_0,R3_6,R4_1,R5_10,39.38999999999999,2.62711241,-0.89605251
R1_0,R3_6,R4_2,R5_0,57.81,2.34372026,-0.80389224
R1_0,R3_6,R4_2,R5_1,49.19,2.82310604,-0.71831679
R1_0,R3_6,R4_2,R5_2,33.93000000000001,2.88329456,-0.77940324
R1_0,R3_6,R4_2,R5_3,23.160000000000025,2.38244009,-0.80721186
R1_0,R3_6,R4_2,R5_4,53.18000000000001,2.64381935,-0.65480865
R1_0,R3_6,R4_2,R5_5,7.9599999999999795,2.42145923,-0.80612346
R1_0,R3_6,R4_2,R5_6,45.88,2.77151588,-0.63660516
R1_0,R3_6,R4_2,R5_7,28.19,2.6298062,-0.65265906
R1_0,R3_6,R4_2,R5_8,35.110000000000014,2.22426836,-0.83556468
R1_0,R3_6,R4_2,R5_9,36.18000000000001,3.02421515,-0.86386308
R1_0,R3_6,R4_2,R5_10,38.52999999999997,2.71832033,-1.01028009
R1_0,R3_6,R4_3,R5_0,35.360000000000014,2.09085773,-0.68386893
R1_0,R3_6,R4_3,R5_1,53.75999999999999,2.3892698,-0.74996202
R1_0,R3_6,R4_3,R5_2,27.870000000000005,2.5024634,-0.74345883
R1_0,R3_6,R4_3,R5_3,26.73000000000001,1.98133748,-0.74860152
R1_0,R3_6,R4_3,R5_4,54.920000000000016,2.20337108,-0.72691515
R1_0,R3_6,R4_3,R5_5,9.089999999999977,2.14103297,-0.71298363
R1_0,R3_6,R4_3,R5_6,31.579999999999984,2.36257679,-0.5733147
R1_0,R3_6,R4_3,R5_7,42.73000000000002,2.24160113,-0.6244695
R1_0,R3_6,R4_3,R5_8,58.29000000000002,1.97200445,-0.70090239
R1_0,R3_6,R4_3,R5_9,21.44999999999999,2.59859633,-0.65410119
R1_0,R3_6,R4_3,R5_10,52.370000000000005,2.24562821,-1.07177469
R1_0,R3_6,R4_4,R5_0,47.370000000000005,2.15493728,-0.62384367
R1_0,R3_6,R4_4,R5_1,63.089999999999975,2.53432631,-0.60498714
R1_0,R3_6,R4_4,R5_2,48.44999999999999,2.68988588,-0.6446049
R1_0,R3_6,R4_4,R5_3,28.73000000000001,2.21681282,-0.69369174
R1_0,R3_6,R4_4,R5_4,70.82999999999998,2.42839778,-0.58613061
R1_0,R3_6,R4_4,R5_5,18.029999999999973,2.3786579,-0.66914832
R1_0,R3_6,R4_4,R5_6,48.910000000000025,2.51236784,-0.5942664
R1_0,R3_6,R4_4,R5_7,35.829999999999984,2.41016708,-0.59551806
R1_0,R3_6,R4_4,R5_8,50.620000000000005,2.03728124,-0.68585526
R1_0,R3_6,R4_4,R5_9,26.670000000000016,2.86748555,-0.62436066
R1_0,R3_6,R4_4,R5_10,46.45999999999998,2.5443668,-0.84865269
R1_0,R3_6,R4_5,R5_0,32.20999999999998,2.0643824,-0.6745359
R1_0,R3_6,R4_5,R5_1,18.350000000000023,2.39555531,-0.6614751
R1_0,R3_6,R4_5,R5_2,0.6899999999999977,2.60373902,-0.70394991
R1_0,R3_6,R4_5,R5_3,0.0299999999999727,2.11488416,-0.74645193
R1_0,R3_6,R4_5,R5_4,25.889999999999983,2.37386894,-0.568689
R1_0,R3_6,R4_5,R5_5,19.329999999999984,2.26358681,-0.68620899
R1_0,R3_6,R4_5,R5_6,3.470000000000028,2.4502202,-0.63755751
R1_0,R3_6,R4_5,R5_7,22.80000000000001,2.26353239,-0.71409924
R1_0,R3_6,R4_5,R5_8,65.92000000000002,2.04449189,-0.62395251
R1_0,R3_6,R4_5,R5_9,31.44999999999999,2.51046314,-0.68672598
R1_0,R3_6,R4_5,R5_10,13.990000000000007,2.35400564,-0.90897726
R1_0,R3_6,R4_6,R5_0,49.79000000000002,2.34363863,-0.59924583
R1_0,R3_6,R4_6,R5_1,61.04000000000002,2.5438226,-0.65445492
R1_0,R3_6,R4_6,R5_2,13.79000000000002,2.86103678,-0.60346338
R1_0,R3_6,R4_6,R5_3,11.939999999999998,2.25139673,-0.59306916
R1_0,R3_6,R4_6,R5_4,39.20999999999998,2.55024416,-0.53388741
R1_0,R3_6,R4_6,R5_5,19.95999999999998,2.31218387,-0.66123021
R1_0,R3_6,R4_6,R5_6,36.31,2.45800226,-0.609504
R1_0,R3_6,R4_6,R5_7,50.00999999999999,2.40516044,-0.66816876
R1_0,R3_6,R4_6,R5_8,40.95999999999998,2.04411095,-0.70231731
R1_0,R3_6,R4_6,R5_9,37.44999999999999,2.75314913,-0.70721511
R1_0,R3_6,R4_6,R5_10,25.269999999999985,2.50983731,-0.95131602
R1_0,R3_6,R4_7,R5_0,7.990000000000009,1.95434516,-0.73377207
R1_0,R3_6,R4_7,R5_1,8.389999999999986,2.25256676,-0.68109351
R1_0,R3_6,R4_7,R5_2,32.74000000000001,2.3585225,-0.79790604
R1_0,R3_6,R4_7,R5_3,1.8899999999999864,2.07597386,-0.77216538
R1_0,R3_6,R4_7,R5_4,4.1200000000000045,2.17153538,-0.71197686
R1_0,R3_6,R4_7,R5_5,36.610000000000014,2.12138735,-0.73110549
R1_0,R3_6,R4_7,R5_6,26.879999999999995,2.10160568,-0.71352783
R1_0,R3_6,R4_7,R5_7,0.8600000000000136,2.16655595,-0.65970645
R1_0,R3_6,R4_7,R5_8,10.660000000000023,2.01083312,-0.74054736
R1_0,R3_6,R4_7,R5_9,29.69,2.32850987,-0.77298168
R1_0,R3_6,R4_7,R5_10,16.420000000000016,2.2621991,-0.8739852
R1_0,R3_7,R4_0,R5_0,3.850000000000023,1.63933499,-0.6761685
R1_0,R3_7,R4_0,R5_1,10.600000000000025,1.88623853,-0.79485852
R1_0,R3_7,R4_0,R5_2,29.910000000000025,2.15980787,-0.75981204
R1_0,R3_7,R4_0,R5_3,5.5400000000000205,1.61558066,-0.86304678
R1_0,R3_7,R4_0,R5_4,4.269999999999982,1.80392828,-0.78753903
R1_0,R3_7,R4_0,R5_5,10.009999999999993,1.72499207,-0.77387961
R1_0,R3_7,R4_0,R5_6,9.949999999999989,1.85538239,-0.85172742
R1_0,R3_7,R4_0,R5_7,17.0,1.88368079,-0.72745935
R1_0,R3_7,R4_0,R5_8,39.170000000000016,1.67182373,-0.82176921
R1_0,R3_7,R4_0,R5_9,41.80000000000001,2.20320782,-0.78400173
R1_0,R3_7,R4_0,R5_10,13.310000000000002,1.89361244,-1.12801776
R1_0,R3_7,R4_1,R5_0,9.649999999999975,1.96577336,-0.69559644
R1_0,R3_7,R4_1,R5_1,39.04000000000002,2.36067209,-0.7099089
R1_0,R3_7,R4_1,R5_2,34.19999999999999,2.47748462,-0.87341379
R1_0,R3_7,R4_1,R5_3,6.5,2.02745843,-0.64253694
R1_0,R3_7,R4_1,R5_4,8.160000000000025,2.27014442,-0.64286346
R1_0,R3_7,R4_1,R5_5,68.94,2.02808426,-0.71543253
R1_0,R3_7,R4_1,R5_6,14.110000000000014,2.32829219,-0.65293116
R1_0,R3_7,R4_1,R5_7,56.05000000000001,2.22483977,-0.68876673
R1_0,R3_7,R4_1,R5_8,48.0,1.88651063,-0.68025
R1_0,R3_7,R4_1,R5_9,26.899999999999977,2.57035235,-0.75869643
R1_0,R3_7,R4_1,R5_10,79.75999999999999,2.46235586,-0.97406358
R1_0,R3_7,R4_2,R5_0,15.569999999999991,2.03371673,-0.83692518
R1_0,R3_7,R4_2,R5_1,51.370000000000005,2.44728152,-0.85050297
R1_0,R3_7,R4_2,R5_2,76.14999999999998,2.60414717,-0.91673211
R1_0,R3_7,R4_2,R5_3,20.70999999999998,1.91230571,-0.92396997
R1_0,R3_7,R4_2,R5_4,48.52999999999997,2.34418283,-0.70955517
R1_0,R3_7,R4_2,R5_5,23.769999999999985,2.22200993,-0.79113075
R1_0,R3_7,R4_2,R5_6,69.13,2.48510342,-0.72566349
R1_0,R3_7,R4_2,R5_7,31.69,2.22522071,-0.89316825
R1_0,R3_7,R4_2,R5_8,50.120000000000005,1.85979041,-0.93977898
R1_0,R3_7,R4_2,R5_9,87.01999999999998,2.917688,-0.81885774
R1_0,R3_7,R4_2,R5_10,52.56,2.52268043,-1.10181453
R1_0,R3_7,R4_3,R5_0,31.56,1.66782386,-0.70313361
R1_0,R3_7,R4_3,R5_1,6.8700000000000045,1.840172,-0.8922159
R1_0,R3_7,R4_3,R5_2,4.990000000000009,2.13657053,-0.80065425
R1_0,R3_7,R4_3,R5_3,3.089999999999975,1.67147,-0.86895135
R1_0,R3_7,R4_3,R5_4,3.4399999999999977,1.92365228,-0.7738524
R1_0,R3_7,R4_3,R5_5,25.19999999999999,1.8028943,-0.73208505
R1_0,R3_7,R4_3,R5_6,3.879999999999996,2.02400276,-0.69061701
R1_0,R3_7,R4_3,R5_7,23.49000000000001,1.85228045,-0.70843956
R1_0,R3_7,R4_3,R5_8,58.24000000000001,1.70787698,-0.6968481
R1_0,R3_7,R4_3,R5_9,29.54000000000002,2.15382167,-0.91607907
R1_0,R3_7,R4_3,R5_10,16.439999999999998,1.84458002,-1.15683315
R1_0,R3_7,R4_4,R5_0,14.579999999999984,1.79522108,-0.67510731
R1_0,R3_7,R4_4,R5_1,15.560000000000002,2.11991801,-0.62479602
R1_0,R3_7,R4_4,R5_2,52.75999999999999,2.30135429,-0.82223178
R1_0,R3_7,R4_4,R5_3,13.850000000000025,1.92621002,-0.68125677
R1_0,R3_7,R4_4,R5_4,6.720000000000027,2.17752158,-0.57679758
R1_0,R3_7,R4_4,R5_5,3.2900000000000205,1.94906642,-0.71265711
R1_0,R3_7,R4_4,R5_6,0.339999999999975,2.2213841,-0.65461818
R1_0,R3_7,R4_4,R5_7,31.410000000000025,2.06971556,-0.74860152
R1_0,R3_7,R4_4,R5_8,49.93000000000001,1.64532119,-0.83556468
R1_0,R3_7,R4_4,R5_9,12.279999999999973,2.51944244,-0.88944048
R1_0,R3_7,R4_4,R5_10,6.449999999999989,2.14454306,-1.02750402
R1_0,R3_7,R4_5,R5_0,10.259999999999993,1.84945061,-0.69072585
R1_0,R3_7,R4_5,R5_1,25.79000000000002,2.06775644,-0.82351065
R1_0,R3_7,R4_5,R5_2,17.75,2.27838905,-0.81921147
R1_0,R3_7,R4_5,R5_3,0.3000000000000113,1.83562793,-0.71404482
R1_0,R3_7,R4_5,R5_4,11.889999999999986,1.96917461,-0.77687271
R1_0,R3_7,R4_5,R5_5,31.30000000000001,1.96011368,-0.77061441
R1_0,R3_7,R4_5,R5_6,39.160000000000025,2.11300667,-0.70977285
R1_0,R3_7,R4_5,R5_7,14.70999999999998,1.87562663,-0.80691255
R1_0,R3_7,R4_5,R5_8,12.220000000000027,1.71321014,-0.81564696
R1_0,R3_7,R4_5,R5_9,42.55000000000001,2.3038304,-0.8296329
R1_0,R3_7,R4_5,R5_10,25.360000000000014,1.98694274,-1.07566572
R1_0,R3_7,R4_6,R5_0,15.019999999999982,1.9841129,-0.62604768
R1_0,R3_7,R4_6,R5_1,20.019999999999985,2.24875736,-0.82277598
R1_0,R3_7,R4_6,R5_2,53.26999999999998,2.45781179,-0.86353656
R1_0,R3_7,R4_6,R5_3,10.439999999999998,1.89110912,-0.72481998
R1_0,R3_7,R4_6,R5_4,3.0299999999999727,2.25041717,-0.60490551
R1_0,R3_7,R4_6,R5_5,28.55000000000001,2.0654708,-0.71132382
R1_0,R3_7,R4_6,R5_6,53.110000000000014,2.35969253,-0.66237303
R1_0,R3_7,R4_6,R5_7,25.870000000000005,2.1835622,-0.64648239
R1_0,R3_7,R4_6,R5_8,52.38,1.84520585,-0.70525599
R1_0,R3_7,R4_6,R5_9,32.74000000000001,2.6142965,-0.70903818
R1_0,R3_7,R4_6,R5_10,25.54000000000002,2.35033229,-1.04761221
R1_0,R3_7,R4_7,R5_0,4.170000000000016,1.54135178,-0.93686751
R1_0,R3_7,R4_7,R5_1,10.0,1.76175278,-0.85591776
R1_0,R3_7,R4_7,R5_2,20.329999999999984,1.93448186,-1.03430652
R1_0,R3_7,R4_7,R5_3,13.970000000000027,1.66627289,-0.8187489
R1_0,R3_7,R4_7,R5_4,7.529999999999973,1.74882803,-0.80201475
R1_0,R3_7,R4_7,R5_5,6.720000000000027,1.67737457,-0.91156221
R1_0,R3_7,R4_7,R5_6,17.519999999999982,1.8548654,-0.87686946
R1_0,R3_7,R4_7,R5_7,13.45999999999998,1.79016002,-0.83069409
R1_0,R3_7,R4_7,R5_8,15.680000000000009,1.72880147,-0.74737707
R1_0,R3_7,R4_7,R5_9,39.44999999999999,1.98117422,-1.01664723
R1_0,R3_7,R4_7,R5_10,18.970000000000027,1.74588935,-1.09188288
R1_1,R3_0,R4_0,R5_0,47.870000000000005,1.71399923,-0.52711212
R1_1,R3_0,R4_0,R5_1,71.94999999999999,2.02685981,-0.51013308
R1_1,R3_0,R4_0,R5_2,59.579999999999984,2.21011916,-0.59587179
R1_1,R3_0,R4_0,R5_3,45.95999999999998,1.77342587,-0.53845869
R1_1,R3_0,R4_0,R5_4,65.72000000000003,1.99725533,-0.56398167
R1_1,R3_0,R4_0,R5_5,24.19999999999999,1.87070162,-0.60822513
R1_1,R3_0,R4_0,R5_6,71.58999999999997,2.03368952,-0.49625598
R1_1,R3_0,R4_0,R5_7,52.120000000000005,1.94359721,-0.60580344
R1_1,R3_0,R4_0,R5_8,20.649999999999977,1.750379,-0.50382036
R1_1,R3_0,R4_0,R5_9,42.20999999999998,2.29770815,-0.60261987
R1_1,R3_0,R4_0,R5_10,69.98000000000002,2.07357938,-0.90674604
R1_1,R3_0,R4_1,R5_0,60.76999999999998,2.02715912,-0.45571308
R1_1,R3_0,R4_1,R5_1,64.80000000000001,2.43792128,-0.45745452
R1_1,R3_0,R4_1,R5_2,54.370000000000005,2.65263539,-0.51750699
R1_1,R3_0,R4_1,R5_3,29.33999999999997,2.09752418,-0.48556245
R1_1,R3_0,R4_1,R5_4,65.42000000000002,2.41721447,-0.49816068
R1_1,R3_0,R4_1,R5_5,0.4800000000000182,2.23240415,-0.57565476
R1_1,R3_0,R4_1,R5_6,55.19,2.51783705,-0.5110038
R1_1,R3_0,R4_1,R5_7,51.56999999999999,2.30132708,-0.46107345
R1_1,R3_0,R4_1,R5_8,29.23000000000001,2.14095134,-0.59225286
R1_1,R3_0,R4_1,R5_9,60.829999999999984,2.61712634,-0.52741143
R1_1,R3_0,R4_1,R5_10,55.410000000000025,2.46216539,-0.73535025
R1_1,R3_0,R4_2,R5_0,56.00999999999999,2.13907385,-0.52972428
R1_1,R3_0,R4_2,R5_1,58.910000000000025,2.65739714,-0.61236105
R1_1,R3_0,R4_2,R5_2,45.420000000000016,2.80141967,-0.59823906
R1_1,R3_0,R4_2,R5_3,26.160000000000025,2.20938449,-0.66318933
R1_1,R3_0,R4_2,R5_4,60.44,2.49340247,-0.49432407
R1_1,R3_0,R4_2,R5_5,5.480000000000018,2.35827761,-0.65728476
R1_1,R3_0,R4_2,R5_6,56.920000000000016,2.65007765,-0.62757144
R1_1,R3_0,R4_2,R5_7,49.339999999999975,2.49468134,-0.63132642
R1_1,R3_0,R4_2,R5_8,26.04000000000002,2.07246377,-0.61987101
R1_1,R3_0,R4_2,R5_9,39.99000000000001,3.02157578,-0.61429296
R1_1,R3_0,R4_2,R5_10,47.22000000000003,2.68033517,-0.944187
R1_1,R3_0,R4_3,R5_0,50.02999999999997,1.84248485,-0.5569887
R1_1,R3_0,R4_3,R5_1,75.86000000000001,2.01915938,-0.59331405
R1_1,R3_0,R4_3,R5_2,60.76999999999998,2.28459293,-0.61176243
R1_1,R3_0,R4_3,R5_3,17.589999999999975,1.84569563,-0.57334191
R1_1,R3_0,R4_3,R5_4,65.00999999999999,1.98065723,-0.54675774
R1_1,R3_0,R4_3,R5_5,25.95999999999998,1.85796734,-0.5458326
R1_1,R3_0,R4_3,R5_6,64.31,2.10195941,-0.56915157
R1_1,R3_0,R4_3,R5_7,52.49000000000001,2.00930936,-0.62977545
R1_1,R3_0,R4_3,R5_8,59.73000000000002,1.75130414,-0.62251038
R1_1,R3_0,R4_3,R5_9,39.70999999999998,2.38388222,-0.66669942
R1_1,R3_0,R4_3,R5_10,66.19,2.12462534,-0.86633919
R1_1,R3_0,R4_4,R5_0,63.579999999999984,1.95820898,-0.42491136
R1_1,R3_0,R4_4,R5_1,71.85000000000002,2.34652289,-0.43680213
R1_1,R3_0,R4_4,R5_2,57.95999999999998,2.47791998,-0.48414753
R1_1,R3_0,R4_4,R5_3,24.079999999999984,1.92218294,-0.4552233
R1_1,R3_0,R4_4,R5_4,73.36000000000001,2.25517892,-0.40104819
R1_1,R3_0,R4_4,R5_5,24.470000000000027,2.07638201,-0.47067858
R1_1,R3_0,R4_4,R5_6,68.36000000000001,2.35357028,-0.3450228
R1_1,R3_0,R4_4,R5_7,54.329999999999984,2.261927,-0.48920859
R1_1,R3_0,R4_4,R5_8,39.88999999999999,1.87924556,-0.59312358
R1_1,R3_0,R4_4,R5_9,47.74000000000001,2.79755585,-0.59600784
R1_1,R3_0,R4_4,R5_10,59.76999999999998,2.35465868,-0.86424402
R1_1,R3_0,R4_5,R5_0,52.38999999999999,1.89529946,-0.585015
R1_1,R3_0,R4_5,R5_1,35.79000000000002,2.22070385,-0.51097659
R1_1,R3_0,R4_5,R5_2,19.69999999999999,2.34989693,-0.63804729
R1_1,R3_0,R4_5,R5_3,11.0,1.93113503,-0.5099154
R1_1,R3_0,R4_5,R5_4,52.22000000000003,2.25436262,-0.54278508
R1_1,R3_0,R4_5,R5_5,7.1200000000000045,2.11357808,-0.59584458
R1_1,R3_0,R4_5,R5_6,18.94999999999999,2.20775189,-0.49598388
R1_1,R3_0,R4_5,R5_7,42.329999999999984,2.11945544,-0.6002526
R1_1,R3_0,R4_5,R5_8,55.89999999999998,1.89742184,-0.62748981
R1_1,R3_0,R4_5,R5_9,51.43000000000001,2.40165035,-0.56520612
R1_1,R3_0,R4_5,R5_10,4.470000000000027,2.27354567,-0.76345818
R1_1,R3_0,R4_6,R5_0,58.81999999999999,2.10179615,-0.51818724
R1_1,R3_0,R4_6,R5_1,63.95999999999998,2.54295188,-0.53772402
R1_1,R3_0,R4_6,R5_2,50.589999999999975,2.66104328,-0.50330337
R1_1,R3_0,R4_6,R5_3,28.269999999999985,1.99377245,-0.48308634
R1_1,R3_0,R4_6,R5_4,59.05000000000001,2.310905,-0.43919661
R1_1,R3_0,R4_6,R5_5,7.550000000000011,2.183018,-0.4794402
R1_1,R3_0,R4_6,R5_6,43.00999999999999,2.41092896,-0.43677492
R1_1,R3_0,R4_6,R5_7,51.70999999999998,2.34772013,-0.56700198
R1_1,R3_0,R4_6,R5_8,34.44999999999999,2.07121211,-0.61769421
R1_1,R3_0,R4_6,R5_9,51.910000000000025,2.69584487,-0.61597998
R1_1,R3_0,R4_6,R5_10,48.52999999999997,2.5125311,-0.87112815
R1_1,R3_0,R4_7,R5_0,7.339999999999975,1.78313984,-0.60482388
R1_1,R3_0,R4_7,R5_1,17.060000000000002,2.07602828,-0.56041716
R1_1,R3_0,R4_7,R5_2,17.019999999999982,2.21245922,-0.69975957
R1_1,R3_0,R4_7,R5_3,1.7099999999999795,1.85769524,-0.6048783
R1_1,R3_0,R4_7,R5_4,4.019999999999982,1.98604481,-0.59655204
R1_1,R3_0,R4_7,R5_5,14.79000000000002,1.9079249,-0.63674121
R1_1,R3_0,R4_7,R5_6,18.139999999999983,2.07379706,-0.631272
R1_1,R3_0,R4_7,R5_7,1.3000000000000114,1.9563587,-0.53149293
R1_1,R3_0,R4_7,R5_8,6.569999999999993,1.78939814,-0.60849723
R1_1,R3_0,R4_7,R5_9,44.81999999999999,2.35125743,-0.77855973
R1_1,R3_0,R4_7,R5_10,8.670000000000016,1.96063067,-0.90484134
R1_1,R3_1,R4_0,R5_0,45.10000000000002,2.11730585,-0.43043499
R1_1,R3_1,R4_0,R5_1,67.62,2.52306137,-0.51824166
R1_1,R3_1,R4_0,R5_2,58.79000000000002,2.69494694,-0.61747653
R1_1,R3_1,R4_0,R5_3,6.699999999999989,2.21841821,-0.48790251
R1_1,R3_1,R4_0,R5_4,65.88,2.31441509,-0.38624595
R1_1,R3_1,R4_0,R5_5,10.0,2.24247185,-0.45998505
R1_1,R3_1,R4_0,R5_6,68.61000000000001,2.43351326,-0.40102098
R1_1,R3_1,R4_0,R5_7,47.5,2.37030443,-0.50569785
R1_1,R3_1,R4_0,R5_8,66.82999999999998,2.14511447,-0.58632108
R1_1,R3_1,R4_0,R5_9,47.45999999999998,2.58183497,-0.5110038
R1_1,R3_1,R4_0,R5_10,66.75,2.45027462,-0.73545909
R1_1,R3_1,R4_1,R5_0,68.25999999999999,2.4760697,-0.52063614
R1_1,R3_1,R4_1,R5_1,80.07999999999998,2.83374515,-0.39062676
R1_1,R3_1,R4_1,R5_2,66.56,3.03708548,-0.59823906
R1_1,R3_1,R4_1,R5_3,41.75,2.35805993,-0.44964525
R1_1,R3_1,R4_1,R5_4,73.63999999999999,2.74133999,-0.4658352
R1_1,R3_1,R4_1,R5_5,1.490000000000009,2.51141549,-0.44967246
R1_1,R3_1,R4_1,R5_6,59.410000000000025,2.87926748,-0.48888207
R1_1,R3_1,R4_1,R5_7,63.06999999999999,2.64771038,-0.39337497
R1_1,R3_1,R4_1,R5_8,54.829999999999984,2.57715485,-0.56384562
R1_1,R3_1,R4_1,R5_9,64.37,3.02130368,-0.57900159
R1_1,R3_1,R4_1,R5_10,54.329999999999984,2.72887781,-0.75227487
R1_1,R3_1,R4_2,R5_0,67.48000000000002,2.48303546,-0.50343942
R1_1,R3_1,R4_2,R5_1,76.57999999999998,2.95485686,-0.47729061
R1_1,R3_1,R4_2,R5_2,59.860000000000014,3.08951915,-0.65380188
R1_1,R3_1,R4_2,R5_3,34.629999999999995,2.38426316,-0.57407658
R1_1,R3_1,R4_2,R5_4,71.68,2.73818363,-0.44700588
R1_1,R3_1,R4_2,R5_5,3.25,2.63739779,-0.53078547
R1_1,R3_1,R4_2,R5_6,67.51999999999998,2.87521319,-0.44594469
R1_1,R3_1,R4_2,R5_7,59.74000000000001,2.78588276,-0.57600849
R1_1,R3_1,R4_2,R5_8,20.19,2.29825235,-0.63587049
R1_1,R3_1,R4_2,R5_9,51.38999999999999,3.16987028,-0.53954709
R1_1,R3_1,R4_2,R5_10,58.02999999999997,2.9253068,-0.93757497
R1_1,R3_1,R4_3,R5_0,43.670000000000016,2.11877519,-0.47514102
R1_1,R3_1,R4_3,R5_1,64.52999999999997,2.5288571,-0.52202385
R1_1,R3_1,R4_3,R5_2,41.30000000000001,2.58779396,-0.56311095
R1_1,R3_1,R4_3,R5_3,1.0600000000000025,2.131319,-0.47935857
R1_1,R3_1,R4_3,R5_4,47.160000000000025,2.47481804,-0.3953613
R1_1,R3_1,R4_3,R5_5,2.5299999999999727,2.29542251,-0.59649762
R1_1,R3_1,R4_3,R5_6,53.370000000000005,2.51185085,-0.56414493
R1_1,R3_1,R4_3,R5_7,44.63999999999999,2.41098338,-0.49318125
R1_1,R3_1,R4_3,R5_8,75.33999999999997,2.05679081,-0.51448668
R1_1,R3_1,R4_3,R5_9,28.44999999999999,2.66615876,-0.53010522
R1_1,R3_1,R4_3,R5_10,47.10000000000002,2.48292662,-0.67396449
R1_1,R3_1,R4_4,R5_0,58.89999999999998,2.38434479,-0.4995756
R1_1,R3_1,R4_4,R5_1,81.07999999999998,2.72727242,-0.37571568
R1_1,R3_1,R4_4,R5_2,65.25999999999999,2.95591805,-0.51796956
R1_1,R3_1,R4_4,R5_3,21.660000000000025,2.31403415,-0.5403906
R1_1,R3_1,R4_4,R5_4,73.22000000000003,2.58172613,-0.35275044
R1_1,R3_1,R4_4,R5_5,14.009999999999993,2.45544452,-0.42795888
R1_1,R3_1,R4_4,R5_6,73.69999999999999,2.81140574,-0.42782283
R1_1,R3_1,R4_4,R5_7,59.14999999999998,2.58074657,-0.46112787
R1_1,R3_1,R4_4,R5_8,46.870000000000005,2.33275463,-0.52667676
R1_1,R3_1,R4_4,R5_9,53.77999999999997,3.01186181,-0.533316
R1_1,R3_1,R4_4,R5_10,61.660000000000025,2.81306555,-0.7583427
R1_1,R3_1,R4_5,R5_0,41.30000000000001,2.19213335,-0.45288324
R1_1,R3_1,R4_5,R5_1,26.50999999999999,2.62401047,-0.5420232
R1_1,R3_1,R4_5,R5_2,1.5600000000000025,2.83284722,-0.62397972
R1_1,R3_1,R4_5,R5_3,6.410000000000025,2.28494666,-0.57472962
R1_1,R3_1,R4_5,R5_4,30.50999999999999,2.57361755,-0.49320846
R1_1,R3_1,R4_5,R5_5,8.990000000000009,2.38649438,-0.57173652
R1_1,R3_1,R4_5,R5_6,6.970000000000027,2.51786426,-0.45432537
R1_1,R3_1,R4_5,R5_7,33.69,2.400698,-0.46265163
R1_1,R3_1,R4_5,R5_8,65.41000000000003,2.2268261,-0.53810496
R1_1,R3_1,R4_5,R5_9,47.51999999999998,2.62986062,-0.58463406
R1_1,R3_1,R4_5,R5_10,6.930000000000007,2.5664069,-0.83115666
R1_1,R3_1,R4_6,R5_0,71.58999999999997,2.40758213,-0.4008033
R1_1,R3_1,R4_6,R5_1,78.88999999999999,2.75929859,-0.39364707
R1_1,R3_1,R4_6,R5_2,67.44999999999999,2.91428675,-0.44178156
R1_1,R3_1,R4_6,R5_3,30.81,2.31294575,-0.43838031
R1_1,R3_1,R4_6,R5_4,75.19999999999999,2.65867601,-0.47641989
R1_1,R3_1,R4_6,R5_5,2.1899999999999977,2.47299497,-0.4369926
R1_1,R3_1,R4_6,R5_6,40.660000000000025,2.69579045,-0.51233709
R1_1,R3_1,R4_6,R5_7,59.329999999999984,2.57530457,-0.40268079
R1_1,R3_1,R4_6,R5_8,34.99000000000001,2.2611107,-0.55413165
R1_1,R3_1,R4_6,R5_9,62.04000000000002,2.90645027,-0.4451556
R1_1,R3_1,R4_6,R5_10,73.05000000000001,2.59274618,-0.68781438
R1_1,R3_1,R4_7,R5_0,3.550000000000012,2.09004143,-0.48482778
R1_1,R3_1,R4_7,R5_1,41.55000000000001,2.53010876,-0.54126132
R1_1,R3_1,R4_7,R5_2,56.410000000000025,2.71755845,-0.62536743
R1_1,R3_1,R4_7,R5_3,12.699999999999989,2.24851247,-0.57282492
R1_1,R3_1,R4_7,R5_4,4.180000000000007,2.42973107,-0.53192829
R1_1,R3_1,R4_7,R5_5,24.70999999999998,2.25180488,-0.50411967
R1_1,R3_1,R4_7,R5_6,37.25999999999999,2.37773276,-0.44123736
R1_1,R3_1,R4_7,R5_7,23.920000000000016,2.39922866,-0.55649892
R1_1,R3_1,R4_7,R5_8,38.69999999999999,2.29343618,-0.58550478
R1_1,R3_1,R4_7,R5_9,44.48000000000002,2.61367067,-0.53176503
R1_1,R3_1,R4_7,R5_10,52.27999999999997,2.49288548,-0.75505029
R1_1,R3_2,R4_0,R5_0,35.170000000000016,2.31999314,-0.64980201
R1_1,R3_2,R4_0,R5_1,64.99000000000001,2.48140286,-0.55309767
R1_1,R3_2,R4_0,R5_2,51.620000000000005,2.83766339,-0.70136496
R1_1,R3_2,R4_0,R5_3,11.079999999999984,2.39435807,-0.61404807
R1_1,R3_2,R4_0,R5_4,56.160000000000025,2.51263994,-0.5899128
R1_1,R3_2,R4_0,R5_5,5.95999999999998,2.37912047,-0.55116576
R1_1,R3_2,R4_0,R5_6,59.20999999999998,2.55555011,-0.62343552
R1_1,R3_2,R4_0,R5_7,40.05000000000001,2.52406814,-0.59706903
R1_1,R3_2,R4_0,R5_8,78.12,2.27289263,-0.57230793
R1_1,R3_2,R4_0,R5_9,47.120000000000005,2.83480634,-0.6799779
R1_1,R3_2,R4_0,R5_10,57.26999999999998,2.71293275,-0.93300369
R1_1,R3_2,R4_1,R5_0,65.98000000000002,2.53519703,-0.4840659
R1_1,R3_2,R4_1,R5_1,74.38999999999999,2.92147019,-0.4633863
R1_1,R3_2,R4_1,R5_2,59.69999999999999,3.1032602,-0.62934009
R1_1,R3_2,R4_1,R5_3,31.769999999999985,2.4790628,-0.53620026
R1_1,R3_2,R4_1,R5_4,72.04000000000002,2.8121132,-0.53285343
R1_1,R3_2,R4_1,R5_5,11.610000000000014,2.7481697,-0.63587049
R1_1,R3_2,R4_1,R5_6,68.43,2.85330914,-0.46022994
R1_1,R3_2,R4_1,R5_7,59.35000000000002,2.88332177,-0.5499141
R1_1,R3_2,R4_1,R5_8,36.19,2.47517177,-0.69643995
R1_1,R3_2,R4_1,R5_9,67.73000000000002,2.99809355,-0.50107215
R1_1,R3_2,R4_1,R5_10,50.26999999999998,2.93012297,-0.87765855
R1_1,R3_2,R4_2,R5_0,59.05000000000001,2.62942526,-0.70463016
R1_1,R3_2,R4_2,R5_1,68.77999999999997,2.96729183,-0.57704247
R1_1,R3_2,R4_2,R5_2,55.98000000000002,3.16908119,-0.61791189
R1_1,R3_2,R4_2,R5_3,28.19999999999999,2.51054477,-0.64278183
R1_1,R3_2,R4_2,R5_4,61.60000000000002,2.98884215,-0.62819727
R1_1,R3_2,R4_2,R5_5,9.730000000000018,2.71638842,-0.6192996
R1_1,R3_2,R4_2,R5_6,62.75999999999999,2.94506126,-0.53015964
R1_1,R3_2,R4_2,R5_7,51.75,2.89940288,-0.66084927
R1_1,R3_2,R4_2,R5_8,32.22000000000003,2.35136627,-0.71320131
R1_1,R3_2,R4_2,R5_9,47.95999999999998,3.37772747,-0.62071452
R1_1,R3_2,R4_2,R5_10,65.62,3.00124991,-0.90486855
R1_1,R3_2,R4_3,R5_0,34.75999999999999,2.37479408,-0.65788338
R1_1,R3_2,R4_3,R5_1,63.24000000000001,2.69785841,-0.62495928
R1_1,R3_2,R4_3,R5_2,47.75999999999999,2.88016541,-0.70843956
R1_1,R3_2,R4_3,R5_3,11.680000000000009,2.4309011,-0.65532564
R1_1,R3_2,R4_3,R5_4,50.110000000000014,2.68474319,-0.56177766
R1_1,R3_2,R4_3,R5_5,17.79000000000002,2.48031446,-0.63627864
R1_1,R3_2,R4_3,R5_6,53.94999999999999,2.72770778,-0.61244268
R1_1,R3_2,R4_3,R5_7,40.97000000000003,2.54912855,-0.50724882
R1_1,R3_2,R4_3,R5_8,91.51,2.14005341,-0.62591163
R1_1,R3_2,R4_3,R5_9,42.420000000000016,2.84049323,-0.66955647
R1_1,R3_2,R4_3,R5_10,55.56999999999999,2.74308143,-0.8527614
R1_1,R3_2,R4_4,R5_0,58.910000000000025,2.45528126,-0.47274654
R1_1,R3_2,R4_4,R5_1,75.63999999999999,2.7966035,-0.42352365
R1_1,R3_2,R4_4,R5_2,57.39999999999998,3.06007793,-0.57962742
R1_1,R3_2,R4_4,R5_3,14.45999999999998,2.5487204,-0.59538201
R1_1,R3_2,R4_4,R5_4,66.02999999999997,2.8189157,-0.50782023
R1_1,R3_2,R4_4,R5_5,0.9499999999999886,2.63503052,-0.6024294
R1_1,R3_2,R4_4,R5_6,65.49000000000001,2.84212583,-0.52479927
R1_1,R3_2,R4_4,R5_7,56.23000000000002,2.71192598,-0.41941494
R1_1,R3_2,R4_4,R5_8,58.88999999999999,2.33392466,-0.5433837
R1_1,R3_2,R4_4,R5_9,52.01999999999998,3.08116568,-0.61573509
R1_1,R3_2,R4_4,R5_10,54.76999999999998,2.91200111,-0.7912668
R1_1,R3_2,R4_5,R5_0,42.93000000000001,2.38780046,-0.48512709
R1_1,R3_2,R4_5,R5_1,23.029999999999973,2.77094447,-0.62204781
R1_1,R3_2,R4_5,R5_2,15.860000000000014,2.85896882,-0.61383039
R1_1,R3_2,R4_5,R5_3,2.3500000000000227,2.42769032,-0.67497126
R1_1,R3_2,R4_5,R5_4,40.85000000000002,2.65149257,-0.45952248
R1_1,R3_2,R4_5,R5_5,15.70999999999998,2.43694172,-0.55366908
R1_1,R3_2,R4_5,R5_6,8.060000000000002,2.70697376,-0.62558511
R1_1,R3_2,R4_5,R5_7,33.45999999999998,2.54852993,-0.60887817
R1_1,R3_2,R4_5,R5_8,75.86000000000001,2.32671401,-0.61486437
R1_1,R3_2,R4_5,R5_9,41.079999999999984,2.80073942,-0.57679758
R1_1,R3_2,R4_5,R5_10,3.3600000000000136,2.67712439,-0.88862418
R1_1,R3_2,R4_6,R5_0,61.30000000000001,2.41199015,-0.51157521
R1_1,R3_2,R4_6,R5_1,69.27999999999997,2.96342801,-0.54994131
R1_1,R3_2,R4_6,R5_2,55.089999999999975,3.13275584,-0.62757144
R1_1,R3_2,R4_6,R5_3,23.829999999999984,2.47587923,-0.63257808
R1_1,R3_2,R4_6,R5_4,65.38999999999999,2.87001608,-0.51016029
R1_1,R3_2,R4_6,R5_5,11.370000000000005,2.59957589,-0.51141195
R1_1,R3_2,R4_6,R5_6,54.80000000000001,2.91493979,-0.53611863
R1_1,R3_2,R4_6,R5_7,53.94,2.68528739,-0.45935922
R1_1,R3_2,R4_6,R5_8,44.18000000000001,2.41498325,-0.69453525
R1_1,R3_2,R4_6,R5_9,58.410000000000025,3.01216112,-0.51388806
R1_1,R3_2,R4_6,R5_10,49.19,2.79377366,-0.75249255
R1_1,R3_2,R4_7,R5_0,50.60000000000002,2.22323438,-0.54939711
R1_1,R3_2,R4_7,R5_1,26.779999999999973,2.59337201,-0.53421393
R1_1,R3_2,R4_7,R5_2,60.839999999999975,2.70515069,-0.80527995
R1_1,R3_2,R4_7,R5_3,27.970000000000027,2.36459033,-0.68887557
R1_1,R3_2,R4_7,R5_4,39.25,2.44407074,-0.50104494
R1_1,R3_2,R4_7,R5_5,50.27999999999997,2.41650701,-0.5662401
R1_1,R3_2,R4_7,R5_6,51.79000000000002,2.49326642,-0.5765799
R1_1,R3_2,R4_7,R5_7,25.680000000000007,2.45857367,-0.54839034
R1_1,R3_2,R4_7,R5_8,112.49,2.27324636,-0.60063354
R1_1,R3_2,R4_7,R5_9,58.39999999999998,2.70876962,-0.66204651
R1_1,R3_2,R4_7,R5_10,40.69999999999999,2.53508819,-0.75284628
R1_1,R3_3,R4_0,R5_0,44.29000000000002,1.81083962,-0.60849723
R1_1,R3_3,R4_0,R5_1,56.27999999999997,2.07268145,-0.53244528
R1_1,R3_3,R4_0,R5_2,48.30000000000001,2.30116382,-0.63363927
R1_1,R3_3,R4_0,R5_3,14.379999999999995,1.86340934,-0.54988689
R1_1,R3_3,R4_0,R5_4,59.31999999999999,2.03524049,-0.51949332
R1_1,R3_3,R4_0,R5_5,21.44,1.86659291,-0.52292178
R1_1,R3_3,R4_0,R5_6,60.05000000000001,2.05385213,-0.53707098
R1_1,R3_3,R4_0,R5_7,49.93000000000001,2.04337628,-0.59146377
R1_1,R3_3,R4_0,R5_8,52.13999999999999,1.82370995,-0.6100482
R1_1,R3_3,R4_0,R5_9,46.10000000000002,2.47215146,-0.65706708
R1_1,R3_3,R4_0,R5_10,64.68,2.14829804,-0.98892024
R1_1,R3_3,R4_1,R5_0,56.14999999999998,2.15866505,-0.41503413
R1_1,R3_3,R4_1,R5_1,45.44,2.51185085,-0.45154995
R1_1,R3_3,R4_1,R5_2,38.13999999999999,2.78305292,-0.69796371
R1_1,R3_3,R4_1,R5_3,31.06,2.08998701,-0.51086775
R1_1,R3_3,R4_1,R5_4,52.360000000000014,2.39386829,-0.42308829
R1_1,R3_3,R4_1,R5_5,0.2400000000000091,2.25134231,-0.50071842
R1_1,R3_3,R4_1,R5_6,51.81999999999999,2.51454464,-0.41400015
R1_1,R3_3,R4_1,R5_7,43.14999999999998,2.41846613,-0.56795433
R1_1,R3_3,R4_1,R5_8,26.73000000000001,2.0975786,-0.50858211
R1_1,R3_3,R4_1,R5_9,47.24000000000001,2.8058549,-0.5817498
R1_1,R3_3,R4_1,R5_10,34.74000000000001,2.53397258,-0.80873562
R1_1,R3_3,R4_2,R5_0,57.97000000000003,2.24687987,-0.53018685
R1_1,R3_3,R4_2,R5_1,57.93000000000001,2.63005109,-0.50711277
R1_1,R3_3,R4_2,R5_2,37.56,2.82648008,-0.61230663
R1_1,R3_3,R4_2,R5_3,19.769999999999985,2.18152145,-0.5790288
R1_1,R3_3,R4_2,R5_4,54.94,2.57595761,-0.57709689
R1_1,R3_3,R4_2,R5_5,4.910000000000025,2.41364996,-0.54885291
R1_1,R3_3,R4_2,R5_6,47.160000000000025,2.68471598,-0.54137016
R1_1,R3_3,R4_2,R5_7,45.56,2.52507491,-0.59957235
R1_1,R3_3,R4_2,R5_8,22.610000000000014,2.04421979,-0.6954876
R1_1,R3_3,R4_2,R5_9,37.339999999999975,3.13378982,-0.57538266
R1_1,R3_3,R4_2,R5_10,54.160000000000025,2.72591192,-0.85363212
R1_1,R3_3,R4_3,R5_0,46.72000000000003,1.83625376,-0.62378925
R1_1,R3_3,R4_3,R5_1,65.72000000000003,2.09828606,-0.51171126
R1_1,R3_3,R4_3,R5_2,49.79000000000002,2.27232122,-0.61608882
R1_1,R3_3,R4_3,R5_3,17.20999999999998,1.86169511,-0.62063289
R1_1,R3_3,R4_3,R5_4,59.72000000000003,2.030642,-0.47141325
R1_1,R3_3,R4_3,R5_5,14.180000000000009,1.97926952,-0.58422591
R1_1,R3_3,R4_3,R5_6,55.44999999999999,2.1280538,-0.62074173
R1_1,R3_3,R4_3,R5_7,46.06,1.98811277,-0.48686853
R1_1,R3_3,R4_3,R5_8,33.04000000000002,1.68972791,-0.56604963
R1_1,R3_3,R4_3,R5_9,37.26999999999998,2.33177507,-0.59785812
R1_1,R3_3,R4_3,R5_10,54.47000000000003,2.15501891,-0.87719598
R1_1,R3_3,R4_4,R5_0,60.06999999999999,2.05099508,-0.54384627
R1_1,R3_3,R4_4,R5_1,69.51999999999998,2.4562064,-0.47957625
R1_1,R3_3,R4_4,R5_2,47.19,2.56466546,-0.58787205
R1_1,R3_3,R4_4,R5_3,28.25,2.07436847,-0.57628059
R1_1,R3_3,R4_4,R5_4,67.41000000000003,2.31351716,-0.43829868
R1_1,R3_3,R4_4,R5_5,17.139999999999986,2.14633892,-0.5618865
R1_1,R3_3,R4_4,R5_6,52.60000000000002,2.45982533,-0.44140062
R1_1,R3_3,R4_4,R5_7,56.329999999999984,2.26236236,-0.53459487
R1_1,R3_3,R4_4,R5_8,32.69,1.85339606,-0.47930415
R1_1,R3_3,R4_4,R5_9,48.13999999999999,2.73717686,-0.5784846
R1_1,R3_3,R4_4,R5_10,55.44,2.38475294,-0.82389159
R1_1,R3_3,R4_5,R5_0,45.26999999999998,1.9838408,-0.59187192
R1_1,R3_3,R4_5,R5_1,30.56,2.32540793,-0.59521875
R1_1,R3_3,R4_5,R5_2,11.569999999999991,2.47489967,-0.69717462
R1_1,R3_3,R4_5,R5_3,5.970000000000027,2.02264226,-0.61524531
R1_1,R3_3,R4_5,R5_4,44.870000000000005,2.12840753,-0.46765827
R1_1,R3_3,R4_5,R5_5,0.6100000000000136,2.0483285,-0.59494665
R1_1,R3_3,R4_5,R5_6,18.100000000000023,2.20554788,-0.53674446
R1_1,R3_3,R4_5,R5_7,27.019999999999985,2.2241051,-0.58577688
R1_1,R3_3,R4_5,R5_8,49.360000000000014,1.74496421,-0.62207502
R1_1,R3_3,R4_5,R5_9,39.44999999999999,2.4619205,-0.67701201
R1_1,R3_3,R4_5,R5_10,5.310000000000002,2.3002931,-0.9343914
R1_1,R3_3,R4_6,R5_0,45.13,2.07104885,-0.49095003
R1_1,R3_3,R4_6,R5_1,60.31,2.53734662,-0.56964135
R1_1,R3_3,R4_6,R5_2,24.30000000000001,2.52526538,-0.52147965
R1_1,R3_3,R4_6,R5_3,25.620000000000005,2.13417605,-0.51878586
R1_1,R3_3,R4_6,R5_4,59.69999999999999,2.49296711,-0.50645973
R1_1,R3_3,R4_6,R5_5,8.20999999999998,2.28293312,-0.57497451
R1_1,R3_3,R4_6,R5_6,38.94999999999999,2.54999927,-0.46205301
R1_1,R3_3,R4_6,R5_7,36.56,2.28053864,-0.58789926
R1_1,R3_3,R4_6,R5_8,30.44999999999999,2.08212332,-0.68054931
R1_1,R3_3,R4_6,R5_9,39.579999999999984,2.71274228,-0.56643057
R1_1,R3_3,R4_6,R5_10,46.23000000000002,2.50529324,-0.86005368
R1_1,R3_3,R4_7,R5_0,17.670000000000016,1.8494234,-0.53532954
R1_1,R3_3,R4_7,R5_1,5.050000000000011,2.1642431,-0.65189718
R1_1,R3_3,R4_7,R5_2,13.360000000000014,2.10772793,-0.68367846
R1_1,R3_3,R4_7,R5_3,7.399999999999977,1.77900392,-0.51421458
R1_1,R3_3,R4_7,R5_4,15.389999999999986,1.9169042,-0.50096331
R1_1,R3_3,R4_7,R5_5,13.779999999999973,1.90368014,-0.63674121
R1_1,R3_3,R4_7,R5_6,16.910000000000025,1.99589483,-0.64577493
R1_1,R3_3,R4_7,R5_7,10.829999999999984,1.88776229,-0.59992608
R1_1,R3_3,R4_7,R5_8,65.01999999999998,1.80411875,-0.64675449
R1_1,R3_3,R4_7,R5_9,34.99000000000001,2.27558642,-0.68465802
R1_1,R3_3,R4_7,R5_10,1.1299999999999957,2.07167468,-0.94054086
R1_1,R3_4,R4_0,R5_0,47.98000000000002,2.05926692,-0.53361531
R1_1,R3_4,R4_0,R5_1,72.60000000000002,2.41903754,-0.46784874
R1_1,R3_4,R4_0,R5_2,62.10000000000002,2.53492493,-0.64223763
R1_1,R3_4,R4_0,R5_3,12.560000000000002,1.97137862,-0.39908907
R1_1,R3_4,R4_0,R5_4,66.95999999999998,2.16930416,-0.43321041
R1_1,R3_4,R4_0,R5_5,16.410000000000025,2.0875109,-0.45538656
R1_1,R3_4,R4_0,R5_6,65.35000000000002,2.40679304,-0.50839164
R1_1,R3_4,R4_0,R5_7,54.75999999999999,2.18299079,-0.3888309
R1_1,R3_4,R4_0,R5_8,54.69,1.9454747,-0.49552131
R1_1,R3_4,R4_0,R5_9,45.81,2.64874436,-0.61500042
R1_1,R3_4,R4_0,R5_10,69.41000000000003,2.34910784,-0.65788338
R1_1,R3_4,R4_1,R5_0,64.57999999999998,2.39180033,-0.48697737
R1_1,R3_4,R4_1,R5_1,71.41000000000003,2.79219548,-0.48675969
R1_1,R3_4,R4_1,R5_2,45.94,2.94073487,-0.45500562
R1_1,R3_4,R4_1,R5_3,31.80000000000001,2.32257809,-0.53878521
R1_1,R3_4,R4_1,R5_4,67.83999999999997,2.67728765,-0.38368821
R1_1,R3_4,R4_1,R5_5,2.579999999999984,2.51585072,-0.54893454
R1_1,R3_4,R4_1,R5_6,59.55000000000001,2.70523232,-0.32948589
R1_1,R3_4,R4_1,R5_7,55.85000000000002,2.61685424,-0.48322239
R1_1,R3_4,R4_1,R5_8,48.860000000000014,2.40839843,-0.54439047
R1_1,R3_4,R4_1,R5_9,66.13,2.94008183,-0.51769746
R1_1,R3_4,R4_1,R5_10,65.61000000000001,2.68958657,-0.68177376
R1_1,R3_4,R4_2,R5_0,64.99000000000001,2.43653357,-0.61355829
R1_1,R3_4,R4_2,R5_1,72.89999999999998,2.83385399,-0.44561817
R1_1,R3_4,R4_2,R5_2,48.31999999999999,3.0325142,-0.64139412
R1_1,R3_4,R4_2,R5_3,37.52999999999997,2.33939387,-0.5202552
R1_1,R3_4,R4_2,R5_4,64.64999999999998,2.79167849,-0.50485434
R1_1,R3_4,R4_2,R5_5,6.180000000000007,2.6099429,-0.62354436
R1_1,R3_4,R4_2,R5_6,65.42000000000002,2.84947253,-0.37198791
R1_1,R3_4,R4_2,R5_7,54.76999999999998,2.7593258,-0.54131574
R1_1,R3_4,R4_2,R5_8,17.350000000000023,2.11896566,-0.5975316
R1_1,R3_4,R4_2,R5_9,45.64999999999998,3.23661641,-0.51494925
R1_1,R3_4,R4_2,R5_10,71.42000000000002,2.86149935,-0.68248122
R1_1,R3_4,R4_3,R5_0,52.20999999999998,2.05883156,-0.58384497
R1_1,R3_4,R4_3,R5_1,68.52999999999997,2.44243814,-0.47473287
R1_1,R3_4,R4_3,R5_2,64.69,2.50687142,-0.503385
R1_1,R3_4,R4_3,R5_3,13.410000000000023,2.06005601,-0.44376789
R1_1,R3_4,R4_3,R5_4,64.27999999999997,2.33732591,-0.49859604
R1_1,R3_4,R4_3,R5_5,7.620000000000003,2.13798545,-0.511548
R1_1,R3_4,R4_3,R5_6,59.69,2.30271479,-0.36915807
R1_1,R3_4,R4_3,R5_7,53.55000000000001,2.29659254,-0.48082791
R1_1,R3_4,R4_3,R5_8,57.88999999999999,1.96305236,-0.6209322
R1_1,R3_4,R4_3,R5_9,44.56,2.66232215,-0.55233579
R1_1,R3_4,R4_3,R5_10,71.44999999999999,2.33765243,-0.69399105
R1_1,R3_4,R4_4,R5_0,68.12,2.25297491,-0.40444944
R1_1,R3_4,R4_4,R5_1,81.24000000000001,2.58085541,-0.35484561
R1_1,R3_4,R4_4,R5_2,61.94,2.81535119,-0.45661101
R1_1,R3_4,R4_4,R5_3,27.720000000000027,2.26777715,-0.49935792
R1_1,R3_4,R4_4,R5_4,67.88,2.40442577,-0.31000353
R1_1,R3_4,R4_4,R5_5,15.560000000000002,2.32894523,-0.38727993
R1_1,R3_4,R4_4,R5_6,74.42000000000002,2.54085671,-0.31446597
R1_1,R3_4,R4_4,R5_7,59.88999999999999,2.45764853,-0.40431339
R1_1,R3_4,R4_4,R5_8,32.97000000000003,2.05064135,-0.42866634
R1_1,R3_4,R4_4,R5_9,52.51999999999998,2.88609719,-0.34387998
R1_1,R3_4,R4_4,R5_10,64.99000000000001,2.59582091,-0.79768836
R1_1,R3_4,R4_5,R5_0,51.25,2.11616303,-0.38589222
R1_1,R3_4,R4_5,R5_1,22.69,2.53721057,-0.55946481
R1_1,R3_4,R4_5,R5_2,9.949999999999989,2.62025549,-0.49900419
R1_1,R3_4,R4_5,R5_3,12.810000000000002,2.15382167,-0.54879849
R1_1,R3_4,R4_5,R5_4,36.860000000000014,2.37259007,-0.3550905
R1_1,R3_4,R4_5,R5_5,3.069999999999993,2.261927,-0.45854292
R1_1,R3_4,R4_5,R5_6,20.57,2.49748397,-0.41620416
R1_1,R3_4,R4_5,R5_7,30.30000000000001,2.34407399,-0.56338305
R1_1,R3_4,R4_5,R5_8,51.44,2.07213725,-0.52191501
R1_1,R3_4,R4_5,R5_9,49.64999999999998,2.56711436,-0.50327616
R1_1,R3_4,R4_5,R5_10,24.80000000000001,2.32627865,-0.74041131
R1_1,R3_4,R4_6,R5_0,68.19,2.23841756,-0.40235427
R1_1,R3_4,R4_6,R5_1,69.31,2.71619795,-0.4334553
R1_1,R3_4,R4_6,R5_2,61.0,2.87249219,-0.40795953
R1_1,R3_4,R4_6,R5_3,28.860000000000014,2.23123412,-0.54425442
R1_1,R3_4,R4_6,R5_4,63.43000000000001,2.60675933,-0.29354148
R1_1,R3_4,R4_6,R5_5,3.25,2.45109092,-0.39587829
R1_1,R3_4,R4_6,R5_6,40.920000000000016,2.64406424,-0.37122603
R1_1,R3_4,R4_6,R5_7,58.110000000000014,2.4855932,-0.38651805
R1_1,R3_4,R4_6,R5_8,29.410000000000025,2.13096527,-0.49884093
R1_1,R3_4,R4_6,R5_9,58.910000000000025,2.87679137,-0.46711407
R1_1,R3_4,R4_6,R5_10,45.01999999999998,2.7264017,-0.77662782
R1_1,R3_4,R4_7,R5_0,7.170000000000016,2.03382557,-0.55981854
R1_1,R3_4,R4_7,R5_1,13.610000000000014,2.34810107,-0.48564408
R1_1,R3_4,R4_7,R5_2,27.55000000000001,2.32083665,-0.58340961
R1_1,R3_4,R4_7,R5_3,7.2099999999999795,1.96691618,-0.47261049
R1_1,R3_4,R4_7,R5_4,2.9499999999999886,2.2153979,-0.50346663
R1_1,R3_4,R4_7,R5_5,34.48000000000002,2.17145375,-0.50806512
R1_1,R3_4,R4_7,R5_6,9.370000000000005,2.21109872,-0.44529165
R1_1,R3_4,R4_7,R5_7,7.54000000000002,2.21167013,-0.50384757
R1_1,R3_4,R4_7,R5_8,69.73000000000002,1.94144762,-0.59519154
R1_1,R3_4,R4_7,R5_9,33.44,2.48877677,-0.53832264
R1_1,R3_4,R4_7,R5_10,7.4599999999999795,2.31185735,-0.72245271
R1_1,R3_5,R4_0,R5_0,35.89999999999998,1.96732433,-0.64746195
R1_1,R3_5,R4_0,R5_1,28.649999999999977,2.30494601,-0.61274199
R1_1,R3_5,R4_0,R5_2,23.23000000000001,2.37898442,-0.63519024
R1_1,R3_5,R4_0,R5_3,6.610000000000014,2.04269603,-0.61320456
R1_1,R3_5,R4_0,R5_4,43.00999999999999,2.11436717,-0.51750699
R1_1,R3_5,R4_0,R5_5,5.779999999999973,2.00871074,-0.51029634
R1_1,R3_5,R4_0,R5_6,28.629999999999995,2.37460361,-0.60335454
R1_1,R3_5,R4_0,R5_7,38.829999999999984,2.11523789,-0.63614259
R1_1,R3_5,R4_0,R5_8,64.88999999999999,1.97219492,-0.63151689
R1_1,R3_5,R4_0,R5_9,27.620000000000005,2.49791933,-0.63546234
R1_1,R3_5,R4_0,R5_10,24.329999999999984,2.31972104,-0.8930322
R1_1,R3_5,R4_1,R5_0,51.13,2.24987297,-0.53347926
R1_1,R3_5,R4_1,R5_1,18.149999999999977,2.68795397,-0.5929059
R1_1,R3_5,R4_1,R5_2,14.54000000000002,2.77986935,-0.51494925
R1_1,R3_5,R4_1,R5_3,36.85000000000002,2.24497517,-0.56555985
R1_1,R3_5,R4_1,R5_4,27.360000000000014,2.55900578,-0.38235492
R1_1,R3_5,R4_1,R5_5,6.089999999999975,2.39245337,-0.49816068
R1_1,R3_5,R4_1,R5_6,7.870000000000003,2.59440599,-0.45473352
R1_1,R3_5,R4_1,R5_7,32.70999999999998,2.53965947,-0.5229762
R1_1,R3_5,R4_1,R5_8,32.610000000000014,2.14394444,-0.63519024
R1_1,R3_5,R4_1,R5_9,23.269999999999985,2.80645352,-0.64844151
R1_1,R3_5,R4_1,R5_10,32.50999999999999,2.67287963,-0.77254632
R1_1,R3_5,R4_2,R5_0,39.610000000000014,2.43245207,-0.63704052
R1_1,R3_5,R4_2,R5_1,23.769999999999985,2.75554361,-0.484338
R1_1,R3_5,R4_2,R5_2,12.470000000000027,2.90141642,-0.76903623
R1_1,R3_5,R4_2,R5_3,24.360000000000014,2.30723165,-0.69208635
R1_1,R3_5,R4_2,R5_4,35.94,2.61745286,-0.58885161
R1_1,R3_5,R4_2,R5_5,8.060000000000002,2.3936234,-0.60610275
R1_1,R3_5,R4_2,R5_6,21.620000000000005,2.70675608,-0.62974824
R1_1,R3_5,R4_2,R5_7,21.129999999999995,2.62918037,-0.58931418
R1_1,R3_5,R4_2,R5_8,26.54000000000002,2.09872142,-0.65516238
R1_1,R3_5,R4_2,R5_9,3.230000000000018,3.17188382,-0.69782766
R1_1,R3_5,R4_2,R5_10,23.44,2.70340925,-0.83760543
R1_1,R3_5,R4_3,R5_0,42.13,1.91195198,-0.49157586
R1_1,R3_5,R4_3,R5_1,32.339999999999975,2.3443733,-0.69818139
R1_1,R3_5,R4_3,R5_2,29.079999999999984,2.34374747,-0.60838839
R1_1,R3_5,R4_3,R5_3,13.829999999999984,2.0616614,-0.62509533
R1_1,R3_5,R4_3,R5_4,36.370000000000005,2.20867703,-0.56147835
R1_1,R3_5,R4_3,R5_5,24.74000000000001,2.13110132,-0.67241352
R1_1,R3_5,R4_3,R5_6,26.49000000000001,2.33988365,-0.66084927
R1_1,R3_5,R4_3,R5_7,37.110000000000014,2.12057105,-0.46374003
R1_1,R3_5,R4_3,R5_8,53.370000000000005,1.87598036,-0.69551481
R1_1,R3_5,R4_3,R5_9,25.610000000000014,2.44856039,-0.57309702
R1_1,R3_5,R4_3,R5_10,27.920000000000016,2.27052536,-0.88739973
R1_1,R3_5,R4_4,R5_0,45.079999999999984,2.12691098,-0.52874472
R1_1,R3_5,R4_4,R5_1,30.58999999999997,2.44273745,-0.35977062
R1_1,R3_5,R4_4,R5_2,11.089999999999977,2.65543802,-0.49699065
R1_1,R3_5,R4_4,R5_3,24.829999999999984,2.10217709,-0.58117839
R1_1,R3_5,R4_4,R5_4,30.470000000000027,2.50858565,-0.45644775
R1_1,R3_5,R4_4,R5_5,14.769999999999982,2.24214533,-0.47568522
R1_1,R3_5,R4_4,R5_6,32.670000000000016,2.45005694,-0.43903335
R1_1,R3_5,R4_4,R5_7,37.079999999999984,2.31985709,-0.39478989
R1_1,R3_5,R4_4,R5_8,43.910000000000025,2.06288585,-0.64065945
R1_1,R3_5,R4_4,R5_9,26.829999999999984,2.72463305,-0.49048746
R1_1,R3_5,R4_4,R5_10,19.57,2.46080489,-0.80669487
R1_1,R3_5,R4_5,R5_0,31.399999999999977,2.05934855,-0.48501825
R1_1,R3_5,R4_5,R5_1,2.1899999999999977,2.36415497,-0.45827082
R1_1,R3_5,R4_5,R5_2,23.74000000000001,2.62240508,-0.75205719
R1_1,R3_5,R4_5,R5_3,2.839999999999975,2.09243591,-0.63919011
R1_1,R3_5,R4_5,R5_4,19.56,2.27792648,-0.48267819
R1_1,R3_5,R4_5,R5_5,28.98000000000001,2.18870489,-0.65554332
R1_1,R3_5,R4_5,R5_6,0.3000000000000113,2.31300017,-0.50762976
R1_1,R3_5,R4_5,R5_7,8.949999999999989,2.27487896,-0.58708296
R1_1,R3_5,R4_5,R5_8,66.00999999999999,1.96955555,-0.60539529
R1_1,R3_5,R4_5,R5_9,21.639999999999983,2.39631719,-0.55821315
R1_1,R3_5,R4_5,R5_10,6.379999999999996,2.38415432,-0.7060995
R1_1,R3_5,R4_6,R5_0,44.06999999999999,2.12650283,-0.44088363
R1_1,R3_5,R4_6,R5_1,18.94,2.58014795,-0.45236625
R1_1,R3_5,R4_6,R5_2,4.480000000000018,2.83918715,-0.67717527
R1_1,R3_5,R4_6,R5_3,26.769999999999985,2.08606877,-0.52191501
R1_1,R3_5,R4_6,R5_4,32.639999999999986,2.52540143,-0.48929022
R1_1,R3_5,R4_6,R5_5,21.779999999999973,2.38333802,-0.54025455
R1_1,R3_5,R4_6,R5_6,10.069999999999991,2.53027202,-0.43919661
R1_1,R3_5,R4_6,R5_7,24.45999999999998,2.38831745,-0.46180812
R1_1,R3_5,R4_6,R5_8,38.329999999999984,2.11447601,-0.62280969
R1_1,R3_5,R4_6,R5_9,11.269999999999982,2.85056093,-0.51995589
R1_1,R3_5,R4_6,R5_10,11.129999999999995,2.56066559,-0.82914312
R1_1,R3_5,R4_7,R5_0,11.379999999999995,1.89829256,-0.62553069
R1_1,R3_5,R4_7,R5_1,39.120000000000005,2.3133539,-0.62177571
R1_1,R3_5,R4_7,R5_2,39.0,2.35381517,-0.80644998
R1_1,R3_5,R4_7,R5_3,30.30000000000001,1.97222213,-0.67747458
R1_1,R3_5,R4_7,R5_4,21.680000000000007,2.11221758,-0.59380383
R1_1,R3_5,R4_7,R5_5,45.76999999999998,2.08089887,-0.6636519
R1_1,R3_5,R4_7,R5_6,28.100000000000023,2.14252952,-0.52564278
R1_1,R3_5,R4_7,R5_7,16.579999999999984,2.04949853,-0.54145179
R1_1,R3_5,R4_7,R5_8,16.319999999999993,1.88381684,-0.55307046
R1_1,R3_5,R4_7,R5_9,50.120000000000005,2.42502374,-0.74220717
R1_1,R3_5,R4_7,R5_10,58.18000000000001,2.23420001,-0.80655882
R1_1,R3_6,R4_0,R5_0,37.870000000000005,2.17885487,-0.50850048
R1_1,R3_6,R4_0,R5_1,64.56,2.53032644,-0.52947939
R1_1,R3_6,R4_0,R5_2,59.06999999999999,2.60735795,-0.4930452
R1_1,R3_6,R4_0,R5_3,15.800000000000011,2.18897699,-0.40254474
R1_1,R3_6,R4_0,R5_4,62.829999999999984,2.40282038,-0.34888662
R1_1,R3_6,R4_0,R5_5,1.9800000000000184,2.30611604,-0.541479
R1_1,R3_6,R4_0,R5_6,64.22000000000003,2.40771818,-0.41089821
R1_1,R3_6,R4_0,R5_7,48.79000000000002,2.29142264,-0.451686
R1_1,R3_6,R4_0,R5_8,75.63,2.20788794,-0.50493597
R1_1,R3_6,R4_0,R5_9,44.63999999999999,2.65105721,-0.61135428
R1_1,R3_6,R4_0,R5_10,61.610000000000014,2.52714287,-0.82568745
R1_1,R3_6,R4_1,R5_0,65.51999999999998,2.44651964,-0.53236365
R1_1,R3_6,R4_1,R5_1,69.75999999999999,2.77200566,-0.4818891
R1_1,R3_6,R4_1,R5_2,60.81999999999999,2.92073552,-0.4691004
R1_1,R3_6,R4_1,R5_3,33.31999999999999,2.37952862,-0.43927824
R1_1,R3_6,R4_1,R5_4,77.82,2.67247148,-0.48692295
R1_1,R3_6,R4_1,R5_5,8.449999999999989,2.58779396,-0.53018685
R1_1,R3_6,R4_1,R5_6,67.70999999999998,2.73750338,-0.37100835
R1_1,R3_6,R4_1,R5_7,57.72000000000003,2.60899055,-0.39664017
R1_1,R3_6,R4_1,R5_8,45.02999999999997,2.36744738,-0.49802463
R1_1,R3_6,R4_1,R5_9,67.60000000000002,2.88925355,-0.54765567
R1_1,R3_6,R4_1,R5_10,57.38,2.83110578,-0.77572989
R1_1,R3_6,R4_2,R5_0,61.410000000000025,2.54433959,-0.60223893
R1_1,R3_6,R4_2,R5_1,69.83999999999997,2.89907636,-0.61200732
R1_1,R3_6,R4_2,R5_2,56.63,3.04644572,-0.51965658
R1_1,R3_6,R4_2,R5_3,29.399999999999977,2.49359294,-0.68250843
R1_1,R3_6,R4_2,R5_4,65.18,2.855105,-0.54738357
R1_1,R3_6,R4_2,R5_5,8.939999999999998,2.64352004,-0.67358355
R1_1,R3_6,R4_2,R5_6,64.32999999999998,2.91972875,-0.58947744
R1_1,R3_6,R4_2,R5_7,54.52999999999997,2.74961183,-0.56770944
R1_1,R3_6,R4_2,R5_8,30.889999999999983,2.31846938,-0.62351715
R1_1,R3_6,R4_2,R5_9,47.19999999999999,3.17702651,-0.5485536
R1_1,R3_6,R4_2,R5_10,44.160000000000025,2.92239533,-0.88878744
R1_1,R3_6,R4_3,R5_0,31.44999999999999,2.16799808,-0.49187517
R1_1,R3_6,R4_3,R5_1,61.77999999999997,2.53478888,-0.49943955
R1_1,R3_6,R4_3,R5_2,32.25,2.66526083,-0.57595407
R1_1,R3_6,R4_3,R5_3,3.470000000000028,2.25700199,-0.55187322
R1_1,R3_6,R4_3,R5_4,56.27999999999997,2.46992024,-0.48779367
R1_1,R3_6,R4_3,R5_5,0.8199999999999932,2.33041457,-0.64022409
R1_1,R3_6,R4_3,R5_6,52.52999999999997,2.49133451,-0.51473157
R1_1,R3_6,R4_3,R5_7,46.63999999999999,2.38712021,-0.53998245
R1_1,R3_6,R4_3,R5_8,75.23000000000002,2.14571309,-0.56362794
R1_1,R3_6,R4_3,R5_9,44.25,2.63459516,-0.49987491
R1_1,R3_6,R4_3,R5_10,58.39999999999998,2.44496867,-0.79298103
R1_1,R3_6,R4_4,R5_0,62.79000000000002,2.26641665,-0.39985095
R1_1,R3_6,R4_4,R5_1,79.82,2.66322008,-0.29751414
R1_1,R3_6,R4_4,R5_2,66.72000000000003,2.86193471,-0.39955164
R1_1,R3_6,R4_4,R5_3,22.639999999999983,2.31300017,-0.39176958
R1_1,R3_6,R4_4,R5_4,66.47000000000003,2.57016188,-0.34962129
R1_1,R3_6,R4_4,R5_5,11.519999999999982,2.48425991,-0.54539724
R1_1,R3_6,R4_4,R5_6,66.18,2.7685772,-0.4470603
R1_1,R3_6,R4_4,R5_7,58.39999999999998,2.43585332,-0.38640921
R1_1,R3_6,R4_4,R5_8,47.88,2.15711408,-0.4557675
R1_1,R3_6,R4_4,R5_9,52.81999999999999,3.01812011,-0.52131639
R1_1,R3_6,R4_4,R5_10,58.89999999999998,2.70057941,-0.72854775
R1_1,R3_6,R4_5,R5_0,38.64999999999998,2.27025326,-0.52490811
R1_1,R3_6,R4_5,R5_1,15.810000000000002,2.52741497,-0.46145439
R1_1,R3_6,R4_5,R5_2,1.0,2.64626825,-0.54694821
R1_1,R3_6,R4_5,R5_3,2.180000000000007,2.25019949,-0.48689574
R1_1,R3_6,R4_5,R5_4,30.80000000000001,2.56871975,-0.49070514
R1_1,R3_6,R4_5,R5_5,17.410000000000025,2.35337981,-0.60757209
R1_1,R3_6,R4_5,R5_6,5.110000000000014,2.59247408,-0.57589965
R1_1,R3_6,R4_5,R5_7,11.319999999999991,2.50785098,-0.54139737
R1_1,R3_6,R4_5,R5_8,69.88999999999999,2.17259657,-0.52066335
R1_1,R3_6,R4_5,R5_9,27.029999999999973,2.74008833,-0.60253824
R1_1,R3_6,R4_5,R5_10,0.6700000000000159,2.59503182,-0.82838124
R1_1,R3_6,R4_6,R5_0,61.39999999999998,2.33482259,-0.3880146
R1_1,R3_6,R4_6,R5_1,64.63999999999999,2.80441277,-0.35500887
R1_1,R3_6,R4_6,R5_2,52.670000000000016,2.96990399,-0.54915222
R1_1,R3_6,R4_6,R5_3,25.870000000000005,2.30766701,-0.54784614
R1_1,R3_6,R4_6,R5_4,67.70999999999998,2.75249609,-0.43394508
R1_1,R3_6,R4_6,R5_5,13.569999999999991,2.35582871,-0.53473092
R1_1,R3_6,R4_6,R5_6,37.60000000000002,2.80797728,-0.44697867
R1_1,R3_6,R4_6,R5_7,52.97000000000003,2.60588861,-0.37313073
R1_1,R3_6,R4_6,R5_8,40.48000000000002,2.22342485,-0.47919531
R1_1,R3_6,R4_6,R5_9,62.77999999999997,2.91129365,-0.42248967
R1_1,R3_6,R4_6,R5_10,58.23000000000002,2.5457273,-0.68892999
R1_1,R3_6,R4_7,R5_0,9.139999999999986,2.1441077,-0.55187322
R1_1,R3_6,R4_7,R5_1,29.279999999999973,2.45683223,-0.5583492
R1_1,R3_6,R4_7,R5_2,36.63,2.58292337,-0.69312033
R1_1,R3_6,R4_7,R5_3,5.160000000000025,2.15765828,-0.56316537
R1_1,R3_6,R4_7,R5_4,8.259999999999991,2.32132643,-0.43680213
R1_1,R3_6,R4_7,R5_5,16.100000000000023,2.25844412,-0.59587179
R1_1,R3_6,R4_7,R5_6,22.389999999999983,2.47013792,-0.52294899
R1_1,R3_6,R4_7,R5_7,12.730000000000018,2.26407659,-0.45674706
R1_1,R3_6,R4_7,R5_8,24.149999999999977,2.0845178,-0.56751897
R1_1,R3_6,R4_7,R5_9,50.660000000000025,2.59440599,-0.64313556
R1_1,R3_6,R4_7,R5_10,27.73000000000001,2.47612412,-0.77812437
R1_1,R3_7,R4_0,R5_0,10.529999999999973,1.64967479,-0.55606356
R1_1,R3_7,R4_0,R5_1,24.57,2.1155372,-0.63989757
R1_1,R3_7,R4_0,R5_2,41.69999999999999,2.31049685,-0.72030312
R1_1,R3_7,R4_0,R5_3,3.8100000000000014,1.8314648,-0.65344815
R1_1,R3_7,R4_0,R5_4,9.279999999999973,1.99075214,-0.50983377
R1_1,R3_7,R4_0,R5_5,19.29000000000002,1.92895823,-0.65372025
R1_1,R3_7,R4_0,R5_6,16.50999999999999,2.0328188,-0.6225648
R1_1,R3_7,R4_0,R5_7,2.980000000000018,1.96784132,-0.61238826
R1_1,R3_7,R4_0,R5_8,50.839999999999975,1.69770044,-0.64944828
R1_1,R3_7,R4_0,R5_9,22.160000000000025,2.31953057,-0.6190275
R1_1,R3_7,R4_0,R5_10,19.69999999999999,2.1032927,-0.80054541
R1_1,R3_7,R4_1,R5_0,22.25,2.03768939,-0.5676006
R1_1,R3_7,R4_1,R5_1,61.01999999999998,2.47397453,-0.59149098
R1_1,R3_7,R4_1,R5_2,54.44,2.65497545,-0.65698545
R1_1,R3_7,R4_1,R5_3,27.019999999999985,2.08800068,-0.5082828
R1_1,R3_7,R4_1,R5_4,42.93000000000001,2.32646912,-0.44714193
R1_1,R3_7,R4_1,R5_5,50.79000000000002,2.30244269,-0.60936795
R1_1,R3_7,R4_1,R5_6,64.02999999999997,2.53329233,-0.56653941
R1_1,R3_7,R4_1,R5_7,43.089999999999975,2.30924519,-0.60808908
R1_1,R3_7,R4_1,R5_8,50.910000000000025,1.96473938,-0.63842823
R1_1,R3_7,R4_1,R5_9,59.80000000000001,2.64022763,-0.54117969
R1_1,R3_7,R4_1,R5_10,74.22000000000003,2.50700747,-0.88448826
R1_1,R3_7,R4_2,R5_0,11.819999999999991,2.1343121,-0.56392725
R1_1,R3_7,R4_2,R5_1,52.98000000000002,2.63870387,-0.65061831
R1_1,R3_7,R4_2,R5_2,84.33999999999997,2.75644154,-0.64806057
R1_1,R3_7,R4_2,R5_3,8.300000000000011,2.11833983,-0.70892934
R1_1,R3_7,R4_2,R5_4,31.82,2.55282911,-0.59913699
R1_1,R3_7,R4_2,R5_5,39.170000000000016,2.3315846,-0.71611278
R1_1,R3_7,R4_2,R5_6,50.68000000000001,2.50747004,-0.52792842
R1_1,R3_7,R4_2,R5_7,38.63,2.37656273,-0.5665122
R1_1,R3_7,R4_2,R5_8,30.30000000000001,2.14331861,-0.72302412
R1_1,R3_7,R4_2,R5_9,75.74000000000001,2.93594591,-0.64947549
R1_1,R3_7,R4_2,R5_10,55.610000000000014,2.60469137,-0.89012073
R1_1,R3_7,R4_3,R5_0,7.649999999999977,1.74172622,-0.58463406
R1_1,R3_7,R4_3,R5_1,12.759999999999993,2.16658316,-0.61617045
R1_1,R3_7,R4_3,R5_2,32.51999999999998,2.23439048,-0.74062899
R1_1,R3_7,R4_3,R5_3,8.670000000000016,1.97978651,-0.60136821
R1_1,R3_7,R4_3,R5_4,5.189999999999998,2.08092608,-0.59410314
R1_1,R3_7,R4_3,R5_5,1.410000000000025,2.02283273,-0.65823711
R1_1,R3_7,R4_3,R5_6,14.389999999999986,2.14908713,-0.62743539
R1_1,R3_7,R4_3,R5_7,5.519999999999982,1.99665671,-0.62599326
R1_1,R3_7,R4_3,R5_8,21.50999999999999,1.75973924,-0.57029439
R1_1,R3_7,R4_3,R5_9,22.19999999999999,2.35182884,-0.6516795
R1_1,R3_7,R4_3,R5_10,13.370000000000005,2.04909038,-0.83801358
R1_1,R3_7,R4_4,R5_0,0.410000000000025,1.87625246,-0.45062481
R1_1,R3_7,R4_4,R5_1,28.410000000000025,2.22783287,-0.50248707
R1_1,R3_7,R4_4,R5_2,30.670000000000016,2.45781179,-0.5912733
R1_1,R3_7,R4_4,R5_3,7.529999999999973,1.96639919,-0.55336977
R1_1,R3_7,R4_4,R5_4,12.240000000000007,2.15129114,-0.42681606
R1_1,R3_7,R4_4,R5_5,11.95999999999998,2.23819988,-0.56975019
R1_1,R3_7,R4_4,R5_6,9.899999999999975,2.1656036,-0.47114115
R1_1,R3_7,R4_4,R5_7,17.480000000000018,2.15384888,-0.55987296
R1_1,R3_7,R4_4,R5_8,40.339999999999975,1.71549578,-0.53269017
R1_1,R3_7,R4_4,R5_9,18.45999999999998,2.70267458,-0.65872689
R1_1,R3_7,R4_4,R5_10,34.410000000000025,2.20617371,-0.92603793
R1_1,R3_7,R4_5,R5_0,6.810000000000002,1.99148681,-0.617667
R1_1,R3_7,R4_5,R5_1,31.620000000000005,2.2660085,-0.66727083
R1_1,R3_7,R4_5,R5_2,48.860000000000014,2.41343228,-0.78808323
R1_1,R3_7,R4_5,R5_3,8.5,2.03823359,-0.62387088
R1_1,R3_7,R4_5,R5_4,22.56,2.21444555,-0.66014181
R1_1,R3_7,R4_5,R5_5,23.0,2.02269668,-0.56781828
R1_1,R3_7,R4_5,R5_6,41.94,2.28753161,-0.60019818
R1_1,R3_7,R4_5,R5_7,22.120000000000005,2.17768484,-0.60966726
R1_1,R3_7,R4_5,R5_8,53.31999999999999,1.73691005,-0.60534087
R1_1,R3_7,R4_5,R5_9,38.88,2.48570204,-0.6571215
R1_1,R3_7,R4_5,R5_10,38.48000000000002,2.24222696,-0.78840975
R1_1,R3_7,R4_6,R5_0,8.430000000000007,2.02212527,-0.43051662
R1_1,R3_7,R4_6,R5_1,24.44,2.43541796,-0.45791709
R1_1,R3_7,R4_6,R5_2,62.920000000000016,2.63481284,-0.48561687
R1_1,R3_7,R4_6,R5_3,8.490000000000009,2.0554031,-0.55053993
R1_1,R3_7,R4_6,R5_4,26.279999999999973,2.31495929,-0.50063679
R1_1,R3_7,R4_6,R5_5,33.69999999999999,2.11632629,-0.53764239
R1_1,R3_7,R4_6,R5_6,46.620000000000005,2.41721447,-0.54640401
R1_1,R3_7,R4_6,R5_7,30.49000000000001,2.22889406,-0.64637355
R1_1,R3_7,R4_6,R5_8,46.410000000000025,2.03706356,-0.63010197
R1_1,R3_7,R4_6,R5_9,44.35000000000002,2.66009093,-0.60275592
R1_1,R3_7,R4_6,R5_10,36.81,2.31664631,-0.80933424
R1_1,R3_7,R4_7,R5_0,6.230000000000018,1.67353796,-0.59013048
R1_1,R3_7,R4_7,R5_1,20.05000000000001,1.93026431,-0.60196683
R1_1,R3_7,R4_7,R5_2,33.70999999999998,2.15676035,-0.83216343
R1_1,R3_7,R4_7,R5_3,8.339999999999975,1.79345243,-0.63497256
R1_1,R3_7,R4_7,R5_4,16.279999999999973,2.08079003,-0.60740883
R1_1,R3_7,R4_7,R5_5,21.139999999999983,1.95956948,-0.65366583
R1_1,R3_7,R4_7,R5_6,28.600000000000023,1.95374654,-0.64525794
R1_1,R3_7,R4_7,R5_7,12.220000000000027,1.921802,-0.5763078
R1_1,R3_7,R4_7,R5_8,25.32,1.89551714,-0.61410249
R1_1,R3_7,R4_7,R5_9,44.06999999999999,2.12990408,-0.73197621
R1_1,R3_7,R4_7,R5_10,27.829999999999984,2.05981112,-0.92848683
