0.1,0.2,0.6,0.1,0.0,0.0,0.400783
0.0,0.3,0.5,0.0,0.2,0.0,0.402123
0.2,0.0,0.4,0.3,0.0,0.1,0.44870600000000005
0.1,0.0,0.4,0.0,0.1,0.4,0.44113199999999997
0.2,0.1,0.0,0.5,0.0,0.2,0.473652
0.0,0.1,0.0,0.2,0.6,0.1,0.473529
0.4,0.0,0.2,0.0,0.1,0.3,0.44979300000000005
0.0,0.0,0.1,0.1,0.1,0.7,0.45683599999999996
0.2,0.1,0.0,0.6,0.1,0.0,0.448611
0.4,0.0,0.2,0.1,0.0,0.3,0.44494399999999995
0.0,0.6,0.0,0.1,0.3,0.0,0.44844399999999995
0.3,0.4,0.1,0.2,0.0,0.0,0.399579
0.1,0.3,0.2,0.0,0.0,0.4,0.41669300000000004
0.1,0.1,0.0,0.3,0.5,0.0,0.47343199999999996
0.0,0.0,0.2,0.0,0.7,0.1,0.430544
0.1,0.6,0.2,0.1,0.0,0.0,0.41007200000000005
0.0,0.3,0.4,0.0,0.2,0.1,0.418419
0.2,0.0,0.1,0.1,0.0,0.6,0.452672
0.4,0.2,0.2,0.2,0.0,0.0,0.390901
0.4,0.2,0.2,0.0,0.2,0.0,0.391838
0.2,0.8,0.0,0.0,0.0,0.0,0.394337
0.2,0.0,0.0,0.0,0.6,0.2,0.45803299999999997
0.0,0.2,0.0,0.4,0.2,0.2,0.507951
0.0,0.0,0.4,0.2,0.2,0.2,0.440042
0.0,0.0,0.8,0.0,0.2,0.0,0.419854
0.2,0.6,0.2,0.0,0.0,0.0,0.40187
0.0,0.0,0.6,0.2,0.2,0.0,0.426885
0.0,0.2,0.6,0.0,0.0,0.2,0.40938
1.0,0.0,0.0,0.0,0.0,0.0,0.428641
0.2,0.2,0.4,0.2,0.0,0.0,0.41307200000000005
0.0,0.0,0.2,0.2,0.2,0.4,0.47268599999999994
0.0,0.6,0.2,0.0,0.2,0.0,0.407674
0.0,0.2,0.2,0.0,0.6,0.0,0.421746
0.2,0.0,0.0,0.0,0.8,0.0,0.45368400000000003
0.2,0.4,0.2,0.2,0.0,0.0,0.402086
0.0,0.0,0.0,0.2,0.6,0.2,0.47818900000000003
0.4,0.2,0.0,0.0,0.2,0.2,0.448151
0.2,0.4,0.2,0.0,0.2,0.0,0.408738
0.8,0.0,0.0,0.0,0.2,0.0,0.453585
0.0,0.0,0.2,0.0,0.0,0.8,0.443891
0.0,0.2,0.2,0.2,0.0,0.4,0.446597
0.0,0.2,0.0,0.0,0.6,0.2,0.448833
0.0,0.2,0.0,0.0,0.8,0.0,0.45202700000000007
0.0,0.2,0.6,0.2,0.0,0.0,0.418936
0.0,0.0,0.1,0.4,0.5,0.0,0.48044499999999996
0.3,0.1,0.0,0.0,0.0,0.6,0.38559499999999997
0.1,0.1,0.0,0.0,0.4,0.4,0.48421000000000003
0.4,0.1,0.5,0.0,0.0,0.0,0.4012
0.0,0.0,0.3,0.1,0.5,0.1,0.44309
0.1,0.0,0.0,0.2,0.7,0.0,0.49592700000000006
0.2,0.4,0.0,0.0,0.3,0.1,0.433467
0.0,0.1,0.2,0.0,0.6,0.1,0.430993
0.3,0.3,0.3,0.1,0.0,0.0,0.383621
0.0,0.4,0.1,0.4,0.1,0.0,0.43665
0.2,0.2,0.1,0.5,0.0,0.0,0.410599
0.4,0.4,0.1,0.1,0.0,0.0,0.37735599999999997
0.0,0.3,0.0,0.7,0.0,0.0,0.495504
0.2,0.0,0.1,0.6,0.0,0.1,0.47194899999999995
0.3,0.3,0.4,0.0,0.0,0.0,0.381337
0.0,0.2,0.0,0.1,0.4,0.3,0.48300600000000005
0.1,0.4,0.3,0.0,0.2,0.0,0.402445
0.5,0.0,0.0,0.1,0.4,0.0,0.45859099999999997
0.1,0.0,0.1,0.4,0.4,0.0,0.476524
0.1,0.3,0.5,0.1,0.0,0.0,0.400955
0.6,0.1,0.1,0.0,0.2,0.0,0.382762
0.0,0.3,0.0,0.1,0.6,0.0,0.46066899999999994
0.4,0.1,0.0,0.1,0.4,0.0,0.421546
0.6,0.0,0.1,0.0,0.3,0.0,0.417434
0.3,0.5,0.0,0.1,0.1,0.0,0.380281
0.4,0.2,0.4,0.0,0.0,0.0,0.401967
0.5,0.1,0.3,0.0,0.1,0.0,0.408909
0.1,0.1,0.3,0.0,0.0,0.5,0.42578
0.0,0.2,0.1,0.1,0.6,0.0,0.43779799999999996
0.1,0.2,0.7,0.0,0.0,0.0,0.41723699999999997
0.5,0.2,0.0,0.0,0.2,0.1,0.441863
0.1,0.0,0.1,0.2,0.0,0.6,0.46201899999999996
0.2,0.1,0.0,0.0,0.6,0.1,0.447999
0.0,0.7,0.1,0.1,0.1,0.0,0.417195
0.0,0.0,0.4,0.3,0.2,0.1,0.44132299999999997
0.1,0.1,0.2,0.6,0.0,0.0,0.43381499999999995
0.3,0.1,0.4,0.2,0.0,0.0,0.393671
0.8,0.0,0.2,0.0,0.0,0.0,0.42347700000000005
0.2,0.4,0.0,0.2,0.0,0.2,0.425734
0.4,0.2,0.2,0.0,0.0,0.2,0.403936
0.0,0.0,0.0,0.8,0.2,0.0,0.503627
0.4,0.0,0.0,0.2,0.2,0.2,0.49344099999999996
0.2,0.2,0.0,0.4,0.0,0.2,0.45299300000000003
0.0,0.2,0.2,0.4,0.0,0.2,0.44969899999999996
0.2,0.0,0.0,0.4,0.2,0.2,0.480336
0.6,0.2,0.0,0.2,0.0,0.0,0.394289
0.6,0.2,0.0,0.0,0.2,0.0,0.404298
0.0,0.0,0.2,0.2,0.4,0.2,0.451817
0.0,0.0,0.2,0.0,0.2,0.6,0.45428900000000005
0.0,0.2,0.0,0.6,0.0,0.2,0.506504
0.2,0.2,0.0,0.0,0.6,0.0,0.44183199999999995
0.0,0.2,0.0,0.6,0.2,0.0,0.509858
0.2,0.6,0.0,0.0,0.2,0.0,0.421299
0.8,0.0,0.0,0.0,0.0,0.2,0.41927200000000003
0.4,0.0,0.2,0.2,0.2,0.0,0.43283900000000003
0.2,0.0,0.6,0.2,0.0,0.0,0.437245
0.4,0.0,0.2,0.0,0.2,0.2,0.45011999999999996
0.0,0.0,0.0,0.2,0.8,0.0,0.482354
0.0,0.0,0.0,0.0,0.8,0.2,0.428565
0.0,0.2,0.4,0.0,0.2,0.2,0.42999899999999996
0.2,0.2,0.2,0.0,0.0,0.4,0.406489
0.2,0.0,0.4,0.2,0.2,0.0,0.430861
0.4,0.0,0.2,0.2,0.0,0.2,0.44905600000000007
0.1,0.4,0.0,0.5,0.0,0.0,0.436874
0.2,0.7,0.0,0.0,0.0,0.1,0.385363
0.0,0.4,0.1,0.5,0.0,0.0,0.44701899999999994
0.0,0.0,0.1,0.1,0.4,0.4,0.45883599999999997
0.0,0.3,0.4,0.1,0.2,0.0,0.42103500000000005
0.4,0.0,0.1,0.2,0.3,0.0,0.44146199999999997
0.3,0.0,0.2,0.0,0.2,0.3,0.44991000000000003
0.0,0.0,0.5,0.1,0.0,0.4,0.43405600000000005
0.6,0.3,0.0,0.1,0.0,0.0,0.37300300000000003
0.4,0.0,0.0,0.0,0.6,0.0,0.435762
0.0,0.3,0.1,0.0,0.2,0.4,0.431623
0.0,0.1,0.0,0.2,0.0,0.7,0.44435600000000003
0.0,0.1,0.0,0.7,0.1,0.1,0.49982600000000005
0.5,0.1,0.0,0.0,0.3,0.1,0.45444399999999996
0.0,0.2,0.0,0.0,0.5,0.3,0.43509
0.5,0.2,0.0,0.0,0.0,0.3,0.370867
0.4,0.1,0.3,0.2,0.0,0.0,0.384488
0.1,0.2,0.0,0.0,0.5,0.2,0.445604
0.5,0.1,0.0,0.3,0.0,0.1,0.415174
0.4,0.0,0.6,0.0,0.0,0.0,0.405223
0.1,0.0,0.3,0.2,0.4,0.0,0.42437299999999994
0.2,0.0,0.0,0.5,0.3,0.0,0.470999
0.3,0.1,0.0,0.4,0.0,0.2,0.46033500000000005
0.6,0.1,0.2,0.0,0.0,0.1,0.401593
0.4,0.1,0.3,0.0,0.0,0.2,0.404781
0.5,0.0,0.0,0.1,0.3,0.1,0.45660600000000007
0.3,0.1,0.0,0.2,0.0,0.4,0.44944300000000004
0.1,0.0,0.2,0.3,0.0,0.4,0.45656499999999994
0.1,0.5,0.0,0.0,0.1,0.3,0.435137
0.0,0.1,0.2,0.2,0.5,0.0,0.438205
0.2,0.0,0.1,0.0,0.2,0.5,0.457546
0.1,0.0,0.3,0.1,0.0,0.5,0.449821
0.5,0.0,0.4,0.1,0.0,0.0,0.43132
0.0,0.6,0.0,0.1,0.0,0.3,0.44109499999999996
0.0,0.4,0.1,0.0,0.0,0.5,0.418188
0.0,0.5,0.0,0.0,0.4,0.1,0.439054
0.2,0.0,0.0,0.4,0.4,0.0,0.466258
0.0,0.0,0.0,0.0,0.2,0.8,0.462462
0.0,0.0,0.8,0.0,0.0,0.2,0.420782
0.2,0.0,0.8,0.0,0.0,0.0,0.43044899999999997
0.2,0.0,0.4,0.0,0.2,0.2,0.434386
0.0,0.6,0.2,0.2,0.0,0.0,0.43345600000000006
0.8,0.0,0.0,0.2,0.0,0.0,0.436583
0.0,0.4,0.2,0.2,0.2,0.0,0.43015299999999995
0.2,0.0,0.0,0.8,0.0,0.0,0.48650299999999996
0.0,0.4,0.2,0.2,0.0,0.2,0.437287
0.0,0.2,0.0,0.2,0.6,0.0,0.462895
0.0,0.0,0.0,0.2,0.2,0.6,0.49326499999999995
0.2,0.2,0.0,0.0,0.4,0.2,0.455403
0.2,0.2,0.2,0.4,0.0,0.0,0.427393
0.0,0.2,0.2,0.4,0.2,0.0,0.44057799999999997
0.8,0.2,0.0,0.0,0.0,0.0,0.385511
0.2,0.0,0.2,0.0,0.0,0.6,0.436946
0.0,0.2,0.8,0.0,0.0,0.0,0.410387
0.2,0.4,0.2,0.0,0.0,0.2,0.407906
0.2,0.4,0.0,0.0,0.2,0.2,0.443038
0.6,0.0,0.0,0.2,0.0,0.2,0.461563
0.2,0.0,0.0,0.6,0.0,0.2,0.519138
0.0,0.0,0.2,0.6,0.0,0.2,0.458082
0.4,0.2,0.0,0.2,0.2,0.0,0.407111
0.2,0.2,0.0,0.4,0.2,0.0,0.43315299999999995
0.2,0.2,0.2,0.0,0.4,0.0,0.418017
0.0,0.0,0.0,0.0,1.0,0.0,0.465733
0.5,0.3,0.0,0.0,0.1,0.1,0.42837
0.3,0.2,0.2,0.3,0.0,0.0,0.397041
0.0,0.0,0.0,0.1,0.4,0.5,0.473868
0.6,0.0,0.0,0.3,0.1,0.0,0.45814499999999997
0.0,0.1,0.0,0.2,0.7,0.0,0.479966
0.0,0.0,0.0,0.1,0.2,0.7,0.492637
0.1,0.4,0.0,0.2,0.3,0.0,0.465761
0.4,0.4,0.0,0.0,0.0,0.2,0.374257
0.0,0.2,0.1,0.2,0.5,0.0,0.433745
0.3,0.4,0.2,0.1,0.0,0.0,0.395311
0.0,0.0,0.0,0.5,0.4,0.1,0.49145
0.4,0.4,0.2,0.0,0.0,0.0,0.393599
0.4,0.0,0.0,0.1,0.0,0.5,0.476793
0.2,0.0,0.3,0.2,0.0,0.3,0.460017
0.1,0.0,0.1,0.0,0.3,0.5,0.472397
0.0,0.1,0.0,0.5,0.3,0.1,0.45396800000000004
0.1,0.0,0.5,0.1,0.0,0.3,0.42599499999999996
0.2,0.0,0.2,0.0,0.3,0.3,0.44591800000000004
0.5,0.1,0.0,0.1,0.0,0.3,0.397554
0.6,0.0,0.0,0.0,0.1,0.3,0.468412
0.0,0.0,0.3,0.7,0.0,0.0,0.447082
0.1,0.0,0.4,0.0,0.5,0.0,0.41989499999999996
0.0,0.0,0.2,0.1,0.1,0.6,0.456574
0.2,0.0,0.0,0.1,0.5,0.2,0.463236
0.1,0.1,0.5,0.3,0.0,0.0,0.42077200000000003
0.1,0.0,0.1,0.6,0.2,0.0,0.461226
0.0,0.1,0.4,0.0,0.1,0.4,0.427058
0.1,0.1,0.6,0.0,0.2,0.0,0.416785
0.3,0.0,0.4,0.2,0.1,0.0,0.42949
0.1,0.3,0.0,0.2,0.0,0.4,0.450035
0.0,0.0,0.0,0.1,0.0,0.9,0.466872
0.1,0.1,0.6,0.2,0.0,0.0,0.42468599999999995
0.0,0.3,0.0,0.1,0.3,0.3,0.46127799999999997
0.0,0.4,0.2,0.0,0.1,0.3,0.432625
0.0,0.3,0.2,0.5,0.0,0.0,0.440145
0.2,0.0,0.3,0.4,0.0,0.1,0.45315900000000003
0.0,0.2,0.0,0.4,0.3,0.1,0.494518
0.0,0.0,1.0,0.0,0.0,0.0,0.428763
0.6,0.0,0.2,0.0,0.2,0.0,0.42440600000000006
0.0,0.0,0.0,1.0,0.0,0.0,0.497583
0.2,0.2,0.4,0.0,0.0,0.2,0.419104
0.0,0.0,0.2,0.0,0.6,0.2,0.43161400000000005
0.6,0.0,0.2,0.0,0.0,0.2,0.42931199999999997
0.0,0.8,0.0,0.0,0.0,0.2,0.42936899999999995
0.2,0.4,0.0,0.2,0.2,0.0,0.421495
0.0,0.6,0.0,0.2,0.0,0.2,0.462421
0.0,0.8,0.2,0.0,0.0,0.0,0.43201999999999996
0.0,0.0,0.2,0.4,0.2,0.2,0.464793
0.2,0.0,0.0,0.2,0.6,0.0,0.478761
0.2,0.0,0.0,0.0,0.2,0.6,0.486437
0.0,0.2,0.2,0.0,0.2,0.4,0.444362
0.2,0.2,0.0,0.0,0.2,0.4,0.45169799999999993
0.0,0.0,0.2,0.2,0.6,0.0,0.45201
0.6,0.2,0.0,0.0,0.0,0.2,0.38431
0.2,0.0,0.6,0.0,0.0,0.2,0.434623
0.0,0.6,0.0,0.0,0.2,0.2,0.44584399999999996
0.0,0.0,0.6,0.0,0.2,0.2,0.43524300000000005
0.0,0.4,0.2,0.0,0.2,0.2,0.434863
0.0,0.2,0.2,0.6,0.0,0.0,0.45311599999999996
0.2,0.2,0.0,0.2,0.4,0.0,0.444126
0.0,0.2,0.0,0.0,0.2,0.6,0.45941099999999996
0.2,0.0,0.2,0.0,0.6,0.0,0.43049799999999994
0.0,0.0,0.0,0.0,0.0,1.0,0.485883
0.0,0.0,0.1,0.7,0.1,0.1,0.46689899999999995
0.1,0.0,0.9,0.0,0.0,0.0,0.43433999999999995
0.2,0.3,0.1,0.0,0.4,0.0,0.42593000000000003
0.0,0.2,0.0,0.1,0.3,0.4,0.482987
0.0,0.6,0.1,0.0,0.1,0.2,0.42087299999999994
0.7,0.1,0.0,0.0,0.2,0.0,0.42008900000000005
0.3,0.3,0.0,0.2,0.2,0.0,0.402395
0.5,0.0,0.2,0.0,0.3,0.0,0.41604399999999997
0.4,0.1,0.1,0.0,0.0,0.4,0.391897
0.0,0.0,0.2,0.2,0.1,0.5,0.450164
0.2,0.1,0.3,0.0,0.0,0.4,0.41779499999999997
0.0,0.0,0.0,0.1,0.6,0.3,0.445184
0.2,0.3,0.3,0.0,0.0,0.2,0.40571
0.1,0.2,0.0,0.2,0.0,0.5,0.445518
0.3,0.0,0.0,0.3,0.0,0.4,0.494467
0.0,0.0,0.5,0.2,0.2,0.1,0.43739300000000003
0.3,0.2,0.5,0.0,0.0,0.0,0.400225
0.4,0.0,0.1,0.0,0.0,0.5,0.44456999999999997
0.0,0.0,0.2,0.1,0.7,0.0,0.430483
0.8,0.1,0.0,0.0,0.0,0.1,0.39102800000000004
0.0,0.1,0.1,0.0,0.0,0.8,0.425386
0.2,0.0,0.0,0.3,0.4,0.1,0.478916
0.4,0.4,0.0,0.2,0.0,0.0,0.398971
0.0,0.1,0.1,0.2,0.6,0.0,0.45305
0.0,0.5,0.0,0.4,0.0,0.1,0.475725
0.1,0.0,0.0,0.6,0.3,0.0,0.49763900000000005
0.1,0.5,0.0,0.0,0.2,0.2,0.43732600000000005
0.1,0.0,0.0,0.1,0.6,0.2,0.45915600000000006
0.0,0.1,0.2,0.6,0.0,0.1,0.44877399999999995
0.1,0.5,0.0,0.2,0.2,0.0,0.44665900000000003
0.1,0.0,0.3,0.5,0.0,0.1,0.450209
0.0,0.2,0.0,0.0,0.1,0.7,0.45200799999999997
0.7,0.0,0.0,0.0,0.0,0.3,0.427936
0.2,0.4,0.0,0.3,0.1,0.0,0.405119
0.7,0.0,0.0,0.2,0.1,0.0,0.444579
0.1,0.6,0.2,0.0,0.0,0.1,0.41948500000000005
0.2,0.0,0.0,0.3,0.5,0.0,0.479471
0.0,0.0,0.2,0.2,0.0,0.6,0.456413
0.0,0.2,0.2,0.2,0.4,0.0,0.437837
0.0,0.0,0.2,0.0,0.8,0.0,0.433321
0.0,0.2,0.2,0.0,0.4,0.2,0.429717
0.2,0.0,0.2,0.4,0.2,0.0,0.42650299999999997
0.2,0.0,0.4,0.2,0.0,0.2,0.45096899999999995
0.2,0.0,0.0,0.2,0.4,0.2,0.47553100000000004
0.0,0.2,0.0,0.2,0.4,0.2,0.47156099999999995
0.0,0.8,0.0,0.0,0.2,0.0,0.45253000000000004
0.2,0.2,0.0,0.6,0.0,0.0,0.43986000000000003
0.2,0.0,0.2,0.2,0.4,0.0,0.43672
0.0,0.0,0.0,0.6,0.2,0.2,0.509065
0.6,0.2,0.2,0.0,0.0,0.0,0.398974
0.0,0.0,0.2,0.8,0.0,0.0,0.45623500000000006
0.2,0.6,0.0,0.0,0.0,0.2,0.393706
0.2,0.2,0.0,0.0,0.0,0.6,0.403231
0.0,0.0,0.0,0.2,0.0,0.8,0.470649
0.0,0.2,0.0,0.2,0.0,0.6,0.46494399999999997
0.0,0.0,0.2,0.6,0.2,0.0,0.455376
0.0,0.2,0.0,0.0,0.0,0.8,0.421255
0.0,0.0,0.6,0.2,0.0,0.2,0.43240500000000004
0.0,1.0,0.0,0.0,0.0,0.0,0.44581800000000005
0.2,0.0,0.2,0.4,0.0,0.2,0.459634
0.0,0.2,0.0,0.8,0.0,0.0,0.505199
0.2,0.0,0.0,0.6,0.2,0.0,0.488588
0.2,0.2,0.4,0.0,0.2,0.0,0.421533
0.0,0.3,0.0,0.3,0.2,0.2,0.500218
0.5,0.0,0.1,0.1,0.0,0.3,0.44222700000000004
0.1,0.4,0.4,0.0,0.1,0.0,0.41958199999999995
0.1,0.1,0.0,0.5,0.0,0.3,0.48967700000000003
0.2,0.0,0.3,0.0,0.2,0.3,0.441838
0.0,0.1,0.7,0.0,0.2,0.0,0.414434
0.3,0.0,0.1,0.1,0.0,0.5,0.442554
0.3,0.0,0.1,0.5,0.0,0.1,0.454546
0.2,0.0,0.1,0.0,0.0,0.7,0.439188
0.1,0.0,0.1,0.0,0.1,0.7,0.45885
0.0,0.1,0.8,0.0,0.0,0.1,0.406302
0.0,0.0,0.1,0.3,0.2,0.4,0.47387299999999993
0.0,0.0,0.3,0.3,0.4,0.0,0.443626
0.0,0.0,0.0,0.4,0.4,0.2,0.486158
0.8,0.0,0.0,0.1,0.0,0.1,0.44323199999999996
0.7,0.2,0.0,0.0,0.1,0.0,0.389744
0.3,0.0,0.0,0.0,0.6,0.1,0.449957
0.0,0.1,0.6,0.1,0.0,0.2,0.42124399999999995
0.2,0.1,0.2,0.5,0.0,0.0,0.432039
0.0,0.4,0.0,0.0,0.5,0.1,0.434808
0.3,0.2,0.4,0.0,0.0,0.1,0.41274799999999995
0.5,0.2,0.0,0.3,0.0,0.0,0.398595
0.4,0.4,0.0,0.0,0.2,0.0,0.402962
0.0,0.4,0.0,0.3,0.0,0.3,0.46727799999999997
0.5,0.0,0.3,0.0,0.1,0.1,0.445593
0.4,0.1,0.0,0.1,0.0,0.4,0.42440900000000004
0.2,0.0,0.0,0.1,0.4,0.3,0.482704
0.0,0.0,0.0,0.2,0.1,0.7,0.493334
0.1,0.0,0.0,0.1,0.7,0.1,0.45822700000000005
0.4,0.5,0.1,0.0,0.0,0.0,0.387725
0.0,0.0,0.8,0.1,0.1,0.0,0.42357700000000004
0.0,0.5,0.2,0.1,0.2,0.0,0.417241
0.0,0.1,0.2,0.1,0.6,0.0,0.42890900000000004
0.2,0.0,0.1,0.0,0.5,0.2,0.444499
0.0,0.2,0.0,0.5,0.2,0.1,0.49041999999999997
0.0,0.1,0.0,0.4,0.5,0.0,0.48873599999999995
0.0,0.2,0.3,0.4,0.1,0.0,0.43693999999999994
0.2,0.0,0.2,0.0,0.4,0.2,0.44471099999999997
0.0,0.4,0.0,0.2,0.2,0.2,0.47470100000000004
0.2,0.0,0.6,0.0,0.2,0.0,0.42495299999999997
0.0,0.2,0.6,0.0,0.2,0.0,0.41289899999999996
0.0,0.0,0.8,0.2,0.0,0.0,0.425649
0.2,0.2,0.0,0.2,0.0,0.4,0.445971
0.0,0.2,0.2,0.0,0.0,0.6,0.420382
0.2,0.0,0.2,0.2,0.0,0.4,0.464341
0.2,0.2,0.6,0.0,0.0,0.0,0.41923
0.0,0.8,0.0,0.2,0.0,0.0,0.457214
0.2,0.0,0.0,0.0,0.0,0.8,0.44341499999999995
0.0,0.2,0.4,0.2,0.0,0.2,0.43093000000000004
0.2,0.6,0.0,0.2,0.0,0.0,0.405948
0.0,0.2,0.0,0.2,0.2,0.4,0.487887
0.6,0.0,0.2,0.2,0.0,0.0,0.429831
0.4,0.2,0.0,0.2,0.0,0.2,0.43039499999999997
0.6,0.0,0.0,0.2,0.2,0.0,0.462185
0.2,0.0,0.2,0.6,0.0,0.0,0.45373500000000005
0.0,0.0,0.0,0.8,0.0,0.2,0.536111
0.6,0.0,0.0,0.0,0.2,0.2,0.482993
0.0,0.2,0.4,0.2,0.2,0.0,0.43494099999999997
0.0,0.6,0.0,0.2,0.2,0.0,0.476371
0.0,0.6,0.2,0.0,0.0,0.2,0.429591
0.2,0.0,0.2,0.0,0.2,0.4,0.46149300000000004
0.2,0.0,0.0,0.2,0.2,0.4,0.509479
0.2,0.0,0.0,0.2,0.0,0.6,0.47788800000000003
0.5,0.0,0.2,0.1,0.2,0.0,0.43339099999999997
0.0,0.1,0.6,0.0,0.0,0.3,0.412358
0.0,0.0,0.1,0.1,0.8,0.0,0.45270600000000005
0.1,0.0,0.2,0.1,0.0,0.6,0.45843599999999995
0.0,0.0,0.0,0.1,0.3,0.6,0.493759
0.3,0.0,0.0,0.1,0.4,0.2,0.47582700000000006
0.1,0.0,0.2,0.4,0.0,0.3,0.46345
0.1,0.4,0.0,0.0,0.2,0.3,0.448578
0.3,0.0,0.0,0.2,0.0,0.5,0.47393
0.1,0.0,0.0,0.2,0.0,0.7,0.49791499999999994
0.0,0.1,0.0,0.5,0.2,0.2,0.489026
0.2,0.1,0.0,0.4,0.0,0.3,0.462942
0.2,0.3,0.1,0.4,0.0,0.0,0.40929
0.3,0.0,0.2,0.0,0.5,0.0,0.431015
0.0,0.2,0.2,0.3,0.3,0.0,0.43963500000000005
0.0,0.2,0.7,0.0,0.1,0.0,0.41158500000000003
0.0,0.0,0.1,0.6,0.2,0.1,0.46407200000000004
0.3,0.6,0.0,0.0,0.1,0.0,0.385206
0.0,0.3,0.0,0.3,0.1,0.3,0.474735
0.4,0.0,0.3,0.0,0.3,0.0,0.41769300000000004
0.4,0.5,0.0,0.1,0.0,0.0,0.387935
0.8,0.1,0.0,0.0,0.1,0.0,0.410749
0.5,0.1,0.1,0.0,0.3,0.0,0.412141
0.2,0.0,0.1,0.4,0.0,0.3,0.460996
0.5,0.1,0.1,0.3,0.0,0.0,0.40331100000000003
0.3,0.3,0.3,0.0,0.1,0.0,0.408117
0.0,0.0,0.6,0.1,0.3,0.0,0.42336899999999994
0.2,0.0,0.3,0.0,0.3,0.2,0.436663
0.3,0.6,0.1,0.0,0.0,0.0,0.390048
0.0,0.5,0.1,0.0,0.4,0.0,0.416213
0.1,0.3,0.2,0.4,0.0,0.0,0.412706
0.5,0.2,0.2,0.1,0.0,0.0,0.379411
0.0,0.0,0.2,0.5,0.3,0.0,0.444053
0.7,0.3,0.0,0.0,0.0,0.0,0.375267
0.1,0.5,0.3,0.0,0.1,0.0,0.41650299999999996
0.2,0.7,0.0,0.0,0.1,0.0,0.398644
0.7,0.0,0.0,0.0,0.3,0.0,0.44073999999999997
0.0,0.0,0.6,0.0,0.3,0.1,0.418655
0.0,0.6,0.0,0.4,0.0,0.0,0.465513
0.0,0.3,0.1,0.0,0.6,0.0,0.429572
0.1,0.0,0.1,0.5,0.0,0.3,0.454913
0.0,0.2,0.3,0.4,0.0,0.1,0.437986
0.1,0.0,0.7,0.1,0.0,0.1,0.432493
0.2,0.6,0.1,0.0,0.1,0.0,0.40174499999999996
0.0,0.4,0.3,0.0,0.0,0.3,0.41609700000000005
0.2,0.0,0.0,0.1,0.7,0.0,0.45031000000000004
0.3,0.0,0.0,0.4,0.0,0.3,0.483051
0.0,0.1,0.4,0.3,0.2,0.0,0.43841
0.0,0.2,0.1,0.7,0.0,0.0,0.456221
0.4,0.0,0.0,0.3,0.1,0.2,0.473308
0.0,0.0,0.3,0.2,0.5,0.0,0.447172
0.1,0.1,0.0,0.5,0.3,0.0,0.475182
0.0,0.1,0.1,0.0,0.2,0.6,0.451413
0.1,0.1,0.0,0.6,0.2,0.0,0.47048
0.3,0.3,0.1,0.3,0.0,0.0,0.409792
0.1,0.0,0.0,0.3,0.4,0.2,0.508931
0.0,0.4,0.3,0.2,0.0,0.1,0.439313
0.0,0.4,0.0,0.3,0.2,0.1,0.481113
0.2,0.1,0.0,0.1,0.0,0.6,0.43073599999999995
0.1,0.0,0.1,0.0,0.2,0.6,0.464888
0.0,0.5,0.3,0.2,0.0,0.0,0.43226400000000004
0.5,0.0,0.4,0.0,0.1,0.0,0.43079300000000004
0.3,0.0,0.4,0.1,0.2,0.0,0.431795
0.0,0.0,0.1,0.0,0.7,0.2,0.42745900000000003
0.0,0.4,0.4,0.1,0.0,0.1,0.41577200000000003
0.0,0.1,0.1,0.0,0.5,0.3,0.445463
0.0,0.2,0.0,0.4,0.4,0.0,0.49069399999999996
0.0,0.2,0.1,0.0,0.0,0.7,0.423654
0.0,0.2,0.0,0.1,0.0,0.7,0.447446
0.2,0.5,0.2,0.1,0.0,0.0,0.397889
0.1,0.0,0.0,0.5,0.0,0.4,0.48826899999999995
0.0,0.3,0.1,0.2,0.4,0.0,0.45191899999999996
0.5,0.1,0.0,0.0,0.2,0.2,0.46709300000000004
0.0,0.0,0.1,0.2,0.7,0.0,0.472963
0.1,0.8,0.1,0.0,0.0,0.0,0.399244
0.0,0.4,0.1,0.0,0.3,0.2,0.428148
0.0,0.3,0.4,0.1,0.0,0.2,0.418872
0.3,0.0,0.2,0.0,0.1,0.4,0.443683
0.0,0.0,0.1,0.0,0.4,0.5,0.451952
0.0,0.6,0.0,0.1,0.2,0.1,0.463818
0.0,0.2,0.3,0.0,0.4,0.1,0.412196
0.4,0.1,0.0,0.0,0.2,0.3,0.46059300000000003
0.3,0.0,0.0,0.3,0.1,0.3,0.498903
0.4,0.0,0.1,0.1,0.4,0.0,0.430514
0.2,0.1,0.6,0.0,0.1,0.0,0.418983
0.1,0.0,0.1,0.1,0.0,0.7,0.449421
0.7,0.1,0.1,0.1,0.0,0.0,0.408702
0.4,0.0,0.1,0.0,0.3,0.2,0.46207700000000007
0.5,0.0,0.0,0.5,0.0,0.0,0.45944300000000005
0.3,0.0,0.1,0.6,0.0,0.0,0.44904499999999997
0.3,0.0,0.3,0.4,0.0,0.0,0.432783
0.2,0.2,0.3,0.0,0.0,0.3,0.413851
0.5,0.1,0.1,0.0,0.0,0.3,0.405332
0.0,0.0,0.0,0.5,0.3,0.2,0.494357
0.0,0.4,0.0,0.0,0.1,0.5,0.44107299999999994
0.0,0.3,0.0,0.1,0.5,0.1,0.45827799999999996
0.0,0.1,0.0,0.0,0.6,0.3,0.429609
0.1,0.0,0.5,0.1,0.3,0.0,0.416759
0.0,0.4,0.0,0.2,0.1,0.3,0.46096899999999996
0.1,0.1,0.4,0.0,0.4,0.0,0.408396
0.1,0.0,0.2,0.2,0.5,0.0,0.440497
0.0,0.5,0.0,0.2,0.0,0.3,0.46016599999999996
0.2,0.0,0.1,0.6,0.1,0.0,0.451928
0.3,0.0,0.0,0.5,0.2,0.0,0.47609700000000005
0.0,0.0,0.0,0.3,0.5,0.2,0.479839
0.0,0.2,0.4,0.0,0.1,0.3,0.425829
0.0,0.4,0.1,0.3,0.0,0.2,0.44175699999999996
0.1,0.2,0.5,0.0,0.2,0.0,0.41276599999999997
0.0,0.5,0.1,0.4,0.0,0.0,0.44091099999999994
0.0,0.1,0.0,0.0,0.7,0.2,0.43169799999999997
0.0,0.2,0.2,0.5,0.1,0.0,0.442866
0.3,0.0,0.1,0.0,0.0,0.6,0.43970600000000004
0.1,0.0,0.0,0.0,0.2,0.7,0.484512
0.0,0.1,0.0,0.7,0.0,0.2,0.518072
0.3,0.4,0.0,0.0,0.0,0.3,0.390127
0.0,0.0,0.7,0.3,0.0,0.0,0.42934399999999995
0.0,0.0,0.2,0.3,0.0,0.5,0.466858
0.4,0.3,0.0,0.0,0.0,0.3,0.384934
0.6,0.0,0.0,0.1,0.1,0.2,0.49200200000000005
0.0,0.1,0.3,0.1,0.5,0.0,0.432965
0.0,0.1,0.7,0.1,0.1,0.0,0.42029700000000003
0.0,0.4,0.4,0.2,0.0,0.0,0.423075
0.2,0.0,0.0,0.6,0.1,0.1,0.496321
0.5,0.0,0.1,0.1,0.3,0.0,0.42902299999999993
0.0,0.6,0.1,0.0,0.2,0.1,0.42156800000000005
0.0,0.1,0.4,0.0,0.2,0.3,0.43567
0.0,0.3,0.5,0.0,0.1,0.1,0.42259300000000005
0.0,0.1,0.0,0.4,0.0,0.5,0.49375600000000003
0.3,0.3,0.2,0.0,0.2,0.0,0.405465
0.1,0.2,0.6,0.0,0.0,0.1,0.414412
0.0,0.8,0.1,0.0,0.0,0.1,0.42605
0.1,0.7,0.0,0.2,0.0,0.0,0.409683
0.4,0.0,0.0,0.3,0.2,0.1,0.452722
0.4,0.3,0.0,0.2,0.1,0.0,0.38772399999999996
0.0,0.0,0.3,0.2,0.3,0.2,0.453532
0.1,0.0,0.0,0.6,0.0,0.3,0.492584
0.1,0.6,0.0,0.1,0.2,0.0,0.43570299999999995
0.5,0.2,0.0,0.2,0.1,0.0,0.382293
0.5,0.3,0.2,0.0,0.0,0.0,0.380129
0.4,0.0,0.0,0.0,0.2,0.4,0.467945
0.3,0.2,0.2,0.0,0.3,0.0,0.404717
0.2,0.3,0.0,0.1,0.4,0.0,0.43941800000000003
0.0,0.1,0.0,0.3,0.5,0.1,0.488562
0.2,0.3,0.0,0.2,0.3,0.0,0.42881400000000003
0.6,0.0,0.3,0.0,0.1,0.0,0.42994799999999994
0.0,0.3,0.0,0.2,0.1,0.4,0.46910100000000005
0.0,0.1,0.0,0.6,0.3,0.0,0.507083
0.3,0.1,0.0,0.0,0.3,0.3,0.46307299999999996
0.0,0.0,0.7,0.0,0.1,0.2,0.42275
0.0,0.1,0.2,0.0,0.3,0.4,0.435975
0.0,0.7,0.0,0.1,0.1,0.1,0.450384
0.3,0.1,0.1,0.0,0.0,0.5,0.41138800000000003
0.1,0.1,0.0,0.6,0.0,0.2,0.489034
0.2,0.0,0.0,0.1,0.2,0.5,0.488332
0.0,0.0,0.5,0.2,0.1,0.2,0.430253
0.0,0.5,0.1,0.1,0.0,0.3,0.433274
0.1,0.2,0.0,0.0,0.0,0.7,0.41336000000000006
0.1,0.1,0.0,0.4,0.0,0.4,0.47866000000000003
0.1,0.0,0.2,0.0,0.2,0.5,0.447748
0.1,0.0,0.6,0.1,0.0,0.2,0.43656000000000006
0.4,0.1,0.0,0.0,0.3,0.2,0.458524
0.0,0.4,0.2,0.1,0.3,0.0,0.42805299999999996
0.0,0.0,0.3,0.4,0.2,0.1,0.441957
0.5,0.5,0.0,0.0,0.0,0.0,0.39586
0.1,0.4,0.1,0.4,0.0,0.0,0.41885100000000003
0.0,0.4,0.2,0.0,0.0,0.4,0.41926800000000003
0.0,0.1,0.0,0.5,0.0,0.4,0.500238
0.0,0.0,0.6,0.1,0.0,0.3,0.42658999999999997
0.0,0.3,0.3,0.2,0.2,0.0,0.426892
0.0,0.1,0.3,0.4,0.2,0.0,0.43251300000000004
0.3,0.2,0.0,0.0,0.4,0.1,0.435042
0.0,0.2,0.1,0.2,0.0,0.5,0.44745100000000004
0.0,0.0,0.4,0.1,0.2,0.3,0.439999
0.4,0.3,0.0,0.0,0.1,0.2,0.443396
0.1,0.0,0.6,0.2,0.0,0.1,0.43783
0.0,0.0,0.3,0.5,0.1,0.1,0.448567
0.0,0.2,0.4,0.1,0.3,0.0,0.425991
0.7,0.2,0.0,0.1,0.0,0.0,0.383073
0.1,0.1,0.0,0.0,0.6,0.2,0.437777
0.1,0.5,0.1,0.0,0.3,0.0,0.42095
0.2,0.5,0.1,0.2,0.0,0.0,0.39776300000000003
0.3,0.0,0.2,0.5,0.0,0.0,0.43666099999999997
0.2,0.0,0.7,0.0,0.1,0.0,0.43115
0.6,0.3,0.0,0.0,0.0,0.1,0.370823
0.7,0.1,0.0,0.1,0.0,0.1,0.399883
0.3,0.0,0.1,0.0,0.2,0.4,0.470893
0.3,0.5,0.0,0.1,0.0,0.1,0.392893
0.0,0.0,0.3,0.1,0.4,0.2,0.440684
0.7,0.2,0.1,0.0,0.0,0.0,0.390893
0.0,0.0,0.1,0.6,0.1,0.2,0.46232
0.0,0.1,0.1,0.5,0.3,0.0,0.47083800000000003
0.5,0.0,0.2,0.0,0.2,0.1,0.436604
0.0,0.1,0.6,0.0,0.1,0.2,0.418835
0.0,0.1,0.1,0.3,0.0,0.5,0.457621
0.0,0.0,0.3,0.3,0.0,0.4,0.44904099999999997
0.0,0.1,0.4,0.3,0.0,0.2,0.44239799999999996
0.0,0.2,0.3,0.0,0.3,0.2,0.42465699999999995
0.0,0.0,0.2,0.7,0.1,0.0,0.452668
0.0,0.0,0.0,0.3,0.0,0.7,0.514573
0.0,0.0,0.2,0.2,0.3,0.3,0.46021599999999996
0.0,0.1,0.0,0.0,0.3,0.6,0.44967799999999997
0.1,0.0,0.0,0.1,0.2,0.6,0.44987
0.6,0.1,0.0,0.2,0.0,0.1,0.409477
0.1,0.3,0.0,0.0,0.3,0.3,0.45059099999999996
0.3,0.0,0.0,0.0,0.3,0.4,0.471729
0.0,0.0,0.3,0.1,0.2,0.4,0.460596
0.4,0.0,0.0,0.5,0.0,0.1,0.461395
0.0,0.2,0.0,0.2,0.3,0.3,0.47146499999999997
0.0,0.3,0.5,0.2,0.0,0.0,0.42096999999999996
0.0,0.4,0.0,0.3,0.1,0.2,0.485684
0.6,0.1,0.0,0.0,0.2,0.1,0.449141
0.0,0.0,0.7,0.1,0.2,0.0,0.418946
0.0,0.7,0.0,0.3,0.0,0.0,0.45944300000000005
0.2,0.3,0.1,0.0,0.0,0.4,0.410233
0.0,0.2,0.2,0.3,0.0,0.3,0.44704799999999995
0.0,0.0,0.0,0.8,0.1,0.1,0.520309
0.0,0.0,0.0,0.1,0.7,0.2,0.44258400000000003
0.8,0.0,0.1,0.0,0.1,0.0,0.43935100000000005
0.0,0.0,0.1,0.7,0.2,0.0,0.465762
0.0,0.0,0.4,0.2,0.0,0.4,0.433521
0.0,0.0,0.0,0.0,0.7,0.3,0.42203
0.0,0.0,0.1,0.1,0.7,0.1,0.436587
0.1,0.1,0.0,0.7,0.0,0.1,0.48710600000000004
0.0,0.2,0.3,0.0,0.2,0.3,0.437004
0.0,0.0,0.2,0.0,0.1,0.7,0.442828
0.4,0.0,0.1,0.1,0.0,0.4,0.445524
0.1,0.0,0.0,0.2,0.5,0.2,0.45692299999999997
0.5,0.0,0.2,0.0,0.0,0.3,0.423803
0.0,0.6,0.2,0.0,0.1,0.1,0.427117
0.0,0.0,0.8,0.0,0.1,0.1,0.42309300000000005
0.3,0.1,0.3,0.0,0.0,0.3,0.41076599999999996
0.1,0.1,0.3,0.5,0.0,0.0,0.431071
0.0,0.0,0.1,0.6,0.0,0.3,0.46215
0.2,0.0,0.5,0.0,0.0,0.3,0.43621800000000005
0.3,0.4,0.0,0.1,0.2,0.0,0.414954
0.3,0.0,0.3,0.0,0.1,0.3,0.448575
0.1,0.1,0.6,0.0,0.0,0.2,0.42197399999999996
0.3,0.1,0.0,0.0,0.6,0.0,0.430357
0.1,0.8,0.0,0.0,0.1,0.0,0.419929
0.5,0.0,0.0,0.2,0.3,0.0,0.453183
0.6,0.0,0.2,0.1,0.0,0.1,0.437974
0.1,0.0,0.0,0.0,0.1,0.8,0.486361
0.3,0.0,0.2,0.1,0.4,0.0,0.428845
0.5,0.2,0.1,0.2,0.0,0.0,0.39050999999999997
0.5,0.4,0.0,0.1,0.0,0.0,0.37932
0.6,0.2,0.1,0.0,0.1,0.0,0.408173
0.1,0.1,0.5,0.0,0.0,0.3,0.41589899999999996
0.3,0.0,0.6,0.0,0.1,0.0,0.423124
0.4,0.0,0.1,0.3,0.2,0.0,0.4285
0.5,0.3,0.0,0.0,0.0,0.2,0.373282
0.1,0.8,0.0,0.0,0.0,0.1,0.401341
0.2,0.0,0.0,0.0,0.1,0.7,0.465606
0.1,0.5,0.0,0.0,0.4,0.0,0.441858
0.1,0.1,0.2,0.0,0.0,0.6,0.42164799999999997
0.0,0.1,0.0,0.2,0.1,0.6,0.487626
0.2,0.0,0.4,0.0,0.4,0.0,0.413554
0.2,0.5,0.1,0.0,0.2,0.0,0.408227
0.1,0.0,0.5,0.0,0.0,0.4,0.445151
0.0,0.0,0.0,0.2,0.3,0.5,0.49265299999999995
0.3,0.0,0.0,0.4,0.2,0.1,0.475078
0.1,0.6,0.0,0.0,0.0,0.3,0.392996
0.0,0.0,0.0,0.0,0.3,0.7,0.495787
0.0,0.3,0.0,0.0,0.6,0.1,0.447446
0.2,0.0,0.0,0.3,0.0,0.5,0.496271
0.0,0.1,0.0,0.8,0.1,0.0,0.538524
0.0,0.3,0.2,0.0,0.3,0.2,0.426125
0.0,0.0,0.1,0.1,0.0,0.8,0.45581800000000006
0.1,0.5,0.3,0.1,0.0,0.0,0.42039799999999994
0.6,0.1,0.2,0.1,0.0,0.0,0.39300300000000005
0.0,0.1,0.1,0.6,0.0,0.2,0.46851800000000005
0.0,0.1,0.2,0.5,0.2,0.0,0.449901
0.4,0.2,0.0,0.4,0.0,0.0,0.404011
0.3,0.0,0.2,0.4,0.1,0.0,0.42333000000000004
0.0,0.0,0.4,0.0,0.0,0.6,0.42358100000000004
0.0,0.6,0.1,0.1,0.0,0.2,0.43436099999999994
0.0,0.2,0.3,0.0,0.5,0.0,0.414092
0.1,0.7,0.0,0.0,0.2,0.0,0.423588
0.4,0.4,0.0,0.0,0.1,0.1,0.42837200000000003
0.4,0.0,0.0,0.0,0.4,0.2,0.496357
0.3,0.0,0.0,0.6,0.1,0.0,0.479851
0.0,0.0,0.9,0.1,0.0,0.0,0.424835
0.1,0.0,0.0,0.1,0.3,0.5,0.471458
0.0,0.0,0.0,0.1,0.5,0.4,0.470208
0.1,0.4,0.4,0.1,0.0,0.0,0.41793199999999997
0.0,0.3,0.2,0.1,0.0,0.4,0.430651
0.1,0.4,0.0,0.0,0.3,0.2,0.44373999999999997
0.1,0.2,0.0,0.0,0.6,0.1,0.433996
0.1,0.3,0.1,0.5,0.0,0.0,0.43023199999999995
0.0,0.2,0.0,0.2,0.1,0.5,0.473742
0.0,0.5,0.0,0.2,0.2,0.1,0.48135900000000004
0.2,0.1,0.0,0.0,0.5,0.2,0.448608
0.1,0.3,0.0,0.4,0.0,0.2,0.457212
0.1,0.0,0.2,0.7,0.0,0.0,0.44578900000000005
0.3,0.3,0.0,0.1,0.3,0.0,0.40972600000000003
0.0,0.5,0.0,0.3,0.2,0.0,0.4751
0.0,0.0,0.2,0.1,0.6,0.1,0.437699
0.0,0.0,0.2,0.3,0.3,0.2,0.455191
0.4,0.2,0.0,0.1,0.3,0.0,0.4097
0.0,0.2,0.3,0.2,0.3,0.0,0.430924
0.1,0.0,0.3,0.5,0.1,0.0,0.43436800000000003
0.5,0.0,0.0,0.3,0.0,0.2,0.46703500000000003
0.0,0.2,0.3,0.2,0.0,0.3,0.42990900000000004
0.2,0.1,0.0,0.1,0.6,0.0,0.45054799999999995
0.0,0.0,0.2,0.0,0.3,0.5,0.464491
0.1,0.4,0.2,0.0,0.3,0.0,0.414346
0.5,0.0,0.1,0.4,0.0,0.0,0.433483
0.7,0.0,0.1,0.0,0.2,0.0,0.42321800000000004
0.2,0.0,0.0,0.4,0.3,0.1,0.45020699999999997
0.0,0.0,0.0,0.6,0.1,0.3,0.47684099999999996
0.2,0.5,0.0,0.1,0.2,0.0,0.41598900000000005
0.3,0.3,0.0,0.3,0.0,0.1,0.421415
0.0,0.1,0.1,0.0,0.8,0.0,0.437187
0.0,0.1,0.1,0.0,0.1,0.7,0.430622
0.0,0.0,0.0,0.3,0.1,0.6,0.469894
0.4,0.0,0.3,0.0,0.1,0.2,0.44985299999999995
0.2,0.0,0.4,0.0,0.3,0.1,0.424313
0.3,0.0,0.2,0.2,0.0,0.3,0.449323
0.0,0.1,0.0,0.0,0.5,0.4,0.46879799999999994
0.0,0.0,0.3,0.5,0.0,0.2,0.449908
0.4,0.1,0.0,0.4,0.1,0.0,0.418447
0.0,0.2,0.5,0.0,0.3,0.0,0.41502
0.2,0.0,0.0,0.2,0.1,0.5,0.5041760000000001
0.0,0.0,0.2,0.3,0.4,0.1,0.465413
0.0,0.0,0.7,0.1,0.0,0.2,0.424967
0.0,0.2,0.0,0.2,0.5,0.1,0.473038
0.2,0.2,0.0,0.3,0.3,0.0,0.449747
0.0,0.1,0.7,0.0,0.0,0.2,0.410332
0.7,0.0,0.0,0.1,0.0,0.2,0.462838
0.2,0.3,0.0,0.0,0.1,0.4,0.43700000000000006
0.1,0.6,0.1,0.2,0.0,0.0,0.412743
0.2,0.1,0.0,0.0,0.2,0.5,0.452883
0.4,0.2,0.0,0.0,0.1,0.3,0.427962
0.2,0.0,0.6,0.1,0.1,0.0,0.428641
0.3,0.0,0.3,0.3,0.1,0.0,0.43050200000000005
0.3,0.7,0.0,0.0,0.0,0.0,0.39159099999999997
0.0,0.3,0.1,0.4,0.2,0.0,0.44582700000000003
0.3,0.6,0.0,0.1,0.0,0.0,0.400486
0.1,0.0,0.4,0.4,0.0,0.1,0.449805
0.0,0.4,0.0,0.1,0.4,0.1,0.455952
0.0,0.4,0.1,0.3,0.2,0.0,0.439429
0.6,0.1,0.0,0.0,0.3,0.0,0.41783100000000006
0.0,0.1,0.0,0.0,0.8,0.1,0.431655
0.0,0.2,0.0,0.5,0.3,0.0,0.502926
0.3,0.3,0.0,0.0,0.4,0.0,0.421358
0.0,0.0,0.1,0.0,0.0,0.9,0.44029300000000005
0.0,0.3,0.0,0.5,0.2,0.0,0.491246
0.2,0.2,0.0,0.1,0.5,0.0,0.442179
0.5,0.1,0.3,0.1,0.0,0.0,0.39867199999999997
0.0,0.2,0.1,0.5,0.2,0.0,0.44993
0.0,0.3,0.0,0.2,0.4,0.1,0.47266199999999997
0.1,0.1,0.0,0.3,0.0,0.5,0.47638800000000003
0.0,0.0,0.3,0.5,0.2,0.0,0.44123900000000005
0.0,0.5,0.2,0.0,0.2,0.1,0.425166
0.4,0.2,0.0,0.3,0.1,0.0,0.40818000000000004
0.0,0.3,0.2,0.3,0.2,0.0,0.43603500000000006
0.1,0.5,0.2,0.0,0.2,0.0,0.41235299999999997
0.3,0.2,0.0,0.3,0.0,0.2,0.443597
0.0,0.4,0.4,0.0,0.0,0.2,0.410886
0.5,0.4,0.1,0.0,0.0,0.0,0.40223600000000004
0.3,0.3,0.0,0.0,0.2,0.2,0.451218
0.2,0.2,0.0,0.0,0.5,0.1,0.44559099999999996
0.1,0.0,0.0,0.2,0.2,0.5,0.50657
0.3,0.1,0.2,0.4,0.0,0.0,0.416387
0.1,0.0,0.1,0.6,0.0,0.2,0.469346
0.2,0.0,0.0,0.0,0.3,0.5,0.489422
0.6,0.0,0.0,0.3,0.0,0.1,0.475372
0.1,0.7,0.0,0.1,0.0,0.1,0.428305
0.1,0.5,0.0,0.2,0.0,0.2,0.43311499999999997
0.0,0.0,0.2,0.4,0.0,0.4,0.46398599999999995
0.1,0.0,0.4,0.2,0.0,0.3,0.452258
0.1,0.0,0.6,0.1,0.2,0.0,0.423846
0.0,0.1,0.2,0.5,0.0,0.2,0.46136499999999997
0.0,0.1,0.0,0.3,0.3,0.3,0.49150900000000003
0.0,0.1,0.0,0.3,0.0,0.6,0.481505
0.0,0.2,0.0,0.7,0.0,0.1,0.513464
0.5,0.0,0.1,0.0,0.4,0.0,0.44014200000000003
0.2,0.0,0.0,0.0,0.4,0.4,0.510452
0.4,0.0,0.1,0.3,0.0,0.2,0.46333500000000005
0.0,0.7,0.2,0.1,0.0,0.0,0.431119
0.2,0.0,0.0,0.7,0.0,0.1,0.48271800000000004
0.0,0.2,0.7,0.1,0.0,0.0,0.41845600000000005
0.9,0.1,0.0,0.0,0.0,0.0,0.376736
0.0,0.5,0.0,0.5,0.0,0.0,0.472505
0.0,0.2,0.6,0.1,0.1,0.0,0.41782700000000006
0.0,0.0,0.1,0.5,0.4,0.0,0.482501
0.0,0.0,0.5,0.3,0.2,0.0,0.434571
0.4,0.2,0.1,0.0,0.0,0.3,0.39193
0.2,0.0,0.1,0.7,0.0,0.0,0.46512200000000004
0.0,0.2,0.0,0.0,0.4,0.4,0.464816
0.0,0.1,0.2,0.0,0.2,0.5,0.441859
0.0,0.3,0.0,0.3,0.3,0.1,0.47955
0.1,0.0,0.4,0.0,0.3,0.2,0.426436
0.5,0.2,0.0,0.0,0.3,0.0,0.41456899999999997
0.0,0.1,0.4,0.0,0.4,0.1,0.42329700000000003
0.2,0.5,0.0,0.0,0.1,0.2,0.423779
0.0,0.0,0.3,0.4,0.1,0.2,0.45002200000000003
0.2,0.6,0.0,0.0,0.1,0.1,0.4141
0.1,0.2,0.0,0.0,0.7,0.0,0.430486
0.0,0.3,0.0,0.4,0.1,0.2,0.499802
0.4,0.0,0.0,0.2,0.1,0.3,0.482504
0.0,0.3,0.2,0.4,0.0,0.1,0.44165600000000005
0.4,0.1,0.0,0.2,0.3,0.0,0.41698
0.0,0.6,0.1,0.3,0.0,0.0,0.43123900000000004
0.0,0.7,0.0,0.0,0.0,0.3,0.424162
0.1,0.0,0.1,0.0,0.8,0.0,0.43066400000000005
0.1,0.0,0.1,0.0,0.5,0.3,0.451003
0.1,0.0,0.2,0.0,0.0,0.7,0.43956999999999996
0.1,0.0,0.3,0.0,0.4,0.2,0.428708
0.0,0.1,0.0,0.6,0.2,0.1,0.491991
0.1,0.0,0.7,0.1,0.1,0.0,0.425054
0.7,0.0,0.2,0.0,0.1,0.0,0.41550200000000004
0.1,0.6,0.0,0.2,0.1,0.0,0.42862700000000004
0.0,0.4,0.2,0.3,0.0,0.1,0.44150900000000004
0.0,0.6,0.4,0.0,0.0,0.0,0.415604
0.1,0.1,0.3,0.0,0.5,0.0,0.41284499999999996
0.3,0.0,0.5,0.0,0.0,0.2,0.42937
0.6,0.0,0.1,0.2,0.1,0.0,0.423016
0.5,0.2,0.0,0.1,0.0,0.2,0.415695
0.3,0.0,0.0,0.2,0.1,0.4,0.48171099999999994
0.1,0.2,0.0,0.1,0.6,0.0,0.45088500000000004
0.3,0.0,0.7,0.0,0.0,0.0,0.42611400000000005
0.0,0.9,0.0,0.0,0.1,0.0,0.440172
0.0,0.3,0.2,0.0,0.2,0.3,0.435095
0.0,0.5,0.0,0.1,0.1,0.3,0.450804
0.1,0.0,0.1,0.0,0.7,0.1,0.434342
0.0,0.1,0.5,0.3,0.0,0.1,0.423357
0.4,0.3,0.2,0.0,0.1,0.0,0.411415
0.5,0.0,0.0,0.0,0.0,0.5,0.43766099999999997
0.0,0.3,0.0,0.1,0.0,0.6,0.441259
0.0,0.3,0.0,0.6,0.0,0.1,0.490806
0.3,0.0,0.0,0.1,0.2,0.4,0.47913100000000003
0.5,0.1,0.0,0.0,0.4,0.0,0.439105
0.0,0.1,0.3,0.0,0.2,0.4,0.442717
0.2,0.1,0.0,0.0,0.7,0.0,0.43839700000000004
0.0,0.0,0.0,0.6,0.0,0.4,0.5097149999999999
0.4,0.1,0.0,0.3,0.0,0.2,0.452942
0.1,0.0,0.1,0.2,0.6,0.0,0.465199
0.3,0.0,0.5,0.1,0.0,0.1,0.44685699999999995
0.3,0.3,0.1,0.0,0.0,0.3,0.39761599999999997
0.6,0.1,0.1,0.2,0.0,0.0,0.41008100000000003
0.3,0.0,0.4,0.0,0.0,0.3,0.436746
0.0,0.5,0.1,0.2,0.2,0.0,0.439989
0.0,0.1,0.1,0.0,0.3,0.5,0.46341499999999997
0.3,0.2,0.0,0.4,0.1,0.0,0.41637299999999994
0.0,0.5,0.0,0.1,0.4,0.0,0.434601
0.0,0.0,0.0,0.4,0.0,0.6,0.501153
0.3,0.0,0.2,0.1,0.0,0.4,0.445028
0.3,0.4,0.0,0.0,0.1,0.2,0.437197
0.1,0.7,0.1,0.0,0.0,0.1,0.404569
0.1,0.3,0.5,0.0,0.0,0.1,0.41069700000000003
0.3,0.0,0.0,0.0,0.2,0.5,0.48093199999999997
0.1,0.5,0.2,0.0,0.0,0.2,0.41238199999999997
0.0,0.1,0.0,0.1,0.8,0.0,0.47144300000000006
0.0,0.0,0.3,0.0,0.5,0.2,0.43889300000000003
0.3,0.5,0.1,0.0,0.0,0.1,0.390892
0.0,0.3,0.3,0.2,0.0,0.2,0.43283
0.0,0.0,0.6,0.1,0.2,0.1,0.417004
0.4,0.0,0.3,0.3,0.0,0.0,0.42578
0.0,0.4,0.0,0.2,0.0,0.4,0.459844
0.4,0.1,0.0,0.2,0.0,0.3,0.42248100000000005
0.0,0.5,0.1,0.1,0.3,0.0,0.437618
0.0,0.4,0.1,0.2,0.3,0.0,0.44975299999999996
0.1,0.3,0.0,0.0,0.1,0.5,0.445935
0.0,0.1,0.6,0.1,0.2,0.0,0.41448199999999996
0.0,0.0,0.0,0.5,0.5,0.0,0.44266400000000006
0.0,0.1,0.3,0.1,0.0,0.5,0.428516
0.5,0.0,0.2,0.3,0.0,0.0,0.428821
0.8,0.0,0.0,0.1,0.1,0.0,0.44900500000000004
0.0,0.3,0.0,0.0,0.0,0.7,0.42045699999999997
0.0,0.4,0.1,0.0,0.1,0.4,0.412588
0.1,0.4,0.4,0.0,0.0,0.1,0.42245200000000005
0.3,0.4,0.2,0.0,0.1,0.0,0.412533
0.0,0.3,0.2,0.3,0.0,0.2,0.443967
0.3,0.0,0.5,0.1,0.1,0.0,0.42558199999999996
0.1,0.0,0.4,0.0,0.0,0.5,0.43631899999999996
0.3,0.1,0.1,0.0,0.5,0.0,0.415394
0.4,0.2,0.3,0.0,0.1,0.0,0.407904
0.5,0.3,0.0,0.1,0.0,0.1,0.4019
0.1,0.5,0.0,0.4,0.0,0.0,0.43083699999999997
0.2,0.5,0.0,0.2,0.0,0.1,0.423192
0.0,0.4,0.2,0.3,0.1,0.0,0.43086199999999997
0.0,0.3,0.1,0.3,0.0,0.3,0.456766
0.5,0.0,0.0,0.4,0.0,0.1,0.473762
0.0,0.1,0.5,0.2,0.0,0.2,0.42226800000000003
0.0,0.3,0.1,0.3,0.3,0.0,0.45179899999999995
0.6,0.1,0.0,0.0,0.1,0.2,0.450984
0.0,0.4,0.0,0.4,0.2,0.0,0.492012
0.0,0.1,0.0,0.1,0.7,0.1,0.453358
0.0,0.1,0.5,0.2,0.2,0.0,0.426138
0.0,0.0,0.0,0.9,0.1,0.0,0.495583
0.1,0.0,0.0,0.3,0.3,0.3,0.503546
0.0,0.2,0.2,0.1,0.5,0.0,0.43500200000000006
0.5,0.0,0.0,0.0,0.1,0.4,0.488387
0.0,0.0,0.0,0.5,0.0,0.5,0.547515
0.7,0.0,0.1,0.0,0.1,0.1,0.45685
0.1,0.0,0.4,0.0,0.2,0.3,0.439029
0.0,0.3,0.3,0.0,0.2,0.2,0.43237200000000003
0.0,0.1,0.5,0.1,0.0,0.3,0.420757
0.1,0.5,0.0,0.3,0.0,0.1,0.43236800000000003
0.0,0.3,0.6,0.0,0.1,0.0,0.42099
0.2,0.7,0.1,0.0,0.0,0.0,0.39487
0.0,0.4,0.0,0.0,0.4,0.2,0.450271
0.2,0.0,0.0,0.3,0.2,0.3,0.4792
0.3,0.3,0.2,0.0,0.0,0.2,0.399221
0.4,0.0,0.4,0.0,0.2,0.0,0.42853100000000005
0.1,0.7,0.0,0.1,0.1,0.0,0.42527200000000004
0.6,0.0,0.0,0.0,0.3,0.1,0.468959
0.1,0.2,0.2,0.5,0.0,0.0,0.431733
0.0,0.0,0.2,0.5,0.0,0.3,0.468088
0.0,0.0,0.4,0.2,0.4,0.0,0.445586
0.2,0.1,0.5,0.0,0.2,0.0,0.41932700000000006
0.0,0.3,0.0,0.1,0.4,0.2,0.45085
0.0,0.4,0.3,0.1,0.0,0.2,0.423212
0.3,0.0,0.1,0.0,0.5,0.1,0.463067
0.0,0.2,0.0,0.1,0.6,0.1,0.449723
0.5,0.0,0.2,0.2,0.1,0.0,0.433896
0.1,0.0,0.0,0.4,0.2,0.3,0.499933
0.3,0.2,0.0,0.1,0.4,0.0,0.41910299999999995
0.2,0.6,0.1,0.1,0.0,0.0,0.398609
0.3,0.0,0.0,0.5,0.1,0.1,0.469941
0.1,0.3,0.0,0.2,0.4,0.0,0.459038
0.0,0.3,0.1,0.1,0.5,0.0,0.445175
0.0,0.0,0.1,0.0,0.1,0.8,0.45133900000000005
0.5,0.0,0.1,0.3,0.0,0.1,0.445488
0.3,0.0,0.0,0.1,0.0,0.6,0.46492
0.4,0.0,0.3,0.2,0.1,0.0,0.430683
0.2,0.0,0.4,0.4,0.0,0.0,0.43466000000000005
0.6,0.1,0.0,0.3,0.0,0.0,0.42061499999999996
0.0,0.1,0.3,0.3,0.3,0.0,0.435674
0.0,0.1,0.4,0.4,0.1,0.0,0.433399
0.4,0.3,0.0,0.3,0.0,0.0,0.399018
0.2,0.1,0.4,0.0,0.3,0.0,0.407502
0.0,0.2,0.3,0.5,0.0,0.0,0.432791
0.2,0.0,0.5,0.1,0.0,0.2,0.43883599999999995
0.0,0.3,0.1,0.0,0.1,0.5,0.426209
0.0,0.2,0.2,0.0,0.1,0.5,0.42686
0.0,0.3,0.3,0.3,0.1,0.0,0.42967799999999995
0.4,0.0,0.0,0.0,0.5,0.1,0.46621899999999994
0.0,0.4,0.0,0.1,0.5,0.0,0.45389300000000005
0.1,0.0,0.0,0.3,0.1,0.5,0.495329
0.0,0.1,0.0,0.5,0.1,0.3,0.497778
0.0,0.5,0.0,0.1,0.0,0.4,0.44153000000000003
0.3,0.2,0.4,0.1,0.0,0.0,0.400868
0.2,0.1,0.0,0.3,0.4,0.0,0.451045
0.2,0.0,0.0,0.2,0.3,0.3,0.48540600000000006
0.4,0.0,0.1,0.0,0.4,0.1,0.456211
0.2,0.1,0.0,0.0,0.1,0.6,0.457896
0.0,0.2,0.1,0.4,0.0,0.3,0.45582799999999996
0.0,0.1,0.2,0.3,0.0,0.4,0.45361899999999994
0.1,0.1,0.0,0.2,0.6,0.0,0.47409300000000004
0.1,0.3,0.3,0.0,0.3,0.0,0.411592
0.2,0.3,0.0,0.0,0.0,0.5,0.398461
0.0,0.3,0.3,0.0,0.4,0.0,0.42316099999999995
0.4,0.0,0.0,0.1,0.4,0.1,0.47374799999999995
0.3,0.0,0.2,0.3,0.2,0.0,0.42867200000000005
0.2,0.0,0.4,0.0,0.0,0.4,0.439932
0.2,0.0,0.5,0.0,0.3,0.0,0.422548
0.0,0.1,0.1,0.8,0.0,0.0,0.459496
0.0,0.0,0.2,0.7,0.0,0.1,0.45455200000000007
0.4,0.1,0.1,0.0,0.4,0.0,0.422378
0.3,0.3,0.2,0.2,0.0,0.0,0.397787
0.0,0.9,0.0,0.1,0.0,0.0,0.446795
0.2,0.6,0.0,0.1,0.1,0.0,0.400862
0.3,0.0,0.0,0.0,0.1,0.6,0.462659
0.0,0.4,0.4,0.0,0.2,0.0,0.41717600000000005
0.1,0.6,0.0,0.0,0.1,0.2,0.43108100000000005
0.0,0.2,0.1,0.0,0.7,0.0,0.43265200000000004
0.3,0.5,0.2,0.0,0.0,0.0,0.39303
0.2,0.1,0.5,0.2,0.0,0.0,0.40522199999999997
0.6,0.1,0.3,0.0,0.0,0.0,0.39000300000000004
0.1,0.0,0.6,0.2,0.1,0.0,0.421757
0.4,0.3,0.0,0.1,0.2,0.0,0.396917
0.1,0.0,0.3,0.2,0.0,0.4,0.45841800000000005
0.0,0.0,0.3,0.0,0.3,0.4,0.449643
0.0,0.3,0.2,0.4,0.1,0.0,0.43947700000000006
0.0,0.2,0.5,0.3,0.0,0.0,0.422779
0.1,0.3,0.1,0.0,0.5,0.0,0.42955
0.0,0.0,0.0,0.6,0.4,0.0,0.515243
0.6,0.3,0.1,0.0,0.0,0.0,0.39010900000000004
0.0,0.0,0.2,0.6,0.1,0.1,0.45615600000000006
0.0,0.1,0.0,0.0,0.1,0.8,0.465052
0.4,0.1,0.0,0.4,0.0,0.1,0.42460299999999995
0.6,0.0,0.1,0.0,0.2,0.1,0.451925
0.0,0.1,0.3,0.4,0.0,0.2,0.451258
0.0,0.3,0.1,0.1,0.0,0.5,0.43164300000000005
0.0,0.0,0.1,0.2,0.2,0.5,0.475929
0.2,0.2,0.0,0.0,0.1,0.5,0.44723
0.1,0.0,0.3,0.4,0.0,0.2,0.459921
0.1,0.0,0.6,0.0,0.0,0.3,0.434357
0.0,0.0,0.5,0.0,0.2,0.3,0.433511
0.0,0.1,0.3,0.0,0.4,0.2,0.426726
0.2,0.2,0.5,0.0,0.0,0.1,0.422843
0.2,0.4,0.0,0.3,0.0,0.1,0.430356
0.6,0.2,0.1,0.1,0.0,0.0,0.395409
0.0,0.0,0.4,0.1,0.3,0.2,0.43427
0.0,0.0,0.3,0.0,0.4,0.3,0.44097600000000003
0.3,0.4,0.1,0.0,0.2,0.0,0.39514699999999997
0.0,0.8,0.1,0.0,0.1,0.0,0.40967600000000004
0.3,0.0,0.3,0.3,0.0,0.1,0.45025
0.2,0.0,0.1,0.3,0.0,0.4,0.461937
0.1,0.4,0.0,0.0,0.1,0.4,0.44005600000000006
0.3,0.3,0.0,0.0,0.1,0.3,0.44563400000000003
0.0,0.3,0.0,0.5,0.0,0.2,0.506846
0.1,0.0,0.6,0.0,0.3,0.0,0.413454
0.4,0.1,0.2,0.0,0.0,0.3,0.405544
0.5,0.0,0.0,0.0,0.4,0.1,0.461046
0.1,0.0,0.5,0.3,0.0,0.1,0.44959399999999994
0.0,0.1,0.5,0.4,0.0,0.0,0.431967
0.0,0.0,0.1,0.2,0.1,0.6,0.469235
0.0,0.3,0.4,0.0,0.3,0.0,0.418379
0.1,0.0,0.4,0.1,0.4,0.0,0.419652
0.0,0.2,0.0,0.3,0.1,0.4,0.492095
0.1,0.2,0.0,0.2,0.5,0.0,0.478839
0.1,0.3,0.0,0.1,0.0,0.5,0.43323599999999995
0.4,0.0,0.4,0.0,0.0,0.2,0.42206099999999996
0.0,0.1,0.0,0.0,0.2,0.7,0.460509
0.0,0.0,0.5,0.3,0.1,0.1,0.43988299999999997
0.2,0.0,0.0,0.1,0.1,0.6,0.495172
0.2,0.0,0.2,0.5,0.1,0.0,0.44076800000000005
0.3,0.0,0.0,0.1,0.6,0.0,0.459557
0.0,0.0,0.0,0.4,0.5,0.1,0.499671
0.4,0.0,0.4,0.1,0.1,0.0,0.43850600000000006
0.2,0.5,0.2,0.0,0.1,0.0,0.413699
0.1,0.3,0.0,0.0,0.0,0.6,0.396334
0.5,0.0,0.0,0.0,0.5,0.0,0.44133599999999995
0.0,0.1,0.3,0.5,0.0,0.1,0.44291499999999995
0.1,0.0,0.0,0.4,0.0,0.5,0.501925
0.0,0.0,0.3,0.2,0.4,0.1,0.44495100000000004
0.1,0.2,0.0,0.0,0.1,0.6,0.444525
0.2,0.3,0.0,0.4,0.1,0.0,0.422838
0.2,0.1,0.7,0.0,0.0,0.0,0.41360600000000003
0.0,0.0,0.6,0.4,0.0,0.0,0.423018
0.6,0.1,0.0,0.2,0.1,0.0,0.395683
0.2,0.0,0.1,0.0,0.7,0.0,0.43062399999999995
0.1,0.7,0.0,0.0,0.1,0.1,0.419634
0.0,0.0,0.5,0.4,0.1,0.0,0.43941199999999997
0.0,0.3,0.0,0.5,0.1,0.1,0.502375
0.5,0.0,0.0,0.0,0.3,0.2,0.482629
0.0,0.4,0.1,0.2,0.0,0.3,0.441795
0.1,0.4,0.0,0.3,0.2,0.0,0.448417
0.7,0.1,0.0,0.2,0.0,0.0,0.38629
0.6,0.4,0.0,0.0,0.0,0.0,0.365763
0.1,0.1,0.0,0.7,0.1,0.0,0.461462
0.0,0.3,0.1,0.2,0.0,0.4,0.45270900000000003
0.2,0.0,0.1,0.1,0.6,0.0,0.441126
0.1,0.0,0.2,0.0,0.7,0.0,0.42884300000000003
0.5,0.2,0.0,0.0,0.1,0.2,0.43933199999999994
0.0,0.0,0.1,0.4,0.4,0.1,0.462851
0.0,0.0,0.3,0.0,0.7,0.0,0.426245
0.0,0.5,0.2,0.3,0.0,0.0,0.42818100000000003
0.3,0.3,0.1,0.0,0.3,0.0,0.40223000000000003
0.1,0.2,0.1,0.0,0.0,0.6,0.40621799999999997
0.4,0.2,0.3,0.0,0.0,0.1,0.408182
0.5,0.0,0.5,0.0,0.0,0.0,0.42408900000000005
0.4,0.0,0.0,0.5,0.1,0.0,0.44035799999999997
0.1,0.1,0.1,0.0,0.0,0.7,0.418483
0.4,0.1,0.2,0.0,0.3,0.0,0.39045100000000005
0.5,0.0,0.3,0.2,0.0,0.0,0.427659
0.3,0.0,0.3,0.2,0.0,0.2,0.441646
0.0,0.1,0.6,0.2,0.1,0.0,0.407058
0.0,0.2,0.0,0.3,0.4,0.1,0.446304
0.2,0.5,0.2,0.0,0.0,0.1,0.41293199999999997
0.0,0.6,0.0,0.2,0.1,0.1,0.46070900000000004
0.0,0.3,0.3,0.0,0.0,0.4,0.4103
0.1,0.2,0.0,0.0,0.2,0.5,0.43892600000000004
0.0,0.1,0.2,0.3,0.4,0.0,0.445957
0.0,0.0,0.1,0.4,0.0,0.5,0.447067
0.0,0.0,0.5,0.0,0.5,0.0,0.408956
0.0,0.1,0.0,0.4,0.4,0.1,0.47927200000000003
0.1,0.0,0.0,0.6,0.2,0.1,0.49315
0.0,0.1,0.0,0.1,0.1,0.7,0.45915100000000003
0.0,0.1,0.4,0.0,0.0,0.5,0.41043
0.1,0.0,0.1,0.0,0.4,0.4,0.442641
0.0,0.3,0.3,0.1,0.3,0.0,0.418512
0.6,0.3,0.0,0.0,0.1,0.0,0.401779
0.1,0.2,0.0,0.4,0.3,0.0,0.45861999999999997
0.3,0.1,0.5,0.0,0.1,0.0,0.409143
0.1,0.0,0.1,0.5,0.3,0.0,0.441433
0.7,0.0,0.1,0.2,0.0,0.0,0.43194899999999997
0.5,0.0,0.0,0.2,0.2,0.1,0.46636700000000003
0.2,0.0,0.3,0.0,0.4,0.1,0.42766000000000004
0.0,0.2,0.3,0.0,0.1,0.4,0.42957399999999996
0.0,0.2,0.0,0.7,0.1,0.0,0.482088
0.3,0.0,0.3,0.0,0.0,0.4,0.428062
0.1,0.0,0.2,0.2,0.0,0.5,0.458921
0.0,0.0,0.1,0.8,0.1,0.0,0.440247
0.0,0.7,0.1,0.0,0.1,0.1,0.408024
0.1,0.0,0.7,0.0,0.2,0.0,0.41656899999999997
0.8,0.0,0.1,0.1,0.0,0.0,0.431
0.3,0.4,0.0,0.3,0.0,0.0,0.402563
0.0,0.1,0.2,0.6,0.1,0.0,0.443053
0.1,0.0,0.0,0.5,0.2,0.2,0.46043199999999995
0.5,0.0,0.3,0.1,0.1,0.0,0.41184799999999994
0.0,0.1,0.6,0.2,0.0,0.1,0.408491
0.1,0.0,0.3,0.3,0.0,0.3,0.446883
0.4,0.3,0.2,0.0,0.0,0.1,0.381334
0.3,0.0,0.5,0.0,0.2,0.0,0.419386
0.0,0.6,0.1,0.0,0.0,0.3,0.408498
0.4,0.0,0.0,0.0,0.0,0.6,0.415412
0.0,0.2,0.0,0.0,0.7,0.1,0.44528599999999996
0.5,0.1,0.2,0.0,0.2,0.0,0.412037
0.0,0.0,0.2,0.1,0.3,0.4,0.43066800000000005
0.0,0.2,0.1,0.0,0.4,0.3,0.418968
0.1,0.0,0.8,0.1,0.0,0.0,0.40871999999999997
0.8,0.1,0.1,0.0,0.0,0.0,0.374693
0.2,0.3,0.4,0.0,0.1,0.0,0.403767
0.1,0.0,0.0,0.0,0.8,0.1,0.43908100000000005
0.0,0.0,0.0,0.0,0.4,0.6,0.46100399999999997
0.1,0.4,0.1,0.0,0.4,0.0,0.421109
0.1,0.0,0.2,0.5,0.0,0.2,0.41715699999999994
0.0,0.3,0.2,0.2,0.0,0.3,0.439754
0.1,0.4,0.0,0.4,0.1,0.0,0.41894
0.0,0.3,0.1,0.0,0.0,0.6,0.412642
0.2,0.1,0.0,0.0,0.3,0.4,0.420788
0.2,0.2,0.0,0.5,0.1,0.0,0.41511499999999996
0.0,0.2,0.0,0.5,0.1,0.2,0.428374
0.0,0.0,0.4,0.1,0.5,0.0,0.41908900000000004
0.5,0.0,0.0,0.2,0.1,0.2,0.446032
0.2,0.0,0.0,0.2,0.5,0.1,0.42967700000000003
0.2,0.3,0.0,0.0,0.5,0.0,0.391256
0.0,0.1,0.5,0.0,0.1,0.3,0.39923200000000003
0.3,0.2,0.0,0.3,0.2,0.0,0.39532
0.6,0.0,0.3,0.1,0.0,0.0,0.399834
0.2,0.4,0.1,0.3,0.0,0.0,0.396706
0.4,0.0,0.2,0.3,0.0,0.1,0.412029
0.5,0.0,0.4,0.0,0.0,0.1,0.417908
0.2,0.0,0.1,0.5,0.2,0.0,0.437033
0.0,0.2,0.0,0.6,0.1,0.1,0.46596400000000004
0.1,0.2,0.1,0.6,0.0,0.0,0.428022
0.0,0.2,0.2,0.5,0.0,0.1,0.41838500000000006
0.2,0.2,0.0,0.3,0.0,0.3,0.42032600000000003
0.0,0.0,0.1,0.3,0.3,0.3,0.44303000000000003
0.3,0.0,0.0,0.1,0.5,0.1,0.45021400000000006
0.0,0.3,0.0,0.2,0.3,0.2,0.44771400000000006
0.4,0.0,0.1,0.4,0.0,0.1,0.419653
0.0,0.0,0.0,0.6,0.3,0.1,0.43511099999999997
0.1,0.0,0.0,0.1,0.8,0.0,0.407337
0.2,0.0,0.2,0.0,0.5,0.1,0.42663
0.0,0.2,0.0,0.3,0.0,0.5,0.483088
0.5,0.4,0.0,0.0,0.0,0.1,0.387406
0.1,0.1,0.0,0.0,0.2,0.6,0.42362299999999997
0.0,0.4,0.4,0.1,0.1,0.0,0.41147
0.1,0.2,0.0,0.0,0.4,0.3,0.41324399999999994
0.3,0.0,0.0,0.6,0.0,0.1,0.402919
0.2,0.4,0.0,0.1,0.0,0.3,0.408852
0.0,0.1,0.1,0.4,0.4,0.0,0.430863
0.1,0.0,0.1,0.7,0.1,0.0,0.418231
0.5,0.1,0.3,0.0,0.0,0.1,0.398447
0.0,0.3,0.0,0.0,0.1,0.6,0.41320200000000007
0.0,0.2,0.1,0.6,0.0,0.1,0.408065
0.1,0.3,0.0,0.5,0.1,0.0,0.408429
0.5,0.1,0.0,0.2,0.0,0.2,0.398555
0.4,0.0,0.0,0.4,0.2,0.0,0.40910799999999997
0.0,0.6,0.0,0.1,0.1,0.2,0.42223599999999994
0.0,0.0,0.2,0.1,0.4,0.3,0.421861
0.0,0.1,0.5,0.0,0.2,0.2,0.42464399999999997
0.0,0.4,0.0,0.5,0.0,0.1,0.403461
0.3,0.2,0.0,0.1,0.0,0.4,0.395999
0.3,0.0,0.3,0.1,0.3,0.0,0.38509299999999996
0.0,0.0,0.5,0.5,0.0,0.0,0.40029899999999996
0.0,0.4,0.2,0.0,0.4,0.0,0.39577399999999996
0.2,0.5,0.0,0.0,0.0,0.3,0.375206
0.0,0.1,0.7,0.1,0.0,0.1,0.397336
0.0,0.5,0.0,0.3,0.0,0.2,0.40307800000000005
0.2,0.1,0.1,0.0,0.0,0.6,0.391372
0.1,0.7,0.0,0.0,0.0,0.2,0.393801
0.3,0.3,0.0,0.0,0.0,0.4,0.374771
0.0,0.0,0.0,0.3,0.2,0.5,0.39083
0.0,0.5,0.3,0.0,0.2,0.0,0.390571
0.3,0.2,0.0,0.0,0.2,0.3,0.413062
0.3,0.1,0.0,0.3,0.0,0.3,0.43736899999999995
0.0,0.6,0.0,0.3,0.0,0.1,0.41708599999999996
0.1,0.1,0.0,0.8,0.0,0.0,0.430429
0.2,0.3,0.2,0.3,0.0,0.0,0.39362600000000003
0.1,0.5,0.1,0.3,0.0,0.0,0.399457
0.0,0.1,0.0,0.3,0.6,0.0,0.45789399999999997
0.0,0.3,0.0,0.1,0.1,0.5,0.45903
0.2,0.0,0.5,0.1,0.2,0.0,0.419567
0.2,0.0,0.0,0.3,0.1,0.4,0.475879
0.3,0.0,0.0,0.0,0.0,0.7,0.44852
0.3,0.0,0.1,0.5,0.1,0.0,0.44002299999999994
0.2,0.4,0.0,0.0,0.4,0.0,0.430551
0.2,0.1,0.4,0.3,0.0,0.0,0.405912
0.1,0.5,0.0,0.0,0.3,0.1,0.43218
0.3,0.0,0.0,0.0,0.5,0.2,0.43627299999999997
0.0,0.5,0.4,0.0,0.0,0.1,0.41168299999999997
0.3,0.0,0.0,0.0,0.4,0.3,0.439859
0.1,0.0,0.0,0.7,0.2,0.0,0.478239
0.6,0.0,0.3,0.0,0.0,0.1,0.43156700000000003
0.2,0.0,0.1,0.3,0.4,0.0,0.43526099999999995
0.0,0.0,0.4,0.3,0.3,0.0,0.441856
0.0,0.3,0.3,0.3,0.0,0.1,0.424716
0.3,0.3,0.0,0.4,0.0,0.0,0.407124
0.1,0.0,0.2,0.6,0.1,0.0,0.435076
0.0,0.1,0.4,0.1,0.4,0.0,0.422245
0.4,0.0,0.0,0.3,0.3,0.0,0.443935
0.1,0.8,0.0,0.1,0.0,0.0,0.423677
0.2,0.0,0.1,0.4,0.3,0.0,0.43221400000000004
0.4,0.0,0.0,0.0,0.1,0.5,0.483843
0.6,0.1,0.0,0.1,0.0,0.2,0.415286
0.4,0.4,0.1,0.0,0.1,0.0,0.40436500000000003
0.3,0.2,0.0,0.0,0.5,0.0,0.428888
0.2,0.0,0.1,0.2,0.5,0.0,0.430088
0.6,0.0,0.0,0.0,0.4,0.0,0.43833900000000003
0.0,0.5,0.4,0.1,0.0,0.0,0.414946
0.1,0.0,0.0,0.9,0.0,0.0,0.46769099999999997
0.2,0.2,0.1,0.0,0.0,0.5,0.410361
0.0,0.0,0.3,0.3,0.2,0.2,0.442097
0.0,0.0,0.1,0.1,0.3,0.5,0.46458599999999994
0.0,0.0,0.6,0.0,0.4,0.0,0.416627
0.0,0.3,0.1,0.5,0.1,0.0,0.43218199999999996
0.4,0.0,0.2,0.0,0.3,0.1,0.432871
0.1,0.1,0.4,0.4,0.0,0.0,0.428037
0.0,0.1,0.0,0.2,0.4,0.3,0.45223100000000005
0.3,0.1,0.0,0.0,0.2,0.4,0.447932
0.0,0.1,0.3,0.0,0.0,0.6,0.41243
0.2,0.4,0.3,0.1,0.0,0.0,0.409042
0.0,0.5,0.2,0.1,0.0,0.2,0.432133
0.0,0.0,0.5,0.0,0.1,0.4,0.43005299999999996
0.2,0.0,0.3,0.0,0.0,0.5,0.441979
0.1,0.2,0.3,0.0,0.0,0.4,0.41025100000000003
0.0,0.0,0.0,0.3,0.6,0.1,0.447067
0.1,0.1,0.7,0.1,0.0,0.0,0.422372
0.1,0.0,0.0,0.5,0.1,0.3,0.448355
0.2,0.1,0.0,0.3,0.0,0.4,0.40633800000000003
0.0,0.0,0.1,0.1,0.6,0.2,0.41990900000000003
0.1,0.6,0.0,0.3,0.0,0.0,0.41764799999999996
0.1,0.0,0.3,0.0,0.1,0.5,0.414637
0.0,0.0,0.0,0.5,0.1,0.4,0.425825
0.0,0.5,0.0,0.3,0.1,0.1,0.413512
0.3,0.0,0.0,0.3,0.2,0.2,0.45824799999999993
0.0,0.0,0.0,0.1,0.8,0.1,0.435355
0.2,0.0,0.5,0.2,0.1,0.0,0.423101
0.0,0.0,0.1,0.1,0.5,0.3,0.438037
0.1,0.4,0.3,0.0,0.0,0.2,0.41329099999999996
0.2,0.1,0.5,0.0,0.0,0.2,0.411293
0.1,0.1,0.5,0.0,0.3,0.0,0.393362
0.1,0.3,0.3,0.3,0.0,0.0,0.39555300000000004
0.3,0.2,0.3,0.0,0.0,0.2,0.407053
0.1,0.3,0.0,0.0,0.4,0.2,0.43273
0.0,0.0,0.4,0.0,0.1,0.5,0.417072
0.4,0.2,0.0,0.0,0.0,0.4,0.39857600000000004
0.0,0.0,0.2,0.4,0.4,0.0,0.42002399999999995
0.0,0.2,0.0,0.1,0.7,0.0,0.41809700000000005
0.9,0.0,0.0,0.0,0.1,0.0,0.414214
0.0,0.0,0.2,0.5,0.2,0.1,0.409171
0.0,0.0,0.0,0.4,0.3,0.3,0.42123900000000003
0.2,0.0,0.1,0.0,0.6,0.1,0.43478
0.1,0.0,0.0,0.3,0.5,0.1,0.42337600000000003
0.0,0.1,0.2,0.2,0.0,0.5,0.43324799999999997
0.0,0.0,0.0,0.9,0.0,0.1,0.47656800000000005
0.0,0.0,0.0,0.7,0.2,0.1,0.44347600000000004
0.2,0.4,0.3,0.0,0.0,0.1,0.409337
0.1,0.7,0.2,0.0,0.0,0.0,0.408048
0.0,0.3,0.4,0.0,0.1,0.2,0.40842
0.5,0.3,0.0,0.0,0.2,0.0,0.389967
0.0,0.1,0.2,0.0,0.5,0.2,0.41157200000000005
0.3,0.2,0.0,0.5,0.0,0.0,0.411386
0.3,0.0,0.2,0.2,0.3,0.0,0.406141
0.2,0.4,0.1,0.0,0.0,0.3,0.394698
0.0,0.0,0.7,0.0,0.0,0.3,0.412692
0.1,0.0,0.2,0.0,0.5,0.2,0.402462
0.3,0.0,0.1,0.4,0.2,0.0,0.41026899999999994
0.2,0.3,0.0,0.2,0.0,0.3,0.421626
0.3,0.0,0.5,0.2,0.0,0.0,0.393085
0.2,0.3,0.2,0.0,0.3,0.0,0.396536
0.1,0.2,0.1,0.0,0.6,0.0,0.41868999999999995
0.1,0.1,0.4,0.0,0.0,0.4,0.403393
0.1,0.1,0.0,0.2,0.0,0.6,0.422303
0.3,0.5,0.0,0.0,0.0,0.2,0.38167399999999996
0.4,0.0,0.1,0.2,0.0,0.3,0.416958
0.5,0.1,0.0,0.2,0.2,0.0,0.40078400000000003
0.0,0.1,0.3,0.0,0.5,0.1,0.42599499999999996
0.0,0.1,0.0,0.7,0.2,0.0,0.443058
0.1,0.0,0.1,0.8,0.0,0.0,0.416076
0.1,0.3,0.4,0.0,0.0,0.2,0.403878
0.0,0.2,0.2,0.0,0.5,0.1,0.408538
0.1,0.2,0.6,0.0,0.1,0.0,0.40455
0.4,0.0,0.3,0.2,0.0,0.1,0.40807
0.2,0.0,0.0,0.0,0.7,0.1,0.394994
0.0,0.0,0.4,0.2,0.1,0.3,0.43998400000000004
0.1,0.0,0.0,0.5,0.3,0.1,0.423529
0.3,0.0,0.5,0.0,0.1,0.1,0.41583400000000004
0.2,0.0,0.3,0.3,0.0,0.2,0.419113
0.0,0.3,0.3,0.0,0.1,0.3,0.42157700000000004
0.1,0.2,0.3,0.4,0.0,0.0,0.410894
0.0,0.1,0.2,0.4,0.0,0.3,0.429439
0.5,0.0,0.1,0.0,0.3,0.1,0.430946
0.0,0.1,0.4,0.1,0.0,0.4,0.41545600000000005
0.2,0.2,0.0,0.5,0.0,0.1,0.405217
0.1,0.0,0.3,0.0,0.2,0.4,0.43054799999999993
0.0,0.3,0.0,0.0,0.4,0.3,0.426583
0.0,0.7,0.1,0.2,0.0,0.0,0.42468
0.2,0.0,0.4,0.1,0.0,0.3,0.435978
0.0,0.0,0.1,0.2,0.5,0.2,0.446667
0.1,0.6,0.1,0.0,0.2,0.0,0.402008
0.0,0.4,0.0,0.0,0.3,0.3,0.43509
0.4,0.2,0.0,0.3,0.0,0.1,0.39024000000000003
0.1,0.0,0.3,0.0,0.6,0.0,0.39810500000000004
0.5,0.1,0.2,0.2,0.0,0.0,0.388833
0.2,0.0,0.1,0.5,0.0,0.2,0.420947
0.4,0.0,0.3,0.1,0.0,0.2,0.43149499999999996
0.7,0.0,0.1,0.1,0.0,0.1,0.43016400000000005
0.2,0.0,0.2,0.1,0.5,0.0,0.422929
0.0,0.4,0.3,0.2,0.1,0.0,0.414246
0.5,0.0,0.0,0.1,0.2,0.2,0.458646
0.0,0.5,0.1,0.0,0.0,0.4,0.420177
0.3,0.1,0.0,0.0,0.4,0.2,0.44634300000000005
0.1,0.2,0.0,0.6,0.0,0.1,0.45491899999999996
0.3,0.0,0.3,0.2,0.2,0.0,0.42889700000000003
0.1,0.0,0.0,0.1,0.5,0.3,0.461032
0.1,0.5,0.3,0.0,0.0,0.1,0.42203199999999996
0.0,0.5,0.0,0.0,0.1,0.4,0.43721499999999996
0.2,0.0,0.0,0.7,0.1,0.0,0.47471499999999994
0.0,0.4,0.0,0.0,0.0,0.6,0.421638
0.1,0.0,0.3,0.4,0.2,0.0,0.419067
0.0,0.4,0.0,0.6,0.0,0.0,0.44805600000000007
0.0,0.4,0.1,0.4,0.0,0.1,0.432058
0.3,0.2,0.1,0.0,0.0,0.4,0.40160300000000004
0.2,0.0,0.4,0.1,0.3,0.0,0.411371
0.0,0.2,0.2,0.0,0.3,0.3,0.428029
0.0,0.2,0.1,0.0,0.5,0.2,0.42198
0.3,0.1,0.0,0.0,0.5,0.1,0.42821400000000004
0.2,0.2,0.0,0.1,0.0,0.5,0.42428299999999997
0.3,0.5,0.0,0.2,0.0,0.0,0.398848
0.4,0.3,0.1,0.2,0.0,0.0,0.396883
0.4,0.0,0.0,0.3,0.0,0.3,0.448395
0.1,0.4,0.3,0.2,0.0,0.0,0.417605
0.7,0.0,0.0,0.0,0.1,0.2,0.442248
0.0,0.0,0.4,0.1,0.4,0.1,0.427883
0.2,0.1,0.0,0.2,0.5,0.0,0.442538
0.4,0.4,0.0,0.1,0.0,0.1,0.405062
0.1,0.4,0.0,0.0,0.0,0.5,0.397902
0.4,0.0,0.1,0.0,0.2,0.3,0.44749799999999995
0.1,0.0,0.0,0.1,0.1,0.7,0.46687700000000004
0.1,0.0,0.0,0.0,0.9,0.0,0.44088299999999997
0.0,0.0,0.3,0.2,0.0,0.5,0.44826099999999997
0.0,0.2,0.6,0.1,0.0,0.1,0.408736
0.3,0.0,0.3,0.0,0.4,0.0,0.41380500000000003
0.2,0.0,0.2,0.3,0.3,0.0,0.425412
0.3,0.4,0.0,0.0,0.2,0.1,0.419559
0.0,0.3,0.3,0.4,0.0,0.0,0.428196
0.0,0.6,0.2,0.1,0.1,0.0,0.421343
0.4,0.0,0.1,0.4,0.1,0.0,0.42834300000000003
0.0,0.1,0.1,0.6,0.2,0.0,0.462002
0.1,0.2,0.4,0.0,0.3,0.0,0.406736
0.0,0.2,0.0,0.4,0.1,0.3,0.475793
0.4,0.0,0.0,0.1,0.5,0.0,0.43726499999999996
0.1,0.0,0.5,0.2,0.2,0.0,0.41121599999999997
0.2,0.3,0.0,0.4,0.0,0.1,0.424317
0.0,0.0,0.0,0.0,0.9,0.1,0.442015
0.5,0.1,0.0,0.0,0.1,0.3,0.427511
0.0,0.4,0.0,0.2,0.3,0.1,0.451608
0.2,0.3,0.0,0.5,0.0,0.0,0.410491
0.1,0.3,0.1,0.0,0.0,0.5,0.401072
0.2,0.0,0.2,0.0,0.1,0.5,0.42450200000000005
0.3,0.4,0.1,0.0,0.0,0.2,0.388394
0.0,0.0,0.4,0.0,0.4,0.2,0.424854
0.0,0.3,0.0,0.4,0.2,0.1,0.423496
0.1,0.0,0.0,0.1,0.4,0.4,0.45835600000000004
0.0,0.6,0.1,0.2,0.1,0.0,0.41185
0.3,0.1,0.4,0.0,0.0,0.2,0.396393
0.3,0.0,0.3,0.1,0.0,0.3,0.41214300000000004
0.4,0.0,0.2,0.0,0.4,0.0,0.41743
0.4,0.3,0.3,0.0,0.0,0.0,0.378136
0.0,0.8,0.0,0.0,0.1,0.1,0.423284
0.0,0.3,0.1,0.5,0.0,0.1,0.429713
0.1,0.1,0.0,0.0,0.5,0.3,0.436608
0.0,0.2,0.5,0.0,0.1,0.2,0.403506
0.2,0.0,0.3,0.5,0.0,0.0,0.414735
0.0,0.1,0.1,0.5,0.0,0.3,0.453463
0.0,0.4,0.1,0.0,0.5,0.0,0.41499300000000006
0.6,0.1,0.0,0.0,0.0,0.3,0.386466
0.1,0.1,0.0,0.0,0.3,0.5,0.44054
0.0,0.0,0.3,0.6,0.0,0.1,0.427933
0.0,0.7,0.2,0.0,0.1,0.0,0.403947
0.6,0.2,0.0,0.0,0.1,0.1,0.428588
0.0,0.0,0.3,0.4,0.0,0.3,0.451162
0.6,0.0,0.0,0.0,0.0,0.4,0.422907
0.1,0.0,0.1,0.0,0.6,0.2,0.423354
0.1,0.1,0.7,0.0,0.1,0.0,0.407168
0.0,0.0,0.1,0.2,0.4,0.3,0.408977
0.5,0.1,0.2,0.0,0.0,0.2,0.386621
0.6,0.0,0.1,0.0,0.0,0.3,0.403903
0.0,0.7,0.0,0.0,0.1,0.2,0.42243500000000006
0.1,0.1,0.0,0.0,0.0,0.8,0.405091
0.2,0.4,0.0,0.1,0.3,0.0,0.419488
0.5,0.2,0.0,0.1,0.2,0.0,0.381723
0.3,0.1,0.3,0.0,0.3,0.0,0.377956
0.1,0.0,0.0,0.2,0.6,0.1,0.4493
0.0,0.0,0.1,0.4,0.1,0.4,0.42011000000000004
0.1,0.0,0.1,0.3,0.0,0.5,0.42868
0.1,0.0,0.2,0.4,0.3,0.0,0.439562
0.3,0.0,0.4,0.0,0.1,0.2,0.417854
0.1,0.1,0.0,0.1,0.7,0.0,0.406697
0.4,0.1,0.0,0.0,0.1,0.4,0.40830900000000003
0.2,0.1,0.4,0.0,0.0,0.3,0.416005
0.1,0.0,0.3,0.0,0.0,0.6,0.431004
0.1,0.0,0.5,0.0,0.3,0.1,0.414625
0.3,0.1,0.4,0.0,0.2,0.0,0.398325
0.3,0.6,0.0,0.0,0.0,0.1,0.36964
0.2,0.4,0.3,0.0,0.1,0.0,0.396503
0.1,0.0,0.4,0.3,0.2,0.0,0.392617
0.0,0.4,0.3,0.0,0.2,0.1,0.415016
0.4,0.0,0.0,0.1,0.2,0.3,0.429883
0.1,0.3,0.5,0.0,0.1,0.0,0.397897
0.0,0.2,0.1,0.5,0.0,0.2,0.424957
0.1,0.5,0.0,0.3,0.1,0.0,0.411441
0.1,0.3,0.6,0.0,0.0,0.0,0.403525
0.5,0.3,0.0,0.2,0.0,0.0,0.380399
0.5,0.0,0.2,0.1,0.0,0.2,0.41647799999999996
0.0,0.0,0.0,0.1,0.1,0.8,0.42981400000000003
0.0,0.0,0.0,0.0,0.1,0.9,0.453036
0.4,0.0,0.5,0.0,0.1,0.0,0.414178
0.6,0.0,0.1,0.1,0.2,0.0,0.426597
0.0,0.3,0.2,0.0,0.0,0.5,0.41156499999999996
0.4,0.0,0.0,0.4,0.1,0.1,0.42968999999999996
0.1,0.6,0.1,0.0,0.0,0.2,0.38976700000000003
0.0,0.1,0.7,0.0,0.1,0.1,0.39224899999999996
0.0,0.5,0.1,0.0,0.3,0.1,0.392852
0.0,0.7,0.1,0.1,0.0,0.1,0.402283
0.3,0.3,0.0,0.0,0.3,0.1,0.42398800000000003
0.0,0.1,0.0,0.9,0.0,0.0,0.495483
0.2,0.1,0.6,0.0,0.0,0.1,0.405859
0.0,0.5,0.4,0.0,0.1,0.0,0.389207
0.6,0.1,0.1,0.0,0.0,0.2,0.37766900000000003
0.1,0.0,0.0,0.3,0.2,0.4,0.45361999999999997
0.0,0.0,0.4,0.4,0.0,0.2,0.41811400000000004
0.1,0.0,0.0,0.8,0.0,0.1,0.46617200000000003
0.1,0.0,0.2,0.3,0.4,0.0,0.44038299999999997
0.2,0.3,0.5,0.0,0.0,0.0,0.410896
0.2,0.0,0.3,0.3,0.2,0.0,0.41575
0.0,0.0,0.1,0.5,0.0,0.4,0.44549399999999995
0.3,0.0,0.0,0.3,0.3,0.1,0.465909
0.0,0.0,0.0,0.1,0.9,0.0,0.450654
0.1,0.3,0.0,0.3,0.0,0.3,0.439014
0.0,0.0,0.5,0.0,0.3,0.2,0.41970100000000005
0.1,0.2,0.0,0.7,0.0,0.0,0.43444799999999995
0.0,0.1,0.1,0.7,0.0,0.1,0.446221
0.1,0.6,0.0,0.2,0.0,0.1,0.42833000000000004
0.0,0.0,0.1,0.4,0.2,0.3,0.45384399999999997
0.0,0.0,0.2,0.0,0.5,0.3,0.432478
0.0,0.2,0.0,0.3,0.3,0.2,0.468329
0.2,0.6,0.1,0.0,0.0,0.1,0.402881
0.0,0.1,0.0,0.1,0.5,0.3,0.43138999999999994
0.2,0.4,0.0,0.0,0.1,0.3,0.42856700000000003
0.0,0.1,0.7,0.2,0.0,0.0,0.41462
0.1,0.0,0.1,0.7,0.0,0.1,0.450246
0.0,0.9,0.1,0.0,0.0,0.0,0.419018
0.1,0.2,0.3,0.0,0.4,0.0,0.398988
0.0,0.4,0.5,0.1,0.0,0.0,0.402518
0.3,0.0,0.1,0.2,0.4,0.0,0.41673599999999994
0.2,0.3,0.3,0.2,0.0,0.0,0.395063
0.0,0.2,0.0,0.1,0.2,0.5,0.456585
0.2,0.5,0.0,0.3,0.0,0.0,0.407885
0.0,0.2,0.1,0.3,0.0,0.4,0.447683
0.1,0.7,0.1,0.0,0.1,0.0,0.406719
0.0,0.7,0.2,0.0,0.0,0.1,0.43463
0.3,0.0,0.1,0.1,0.5,0.0,0.43739799999999995
0.0,0.1,0.1,0.0,0.4,0.4,0.442504
0.4,0.0,0.0,0.4,0.0,0.2,0.469693
0.2,0.0,0.0,0.4,0.1,0.3,0.469983
0.4,0.3,0.0,0.0,0.3,0.0,0.40812800000000005
0.0,0.3,0.7,0.0,0.0,0.0,0.399593
0.0,0.1,0.1,0.7,0.1,0.0,0.42040600000000006
0.3,0.2,0.0,0.0,0.0,0.5,0.387312
0.1,0.0,0.0,0.0,0.5,0.4,0.43845
0.0,0.0,0.1,0.4,0.3,0.2,0.468976
0.4,0.2,0.0,0.0,0.3,0.1,0.430918
0.0,0.3,0.0,0.2,0.5,0.0,0.47119799999999995
0.1,0.0,0.4,0.1,0.0,0.4,0.43068900000000004
0.1,0.2,0.5,0.2,0.0,0.0,0.409033
0.5,0.2,0.2,0.0,0.1,0.0,0.378905
0.5,0.0,0.3,0.0,0.2,0.0,0.421303
0.5,0.4,0.0,0.0,0.1,0.0,0.387866
0.4,0.0,0.0,0.1,0.3,0.2,0.44321000000000005
0.0,0.3,0.5,0.1,0.0,0.1,0.407283
0.2,0.3,0.0,0.0,0.2,0.3,0.432529
0.1,0.2,0.0,0.3,0.0,0.4,0.440083
0.3,0.1,0.0,0.6,0.0,0.0,0.43584700000000004
0.0,0.5,0.0,0.0,0.5,0.0,0.42527299999999996
0.0,0.3,0.5,0.0,0.0,0.2,0.397646
0.0,0.0,0.1,0.2,0.3,0.4,0.43511700000000003
0.2,0.4,0.4,0.0,0.0,0.0,0.39695
0.0,0.0,0.3,0.1,0.0,0.6,0.42784300000000003
0.1,0.5,0.1,0.0,0.0,0.3,0.40157600000000004
0.0,0.2,0.1,0.6,0.1,0.0,0.42349799999999993
0.7,0.0,0.1,0.1,0.1,0.0,0.405671
0.0,0.2,0.6,0.0,0.1,0.1,0.395458
0.2,0.0,0.1,0.0,0.1,0.6,0.421717
0.0,0.2,0.1,0.3,0.4,0.0,0.435906
0.0,0.2,0.1,0.0,0.1,0.6,0.430217
0.4,0.0,0.1,0.0,0.5,0.0,0.42002700000000004
0.0,0.1,0.0,0.2,0.2,0.5,0.474484
0.1,0.6,0.3,0.0,0.0,0.0,0.409107
0.0,0.0,0.1,0.9,0.0,0.0,0.42046999999999995
0.4,0.0,0.4,0.0,0.1,0.1,0.43055299999999996
0.7,0.0,0.0,0.1,0.2,0.0,0.45342299999999996
0.2,0.0,0.1,0.0,0.4,0.3,0.435388
0.1,0.7,0.1,0.1,0.0,0.0,0.396993
0.0,0.7,0.3,0.0,0.0,0.0,0.411304
0.0,0.8,0.0,0.1,0.0,0.1,0.440301
0.0,0.1,0.2,0.4,0.3,0.0,0.436121
0.4,0.6,0.0,0.0,0.0,0.0,0.391987
0.0,0.4,0.2,0.0,0.3,0.1,0.412684
0.3,0.0,0.1,0.3,0.3,0.0,0.429924
0.6,0.0,0.0,0.1,0.0,0.3,0.408509
0.1,0.0,0.0,0.6,0.1,0.2,0.42859200000000003
0.1,0.2,0.0,0.6,0.1,0.0,0.45001899999999995
0.4,0.0,0.2,0.0,0.0,0.4,0.426885
0.1,0.4,0.2,0.0,0.0,0.3,0.416494
0.5,0.2,0.0,0.2,0.0,0.1,0.41266
0.0,0.3,0.5,0.1,0.1,0.0,0.397233
0.0,0.0,0.2,0.0,0.4,0.4,0.41948900000000006
0.4,0.0,0.4,0.1,0.0,0.1,0.41289499999999996
0.0,0.1,0.5,0.0,0.4,0.0,0.399409
0.0,0.2,0.0,0.5,0.0,0.3,0.442698
0.0,0.0,0.6,0.0,0.1,0.3,0.411645
0.0,0.0,0.0,0.7,0.1,0.2,0.45085
0.1,0.0,0.3,0.0,0.5,0.1,0.42536
0.0,0.1,0.8,0.1,0.0,0.0,0.413641
0.2,0.4,0.0,0.0,0.0,0.4,0.390487
0.0,0.1,0.0,0.4,0.2,0.3,0.453324
0.0,0.3,0.0,0.3,0.0,0.4,0.478267
0.0,0.0,0.5,0.1,0.1,0.3,0.437435
0.0,0.6,0.1,0.0,0.3,0.0,0.406889
0.7,0.1,0.0,0.1,0.1,0.0,0.395638
0.0,0.3,0.0,0.2,0.0,0.5,0.441647
0.0,0.0,0.0,0.3,0.7,0.0,0.47233800000000004
0.0,0.4,0.3,0.0,0.3,0.0,0.411415
0.1,0.0,0.5,0.3,0.1,0.0,0.420709
0.1,0.0,0.5,0.0,0.1,0.3,0.42626800000000004
0.0,0.0,0.6,0.3,0.1,0.0,0.41861400000000004
0.0,0.5,0.1,0.0,0.1,0.3,0.420234
0.4,0.4,0.0,0.1,0.1,0.0,0.382467
0.0,0.5,0.2,0.0,0.0,0.3,0.391413
0.0,0.5,0.0,0.0,0.0,0.5,0.41038100000000005
0.0,0.0,0.1,0.6,0.3,0.0,0.412951
0.3,0.2,0.1,0.0,0.4,0.0,0.406929
0.5,0.3,0.0,0.1,0.1,0.0,0.386117
0.1,0.0,0.0,0.3,0.0,0.6,0.464262
0.2,0.1,0.1,0.0,0.6,0.0,0.42257799999999995
0.0,0.0,0.1,0.7,0.0,0.2,0.458688
0.0,0.3,0.0,0.3,0.4,0.0,0.481142
0.0,0.4,0.0,0.1,0.2,0.3,0.41213500000000003
0.0,0.3,0.6,0.1,0.0,0.0,0.411285
0.0,0.3,0.2,0.2,0.3,0.0,0.425408
0.0,0.5,0.3,0.1,0.0,0.1,0.40168400000000004
0.2,0.0,0.2,0.1,0.0,0.5,0.404414
0.0,0.1,0.0,0.5,0.4,0.0,0.473768
0.0,0.0,0.3,0.3,0.1,0.3,0.43438000000000004
0.1,0.3,0.0,0.4,0.2,0.0,0.41200000000000003
0.5,0.0,0.0,0.1,0.0,0.4,0.42994799999999994
0.0,0.4,0.0,0.0,0.6,0.0,0.43245
0.4,0.0,0.5,0.1,0.0,0.0,0.408906
0.2,0.4,0.0,0.4,0.0,0.0,0.391561
0.0,0.0,0.7,0.0,0.3,0.0,0.393968
0.1,0.3,0.4,0.2,0.0,0.0,0.405677
0.2,0.3,0.0,0.3,0.0,0.2,0.431104
0.8,0.0,0.0,0.0,0.1,0.1,0.44823199999999996
0.0,0.1,0.5,0.0,0.0,0.4,0.404088
0.0,0.6,0.0,0.0,0.1,0.3,0.422436
0.5,0.0,0.1,0.0,0.0,0.4,0.433896
0.1,0.1,0.0,0.4,0.4,0.0,0.443086
0.0,0.4,0.5,0.0,0.1,0.0,0.40899800000000003
0.1,0.3,0.0,0.5,0.0,0.1,0.437431
0.0,0.0,0.2,0.2,0.5,0.1,0.403862
0.3,0.1,0.1,0.5,0.0,0.0,0.40613499999999997
0.0,0.3,0.2,0.0,0.1,0.4,0.421242
0.0,0.1,0.4,0.5,0.0,0.0,0.42052700000000004
0.2,0.1,0.3,0.4,0.0,0.0,0.41316800000000004
0.4,0.0,0.0,0.2,0.0,0.4,0.44048999999999994
0.0,0.1,0.5,0.0,0.3,0.1,0.408358
0.0,0.0,0.1,0.5,0.1,0.3,0.421249
0.7,0.1,0.1,0.0,0.1,0.0,0.406611
0.3,0.0,0.2,0.0,0.4,0.1,0.408258
0.2,0.1,0.0,0.7,0.0,0.0,0.437508
0.5,0.0,0.1,0.2,0.0,0.2,0.442665
0.4,0.1,0.4,0.0,0.1,0.0,0.403364
0.0,0.2,0.5,0.2,0.0,0.1,0.410183
0.0,0.5,0.0,0.0,0.3,0.2,0.42397700000000005
0.2,0.0,0.1,0.0,0.3,0.4,0.45148900000000003
0.0,0.5,0.3,0.1,0.1,0.0,0.425587
0.1,0.0,0.1,0.3,0.5,0.0,0.45996899999999996
0.0,0.0,0.2,0.1,0.2,0.5,0.408983
0.0,0.2,0.3,0.0,0.0,0.5,0.407499
0.3,0.0,0.0,0.2,0.5,0.0,0.44538
0.1,0.4,0.0,0.1,0.0,0.4,0.411992
0.0,0.2,0.1,0.0,0.3,0.4,0.422759
0.0,0.6,0.3,0.0,0.1,0.0,0.405692
0.0,0.5,0.0,0.1,0.2,0.2,0.446078
0.2,0.6,0.0,0.1,0.0,0.1,0.394951
0.3,0.4,0.0,0.2,0.0,0.1,0.395909
0.7,0.1,0.0,0.0,0.0,0.2,0.37451100000000004
0.7,0.0,0.0,0.0,0.2,0.1,0.424436
0.0,0.0,0.1,0.3,0.6,0.0,0.447578
0.4,0.0,0.4,0.2,0.0,0.0,0.409521
0.2,0.0,0.0,0.5,0.2,0.1,0.392406
0.0,0.0,0.4,0.0,0.2,0.4,0.405185
0.0,0.0,0.1,0.0,0.5,0.4,0.42723999999999995
0.1,0.4,0.2,0.3,0.0,0.0,0.405212
0.1,0.2,0.0,0.5,0.0,0.2,0.41102799999999995
0.0,0.0,0.4,0.5,0.1,0.0,0.433892
0.7,0.2,0.0,0.0,0.0,0.1,0.361149
0.4,0.0,0.1,0.0,0.1,0.4,0.395995
0.1,0.4,0.0,0.3,0.0,0.2,0.420072
0.1,0.0,0.3,0.6,0.0,0.0,0.4502
0.5,0.3,0.1,0.0,0.0,0.1,0.3828
0.1,0.3,0.2,0.0,0.4,0.0,0.41509799999999997
0.4,0.0,0.3,0.1,0.2,0.0,0.42246999999999996
0.0,0.5,0.1,0.3,0.1,0.0,0.437275
0.0,0.0,0.4,0.4,0.1,0.1,0.452791
0.4,0.0,0.5,0.0,0.0,0.1,0.43396
0.0,0.0,0.0,0.3,0.4,0.3,0.47844799999999993
0.0,0.0,0.1,0.5,0.3,0.1,0.453326
0.1,0.5,0.2,0.2,0.0,0.0,0.419788
0.0,0.6,0.0,0.0,0.0,0.4,0.42461000000000004
0.0,0.3,0.0,0.0,0.7,0.0,0.444669
0.6,0.2,0.1,0.0,0.0,0.1,0.401536
0.0,0.1,0.0,0.1,0.0,0.8,0.449271
0.0,0.3,0.2,0.1,0.4,0.0,0.43179700000000004
0.2,0.3,0.0,0.3,0.2,0.0,0.424425
0.3,0.1,0.5,0.0,0.0,0.1,0.419121
0.3,0.1,0.0,0.4,0.2,0.0,0.431176
0.1,0.0,0.0,0.7,0.1,0.1,0.514447
0.1,0.1,0.0,0.0,0.1,0.7,0.466992
0.1,0.2,0.5,0.0,0.0,0.2,0.420183
0.2,0.0,0.6,0.1,0.0,0.1,0.448776
0.0,0.1,0.3,0.2,0.4,0.0,0.44148699999999996
0.0,0.3,0.4,0.2,0.0,0.1,0.42121000000000003
0.3,0.0,0.4,0.3,0.0,0.0,0.43252799999999997
0.3,0.0,0.4,0.2,0.0,0.1,0.44898999999999994
0.7,0.0,0.0,0.3,0.0,0.0,0.444529
0.2,0.1,0.0,0.2,0.0,0.5,0.46188900000000005
0.0,0.5,0.1,0.2,0.0,0.2,0.44799999999999995
0.3,0.0,0.0,0.1,0.1,0.5,0.5032760000000001
0.0,0.4,0.4,0.0,0.1,0.1,0.425141
0.0,0.3,0.0,0.4,0.3,0.0,0.499407
0.2,0.0,0.0,0.1,0.3,0.4,0.50275
0.2,0.0,0.0,0.5,0.1,0.2,0.506822
0.0,0.6,0.2,0.1,0.0,0.1,0.43738
0.0,0.3,0.0,0.4,0.0,0.3,0.48245600000000005
0.0,0.3,0.2,0.0,0.4,0.1,0.43179399999999996
0.1,0.0,0.3,0.0,0.3,0.3,0.446297
0.0,0.2,0.1,0.0,0.6,0.1,0.42990600000000007
0.1,0.2,0.0,0.1,0.0,0.6,0.438921
0.3,0.0,0.4,0.0,0.3,0.0,0.42924300000000004
0.3,0.0,0.1,0.3,0.0,0.3,0.454196
0.0,0.3,0.3,0.0,0.3,0.1,0.43126400000000004
0.3,0.3,0.0,0.2,0.0,0.2,0.43015200000000003
0.3,0.0,0.0,0.2,0.2,0.3,0.501395
0.0,0.1,0.8,0.0,0.1,0.0,0.42248100000000005
0.0,0.0,0.2,0.3,0.2,0.3,0.47441099999999997
0.5,0.3,0.1,0.1,0.0,0.0,0.394095
0.3,0.0,0.0,0.2,0.4,0.1,0.45514899999999997
0.3,0.0,0.3,0.0,0.3,0.1,0.420659
0.0,0.0,0.6,0.0,0.0,0.4,0.43489399999999995
0.0,0.6,0.1,0.1,0.2,0.0,0.434332
0.1,0.0,0.0,0.0,0.7,0.2,0.447007
0.0,0.0,0.1,0.0,0.2,0.7,0.48559399999999997
0.1,0.0,0.0,0.4,0.4,0.1,0.504887
0.6,0.0,0.0,0.2,0.1,0.1,0.483525
0.2,0.5,0.1,0.0,0.0,0.2,0.39202
0.0,0.0,0.5,0.3,0.0,0.2,0.439687
0.3,0.0,0.0,0.3,0.4,0.0,0.46732799999999997
0.1,0.3,0.3,0.0,0.0,0.3,0.40620300000000004
0.2,0.0,0.0,0.1,0.0,0.7,0.468179
0.0,0.0,0.5,0.1,0.3,0.1,0.423303
0.0,0.1,0.3,0.0,0.1,0.5,0.43908800000000003
0.0,0.1,0.5,0.1,0.3,0.0,0.414666
0.4,0.0,0.0,0.2,0.4,0.0,0.43800100000000003
0.4,0.3,0.0,0.1,0.0,0.2,0.3906
0.1,0.0,0.8,0.0,0.0,0.1,0.435654
0.0,0.0,0.2,0.4,0.3,0.1,0.44847299999999996
0.1,0.4,0.0,0.1,0.4,0.0,0.457004
0.5,0.2,0.1,0.0,0.0,0.2,0.378413
0.0,0.0,0.1,0.3,0.4,0.2,0.483998
0.3,0.3,0.3,0.0,0.0,0.1,0.393043
0.1,0.0,0.4,0.0,0.4,0.1,0.41578699999999996
0.0,0.1,0.0,0.0,0.4,0.5,0.45678599999999997
0.3,0.0,0.0,0.1,0.3,0.3,0.497913
0.0,0.7,0.0,0.1,0.2,0.0,0.46130600000000005
0.0,0.2,0.4,0.3,0.1,0.0,0.43472
0.1,0.0,0.0,0.0,0.0,0.9,0.45788999999999996
0.4,0.1,0.0,0.5,0.0,0.0,0.435626
0.1,0.4,0.0,0.0,0.4,0.1,0.44013800000000003
0.0,0.0,0.0,0.4,0.6,0.0,0.487129
0.1,0.0,0.0,0.0,0.3,0.6,0.480641
0.4,0.0,0.2,0.3,0.1,0.0,0.43493000000000004
0.0,0.1,0.4,0.4,0.0,0.1,0.43577299999999997
0.0,0.0,0.3,0.0,0.6,0.1,0.42819799999999997
0.0,0.0,0.5,0.1,0.4,0.0,0.42824300000000004
0.0,0.0,0.3,0.0,0.0,0.7,0.42953900000000006
0.0,0.0,0.2,0.3,0.5,0.0,0.455424
0.2,0.3,0.0,0.0,0.4,0.1,0.443612
0.4,0.1,0.0,0.0,0.4,0.1,0.452887
0.0,0.3,0.0,0.6,0.1,0.0,0.508099
0.3,0.2,0.0,0.0,0.1,0.4,0.452763
0.0,0.0,0.1,0.2,0.0,0.7,0.46538900000000005
0.0,0.5,0.0,0.0,0.2,0.3,0.44884300000000005
0.0,0.7,0.1,0.0,0.2,0.0,0.423663
0.4,0.3,0.0,0.0,0.2,0.1,0.443217
0.0,0.1,0.0,0.0,0.9,0.0,0.47049300000000005
0.1,0.0,0.8,0.0,0.1,0.0,0.430846
0.0,0.5,0.2,0.2,0.1,0.0,0.43454799999999993
0.3,0.4,0.0,0.2,0.1,0.0,0.40113000000000004
0.3,0.1,0.0,0.5,0.1,0.0,0.449888
0.7,0.0,0.1,0.0,0.0,0.2,0.430361
0.3,0.0,0.4,0.0,0.2,0.1,0.432595
0.3,0.2,0.4,0.0,0.1,0.0,0.417488
0.0,0.6,0.1,0.2,0.0,0.1,0.446008
0.0,0.0,0.5,0.2,0.0,0.3,0.436051
0.0,0.1,0.0,0.1,0.2,0.6,0.473387
0.2,0.0,0.7,0.1,0.0,0.0,0.43699399999999994
0.1,0.6,0.0,0.1,0.0,0.2,0.420843
0.2,0.5,0.0,0.1,0.0,0.2,0.41093999999999997
0.0,0.3,0.0,0.0,0.5,0.2,0.43823599999999996
0.3,0.1,0.2,0.0,0.0,0.4,0.409593
0.1,0.1,0.0,0.0,0.8,0.0,0.45386400000000005
0.0,0.4,0.0,0.4,0.1,0.1,0.49796
0.4,0.2,0.3,0.1,0.0,0.0,0.382899
0.0,0.6,0.0,0.0,0.3,0.1,0.45489300000000005
0.0,0.0,0.5,0.4,0.0,0.1,0.442539
0.0,0.1,0.3,0.2,0.0,0.4,0.453031
0.1,0.4,0.0,0.4,0.0,0.1,0.447234
0.0,0.3,0.0,0.0,0.2,0.5,0.45138100000000003
0.2,0.0,0.3,0.1,0.4,0.0,0.425072
0.1,0.0,0.0,0.5,0.4,0.0,0.5118689999999999
0.0,0.1,0.3,0.0,0.6,0.0,0.42030200000000006
0.0,0.0,0.4,0.5,0.0,0.1,0.451345
0.0,0.0,0.1,0.0,0.9,0.0,0.44288500000000003
0.0,0.3,0.1,0.4,0.0,0.2,0.45730200000000004
0.5,0.0,0.0,0.2,0.0,0.3,0.449769
0.3,0.2,0.1,0.4,0.0,0.0,0.415808
0.1,0.4,0.1,0.0,0.0,0.4,0.396325
0.1,0.0,0.2,0.0,0.6,0.1,0.430025
0.0,0.4,0.1,0.1,0.4,0.0,0.446956
0.0,0.4,0.1,0.1,0.0,0.4,0.43986000000000003
0.0,0.2,0.4,0.3,0.0,0.1,0.419112
0.3,0.0,0.1,0.0,0.1,0.5,0.46247200000000005
0.7,0.0,0.2,0.1,0.0,0.0,0.42378000000000005
0.0,0.9,0.0,0.0,0.0,0.1,0.431829
0.3,0.4,0.0,0.0,0.3,0.0,0.42581
0.5,0.0,0.1,0.3,0.1,0.0,0.43989399999999995
0.0,0.0,0.2,0.1,0.5,0.2,0.44640100000000005
0.3,0.0,0.6,0.0,0.0,0.1,0.43785100000000005
0.0,0.3,0.1,0.0,0.5,0.1,0.431778
0.0,0.5,0.0,0.2,0.3,0.0,0.478142
0.0,0.1,0.0,0.2,0.3,0.4,0.49251999999999996
0.0,0.0,0.3,0.1,0.1,0.5,0.45754399999999995
0.0,0.0,0.5,0.0,0.0,0.5,0.426544
0.1,0.3,0.0,0.0,0.2,0.4,0.456355
0.5,0.0,0.1,0.2,0.2,0.0,0.436191
0.5,0.0,0.0,0.0,0.2,0.3,0.49021899999999996
0.0,0.0,0.4,0.3,0.0,0.3,0.446479
0.1,0.0,0.0,0.0,0.6,0.3,0.454466
0.0,0.4,0.0,0.1,0.3,0.2,0.4738
0.3,0.0,0.1,0.0,0.3,0.3,0.474242
0.2,0.5,0.3,0.0,0.0,0.0,0.414889
0.3,0.5,0.0,0.0,0.2,0.0,0.412941
0.0,0.7,0.0,0.1,0.0,0.2,0.44781400000000005
0.7,0.0,0.2,0.0,0.0,0.1,0.426926
0.4,0.3,0.1,0.0,0.2,0.0,0.405944
0.0,0.0,0.1,0.0,0.3,0.6,0.463397
0.0,0.0,0.0,0.5,0.2,0.3,0.526706
0.0,0.1,0.0,0.1,0.4,0.4,0.48695900000000003
0.1,0.3,0.0,0.1,0.5,0.0,0.461512
0.0,0.7,0.0,0.0,0.2,0.1,0.448697
0.0,0.1,0.2,0.0,0.1,0.6,0.43249499999999996
0.3,0.0,0.1,0.0,0.6,0.0,0.440021
0.0,0.3,0.4,0.0,0.0,0.3,0.406364
0.0,0.3,0.6,0.0,0.0,0.1,0.40207800000000005
0.0,0.4,0.3,0.3,0.0,0.0,0.432093
0.2,0.1,0.0,0.6,0.0,0.1,0.47275600000000007
0.0,0.1,0.1,0.2,0.0,0.6,0.45945699999999995
0.0,0.5,0.3,0.0,0.1,0.1,0.43317
0.2,0.5,0.0,0.0,0.2,0.1,0.430278
0.2,0.4,0.1,0.0,0.3,0.0,0.420283
0.0,0.2,0.0,0.4,0.0,0.4,0.481627
0.1,0.0,0.4,0.3,0.0,0.2,0.46478
0.6,0.0,0.1,0.0,0.1,0.2,0.448391
0.5,0.2,0.1,0.0,0.2,0.0,0.40055
0.2,0.2,0.3,0.3,0.0,0.0,0.400098
0.4,0.2,0.0,0.0,0.4,0.0,0.407932
0.0,0.2,0.5,0.1,0.2,0.0,0.422913
0.0,0.6,0.0,0.0,0.4,0.0,0.443412
0.0,0.0,0.5,0.2,0.3,0.0,0.437015
0.2,0.3,0.0,0.0,0.3,0.2,0.450273
0.0,0.1,0.2,0.1,0.0,0.6,0.440921
0.1,0.0,0.5,0.4,0.0,0.0,0.43910600000000005
0.5,0.0,0.0,0.3,0.1,0.1,0.5063409999999999
0.0,0.0,0.4,0.1,0.0,0.5,0.438051
0.3,0.5,0.1,0.0,0.1,0.0,0.399357
0.2,0.2,0.5,0.0,0.1,0.0,0.417288
0.4,0.3,0.2,0.1,0.0,0.0,0.389278
0.5,0.0,0.3,0.0,0.0,0.2,0.43128900000000003
0.0,0.3,0.1,0.6,0.0,0.0,0.447061
0.0,0.1,0.1,0.0,0.6,0.2,0.42660699999999996
0.0,0.2,0.4,0.4,0.0,0.0,0.43410699999999997
0.1,0.0,0.1,0.4,0.0,0.4,0.46766899999999995
0.0,0.7,0.0,0.2,0.0,0.1,0.45943
0.0,0.0,0.6,0.1,0.1,0.2,0.42732299999999995
0.0,0.0,0.1,0.3,0.0,0.6,0.478408
0.1,0.0,0.1,0.0,0.0,0.8,0.45188500000000004
0.2,0.0,0.1,0.2,0.0,0.5,0.463217
0.4,0.2,0.1,0.3,0.0,0.0,0.404456
0.1,0.0,0.5,0.0,0.2,0.2,0.429857
0.5,0.0,0.2,0.2,0.0,0.1,0.446799
0.2,0.0,0.5,0.2,0.0,0.1,0.449166
0.0,0.1,0.1,0.4,0.0,0.4,0.46055100000000004
0.2,0.0,0.0,0.4,0.0,0.4,0.507684
0.2,0.0,0.4,0.0,0.1,0.3,0.44690100000000005
0.2,0.0,0.5,0.3,0.0,0.0,0.431938
0.0,0.6,0.0,0.3,0.1,0.0,0.477797
0.0,0.0,0.2,0.1,0.0,0.7,0.44723100000000005
0.1,0.0,0.3,0.1,0.5,0.0,0.430993
0.0,0.3,0.4,0.3,0.0,0.0,0.427968
0.5,0.1,0.0,0.4,0.0,0.0,0.437183
0.3,0.4,0.0,0.1,0.0,0.2,0.427726
0.0,0.0,0.3,0.2,0.2,0.3,0.462179
0.4,0.2,0.0,0.1,0.0,0.3,0.42535100000000003
0.0,0.3,0.0,0.0,0.3,0.4,0.454387
0.5,0.0,0.0,0.3,0.2,0.0,0.446617
0.0,0.0,0.0,0.0,0.6,0.4,0.442355
0.1,0.3,0.0,0.3,0.3,0.0,0.47051400000000004
0.3,0.2,0.0,0.4,0.0,0.1,0.43793699999999997
0.3,0.0,0.0,0.0,0.7,0.0,0.45673400000000003
0.0,0.5,0.1,0.0,0.2,0.2,0.43246899999999994
0.3,0.4,0.3,0.0,0.0,0.0,0.409317
0.2,0.1,0.3,0.0,0.4,0.0,0.415605
0.0,0.3,0.4,0.2,0.1,0.0,0.434571
0.5,0.1,0.0,0.0,0.0,0.4,0.393444
0.0,0.1,0.6,0.0,0.2,0.1,0.420309
0.4,0.3,0.0,0.2,0.0,0.1,0.417896
0.0,0.4,0.1,0.0,0.4,0.1,0.429367
0.2,0.0,0.3,0.2,0.3,0.0,0.43026400000000004
0.1,0.6,0.0,0.0,0.3,0.0,0.44379399999999997
0.0,0.5,0.0,0.1,0.3,0.1,0.470728
0.0,0.0,0.3,0.1,0.3,0.3,0.454068
0.0,0.2,0.0,0.1,0.5,0.2,0.453668
0.1,0.1,0.7,0.0,0.0,0.1,0.41651099999999996
0.6,0.0,0.1,0.3,0.0,0.0,0.440147
0.0,0.8,0.1,0.1,0.0,0.0,0.4228
0.2,0.1,0.1,0.6,0.0,0.0,0.45296499999999995
0.2,0.0,0.0,0.1,0.6,0.1,0.452928
0.3,0.1,0.6,0.0,0.0,0.0,0.400215
0.0,0.0,0.1,0.0,0.8,0.1,0.427425
0.2,0.7,0.0,0.1,0.0,0.0,0.39476300000000003
0.4,0.0,0.0,0.6,0.0,0.0,0.489731
0.2,0.0,0.5,0.0,0.2,0.1,0.426878
0.2,0.1,0.0,0.0,0.4,0.3,0.470704
0.0,0.1,0.4,0.2,0.0,0.3,0.43226499999999995
0.2,0.0,0.7,0.0,0.0,0.1,0.442644
0.9,0.0,0.0,0.0,0.0,0.1,0.434346
0.6,0.0,0.0,0.1,0.2,0.1,0.486242
0.1,0.0,0.6,0.0,0.2,0.1,0.412605
0.0,0.0,0.0,0.7,0.0,0.3,0.496841
0.3,0.0,0.4,0.1,0.0,0.2,0.43268199999999996
0.0,0.0,0.4,0.3,0.1,0.2,0.448554
0.1,0.0,0.0,0.0,0.4,0.5,0.492167
0.2,0.0,0.2,0.3,0.0,0.3,0.464404
0.3,0.3,0.0,0.3,0.1,0.0,0.404359
0.5,0.2,0.2,0.0,0.0,0.1,0.38159
0.1,0.0,0.2,0.6,0.0,0.1,0.456872
0.3,0.1,0.0,0.0,0.1,0.5,0.45556899999999995
0.1,0.0,0.6,0.0,0.1,0.2,0.441038
0.2,0.1,0.2,0.0,0.0,0.5,0.411026
0.0,0.0,0.5,0.0,0.4,0.1,0.423138
0.1,0.9,0.0,0.0,0.0,0.0,0.41648900000000005
0.0,0.0,0.0,0.4,0.1,0.5,0.514707
0.3,0.0,0.2,0.4,0.0,0.1,0.45574499999999996
0.0,0.0,0.3,0.4,0.3,0.0,0.44430200000000003
0.1,0.6,0.2,0.0,0.1,0.0,0.421393
0.1,0.0,0.5,0.2,0.0,0.2,0.450367
0.1,0.2,0.2,0.0,0.5,0.0,0.42361400000000005
0.0,0.0,0.5,0.1,0.2,0.2,0.43331099999999995
0.1,0.0,0.3,0.3,0.3,0.0,0.43829700000000005
0.0,0.1,0.0,0.2,0.5,0.2,0.47246800000000005
0.2,0.1,0.0,0.5,0.2,0.0,0.450169
0.2,0.0,0.6,0.0,0.1,0.1,0.43179399999999996
0.0,0.2,0.4,0.0,0.4,0.0,0.41763900000000004
0.1,0.0,0.0,0.1,0.0,0.8,0.47635600000000006
0.0,0.1,0.1,0.3,0.5,0.0,0.46753900000000004
0.0,0.0,0.1,0.2,0.6,0.1,0.45106999999999997
0.0,0.0,0.6,0.3,0.0,0.1,0.43367799999999995
0.5,0.2,0.3,0.0,0.0,0.0,0.404927
0.0,0.1,0.3,0.3,0.0,0.3,0.449363
0.4,0.3,0.1,0.0,0.0,0.2,0.407545
0.0,0.1,0.4,0.0,0.5,0.0,0.41969300000000004
0.3,0.4,0.2,0.0,0.0,0.1,0.40997100000000003
0.0,0.1,0.0,0.3,0.2,0.4,0.49353
0.3,0.1,0.3,0.3,0.0,0.0,0.402889
0.2,0.1,0.0,0.4,0.3,0.0,0.446093
0.0,0.1,0.0,0.6,0.0,0.3,0.516983
0.0,0.0,0.0,0.2,0.7,0.1,0.45178199999999996
0.6,0.2,0.0,0.1,0.0,0.1,0.401406
0.0,0.1,0.1,0.1,0.7,0.0,0.44270299999999996
0.5,0.0,0.3,0.1,0.0,0.1,0.44162700000000005
0.4,0.1,0.0,0.0,0.5,0.0,0.435512
0.0,0.5,0.5,0.0,0.0,0.0,0.414829
0.0,0.4,0.0,0.1,0.0,0.5,0.45206499999999994
0.0,0.1,0.0,0.3,0.1,0.5,0.510862
0.1,0.0,0.0,0.3,0.6,0.0,0.499309
0.3,0.2,0.0,0.0,0.3,0.2,0.45792
0.0,0.4,0.0,0.0,0.2,0.4,0.463203
0.0,0.0,0.0,0.2,0.4,0.4,0.48209799999999997
0.0,0.4,0.0,0.1,0.1,0.4,0.463742
0.0,0.0,0.3,0.2,0.1,0.4,0.47311899999999996
0.9,0.0,0.1,0.0,0.0,0.0,0.42598800000000003
0.5,0.1,0.4,0.0,0.0,0.0,0.396833
0.0,0.2,0.4,0.1,0.0,0.3,0.412045
0.2,0.3,0.4,0.0,0.0,0.1,0.420304
0.3,0.0,0.0,0.7,0.0,0.0,0.48079799999999995
0.6,0.0,0.2,0.1,0.1,0.0,0.441171
0.7,0.0,0.0,0.1,0.1,0.1,0.48213999999999996
0.6,0.0,0.2,0.0,0.1,0.1,0.443921
0.0,0.1,0.2,0.0,0.4,0.3,0.44566999999999996
0.0,0.2,0.0,0.3,0.5,0.0,0.5116930000000001
0.0,0.2,0.5,0.1,0.0,0.2,0.414972
0.1,0.2,0.4,0.3,0.0,0.0,0.43183
0.0,0.0,0.3,0.0,0.1,0.6,0.45269899999999996
0.4,0.5,0.0,0.0,0.1,0.0,0.38773
0.0,0.3,0.0,0.2,0.2,0.3,0.503629
0.0,0.1,0.0,0.1,0.6,0.2,0.47542
0.1,0.0,0.4,0.4,0.1,0.0,0.42543800000000004
0.0,0.0,0.9,0.0,0.1,0.0,0.412991
0.4,0.1,0.2,0.3,0.0,0.0,0.40289
0.2,0.0,0.5,0.0,0.1,0.2,0.44239300000000004
0.3,0.1,0.0,0.1,0.5,0.0,0.446978
0.0,0.1,0.1,0.1,0.0,0.7,0.44075699999999995
0.0,0.1,0.4,0.0,0.3,0.2,0.42648500000000006
0.2,0.0,0.3,0.0,0.5,0.0,0.41873900000000003
0.0,0.0,0.0,0.3,0.3,0.4,0.516454
0.3,0.0,0.0,0.2,0.3,0.2,0.49131199999999997
0.2,0.3,0.3,0.0,0.2,0.0,0.413839
0.0,0.4,0.5,0.0,0.0,0.1,0.406566
0.2,0.2,0.1,0.0,0.5,0.0,0.42132
0.3,0.5,0.1,0.1,0.0,0.0,0.39111799999999997
0.6,0.1,0.0,0.1,0.2,0.0,0.411966
0.4,0.1,0.4,0.1,0.0,0.0,0.392385
0.0,0.2,0.4,0.0,0.3,0.1,0.42423599999999995
0.9,0.0,0.0,0.1,0.0,0.0,0.431972
0.4,0.0,0.2,0.1,0.3,0.0,0.43048800000000004
0.1,0.0,0.0,0.4,0.1,0.4,0.504211
0.4,0.0,0.3,0.0,0.2,0.1,0.44199499999999997
0.2,0.5,0.0,0.0,0.3,0.0,0.432493
0.3,0.0,0.1,0.4,0.0,0.2,0.46192799999999995
0.1,0.2,0.0,0.0,0.3,0.4,0.460661
0.3,0.1,0.0,0.1,0.0,0.5,0.42814300000000005
0.2,0.1,0.0,0.0,0.0,0.7,0.41102700000000003
0.0,0.1,0.4,0.2,0.3,0.0,0.42766899999999997
0.1,0.1,0.1,0.7,0.0,0.0,0.44748000000000004
0.7,0.0,0.3,0.0,0.0,0.0,0.423146
0.6,0.1,0.2,0.0,0.1,0.0,0.41362
0.0,0.2,0.0,0.0,0.3,0.5,0.45580699999999996
0.0,0.2,0.5,0.0,0.0,0.3,0.403855
0.1,0.4,0.0,0.2,0.0,0.3,0.44697200000000004
0.0,0.5,0.2,0.2,0.0,0.1,0.444355
0.0,0.0,0.4,0.2,0.3,0.1,0.42890900000000004
0.1,0.0,0.0,0.2,0.1,0.6,0.50034
0.0,0.3,0.1,0.0,0.3,0.3,0.44681000000000004
0.2,0.3,0.4,0.1,0.0,0.0,0.413529
0.0,0.0,0.6,0.2,0.1,0.1,0.42057799999999995
0.3,0.1,0.5,0.1,0.0,0.0,0.411364
0.0,0.1,0.9,0.0,0.0,0.0,0.414541
0.5,0.0,0.0,0.1,0.1,0.3,0.5005930000000001
0.1,0.0,0.0,0.8,0.1,0.0,0.5314369999999999
0.0,0.2,0.1,0.1,0.0,0.6,0.440729
0.1,0.5,0.4,0.0,0.0,0.0,0.42266899999999996
0.1,0.3,0.4,0.0,0.2,0.0,0.41661499999999996
0.0,0.0,0.1,0.3,0.1,0.5,0.477574
0.6,0.0,0.0,0.1,0.3,0.0,0.45493
0.1,0.0,0.0,0.4,0.5,0.0,0.46495200000000003
0.7,0.1,0.0,0.0,0.1,0.1,0.444579
0.1,0.0,0.6,0.3,0.0,0.0,0.425592
0.1,0.0,0.7,0.0,0.1,0.1,0.432098
0.0,0.1,0.5,0.3,0.1,0.0,0.43094899999999997
0.2,0.0,0.3,0.1,0.0,0.4,0.455092
0.3,0.2,0.0,0.2,0.0,0.3,0.42912700000000004
0.7,0.1,0.1,0.0,0.0,0.1,0.38265
0.0,0.1,0.0,0.6,0.1,0.2,0.544459
0.3,0.0,0.2,0.0,0.0,0.5,0.42622
0.5,0.1,0.0,0.1,0.3,0.0,0.419688
0.4,0.1,0.4,0.0,0.0,0.1,0.396565
0.0,0.5,0.0,0.4,0.1,0.0,0.450226
0.3,0.0,0.2,0.3,0.0,0.2,0.45700799999999997
0.1,0.0,0.0,0.4,0.3,0.2,0.515904
0.1,0.5,0.0,0.0,0.0,0.4,0.384492
0.3,0.0,0.1,0.2,0.0,0.4,0.447767
0.0,0.0,0.9,0.0,0.0,0.1,0.416216
0.0,0.1,0.0,0.0,0.0,0.9,0.43260200000000004
0.0,0.0,0.1,0.3,0.5,0.1,0.46445699999999995
0.7,0.0,0.0,0.2,0.0,0.1,0.44097600000000003
0.0,0.1,0.3,0.0,0.3,0.3,0.43525699999999995
0.2,0.2,0.0,0.0,0.3,0.3,0.45489300000000005
0.3,0.0,0.1,0.0,0.4,0.2,0.472746
0.2,0.0,0.0,0.3,0.3,0.2,0.511387
0.2,0.1,0.6,0.1,0.0,0.0,0.40596
0.1,0.4,0.5,0.0,0.0,0.0,0.413941
0.4,0.4,0.1,0.0,0.0,0.1,0.40529699999999996
0.0,0.2,0.0,0.1,0.1,0.6,0.459236
0.6,0.0,0.1,0.1,0.0,0.2,0.439144
0.1,0.0,0.4,0.5,0.0,0.0,0.43221899999999996
0.1,0.0,0.2,0.5,0.2,0.0,0.436713
0.0,0.1,0.1,0.0,0.7,0.1,0.424241
0.1,0.2,0.0,0.3,0.4,0.0,0.468983
0.8,0.1,0.0,0.1,0.0,0.0,0.390359
0.0,0.2,0.4,0.0,0.0,0.4,0.407506
0.1,0.3,0.0,0.6,0.0,0.0,0.44815299999999997
0.2,0.3,0.2,0.0,0.0,0.3,0.41456499999999996
0.5,0.0,0.1,0.0,0.1,0.3,0.45749300000000004
0.1,0.0,0.7,0.2,0.0,0.0,0.43059
0.6,0.0,0.1,0.2,0.0,0.1,0.438029
0.0,0.0,0.4,0.1,0.1,0.4,0.447011
0.0,0.2,0.3,0.1,0.4,0.0,0.429777
0.5,0.0,0.0,0.4,0.1,0.0,0.460525
0.1,0.0,0.2,0.1,0.6,0.0,0.431487
0.0,0.0,0.4,0.0,0.5,0.1,0.425099
0.1,0.0,0.7,0.0,0.0,0.2,0.42908999999999997
0.1,0.4,0.0,0.0,0.5,0.0,0.44016400000000006
0.0,0.4,0.3,0.0,0.1,0.2,0.426863
0.0,0.1,0.0,0.1,0.3,0.5,0.47805699999999995
0.1,0.2,0.0,0.5,0.2,0.0,0.490338
0.2,0.2,0.3,0.0,0.3,0.0,0.413943
0.2,0.0,0.0,0.5,0.0,0.3,0.47827700000000006
0.6,0.0,0.4,0.0,0.0,0.0,0.42786
0.0,0.5,0.3,0.0,0.0,0.2,0.41152299999999997
0.0,0.3,0.2,0.0,0.5,0.0,0.422387
0.4,0.0,0.0,0.1,0.1,0.4,0.5065029999999999
0.3,0.0,0.0,0.4,0.3,0.0,0.496687
0.1,0.1,0.0,0.1,0.0,0.7,0.45241899999999996
0.0,0.2,0.2,0.1,0.0,0.5,0.431278
0.0,0.5,0.2,0.0,0.3,0.0,0.41872700000000007
0.5,0.0,0.1,0.0,0.2,0.2,0.470896
0.0,0.4,0.3,0.1,0.2,0.0,0.42467
0.0,0.2,0.0,0.3,0.2,0.3,0.5168689999999999
0.4,0.0,0.3,0.0,0.0,0.3,0.42283699999999996
0.1,0.0,0.0,0.7,0.0,0.2,0.504243
0.4,0.1,0.0,0.0,0.0,0.5,0.38058600000000004
0.0,0.7,0.0,0.0,0.3,0.0,0.45267799999999997
0.1,0.5,0.0,0.1,0.0,0.3,0.409867
0.4,0.0,0.2,0.4,0.0,0.0,0.426882
0.3,0.0,0.2,0.0,0.3,0.2,0.42989099999999997
0.0,0.4,0.6,0.0,0.0,0.0,0.41609300000000005
0.4,0.1,0.0,0.3,0.2,0.0,0.417857
0.3,0.2,0.0,0.2,0.3,0.0,0.42431800000000003
0.0,0.4,0.0,0.3,0.3,0.0,0.45996000000000004
0.0,0.0,0.1,0.1,0.2,0.6,0.486188
0.1,0.2,0.4,0.0,0.0,0.3,0.416655
0.2,0.3,0.0,0.1,0.0,0.4,0.40525500000000003
0.1,0.5,0.0,0.1,0.3,0.0,0.431471
0.1,0.0,0.0,0.2,0.4,0.3,0.5037159999999999
0.8,0.0,0.1,0.0,0.0,0.1,0.42601400000000006
0.0,0.1,0.2,0.7,0.0,0.0,0.450421
0.1,0.0,0.4,0.2,0.3,0.0,0.42689099999999996
0.0,0.1,0.0,0.4,0.1,0.4,0.49836
0.0,0.4,0.0,0.5,0.1,0.0,0.48758199999999996
0.1,0.0,0.2,0.0,0.3,0.4,0.45169799999999993
0.0,0.1,0.0,0.3,0.4,0.2,0.494312
0.0,0.0,0.2,0.4,0.1,0.3,0.469099
0.1,0.6,0.0,0.0,0.2,0.1,0.42854
0.0,0.2,0.1,0.4,0.3,0.0,0.44813000000000003
0.0,0.0,0.7,0.2,0.0,0.1,0.418767
0.0,0.0,0.3,0.1,0.6,0.0,0.43393000000000004
0.0,0.7,0.1,0.0,0.0,0.2,0.425779
0.1,0.0,0.2,0.0,0.1,0.6,0.445047
0.3,0.2,0.3,0.0,0.2,0.0,0.39625
0.2,0.2,0.5,0.1,0.0,0.0,0.394348
0.0,0.7,0.0,0.2,0.1,0.0,0.471796
0.0,0.0,0.1,0.5,0.2,0.2,0.448218
0.0,0.4,0.2,0.1,0.0,0.3,0.432806
0.1,0.2,0.2,0.0,0.0,0.5,0.42133699999999996
0.0,0.4,0.1,0.0,0.2,0.3,0.43275699999999995
0.3,0.0,0.0,0.5,0.0,0.2,0.490867
0.2,0.0,0.0,0.0,0.5,0.3,0.47856099999999996
0.1,0.0,0.1,0.1,0.7,0.0,0.44960900000000004
0.0,0.0,0.7,0.1,0.1,0.1,0.421041
0.0,0.2,0.3,0.1,0.0,0.4,0.422388
0.0,0.3,0.3,0.1,0.0,0.3,0.425519
0.0,0.6,0.3,0.1,0.0,0.0,0.427508
0.0,0.4,0.0,0.2,0.4,0.0,0.470607
0.4,0.0,0.0,0.2,0.3,0.1,0.479311
0.0,0.5,0.2,0.0,0.1,0.2,0.43165699999999996
0.0,0.0,0.3,0.6,0.1,0.0,0.44991400000000004
0.0,0.3,0.0,0.1,0.2,0.4,0.469103
0.5,0.1,0.0,0.3,0.1,0.0,0.42513599999999996
0.0,0.0,0.4,0.0,0.3,0.3,0.448941
0.6,0.0,0.0,0.4,0.0,0.0,0.46024899999999996
0.0,0.1,0.2,0.0,0.7,0.0,0.424338
0.0,0.1,0.3,0.5,0.1,0.0,0.43948999999999994
0.1,0.1,0.1,0.0,0.7,0.0,0.44112799999999996
0.2,0.0,0.2,0.5,0.0,0.1,0.456736
0.1,0.3,0.0,0.0,0.6,0.0,0.44317
0.0,0.0,0.0,0.0,0.5,0.5,0.462937
0.1,0.3,0.0,0.0,0.5,0.1,0.441766
0.0,0.3,0.1,0.0,0.4,0.2,0.44359
0.0,0.1,0.0,0.8,0.0,0.1,0.497666
0.3,0.5,0.0,0.0,0.1,0.1,0.421364
0.1,0.0,0.2,0.0,0.4,0.3,0.446978
0.2,0.0,0.4,0.3,0.1,0.0,0.441486
0.1,0.0,0.5,0.0,0.4,0.0,0.404633
0.0,0.0,0.4,0.0,0.6,0.0,0.42778999999999995
0.1,0.0,0.0,0.2,0.3,0.4,0.47097700000000003
0.0,0.2,0.3,0.3,0.2,0.0,0.43472299999999997
0.3,0.1,0.0,0.3,0.3,0.0,0.44583599999999995
0.0,0.0,0.0,0.7,0.3,0.0,0.485783
0.3,0.1,0.0,0.5,0.0,0.1,0.42739799999999994
0.4,0.5,0.0,0.0,0.0,0.1,0.360648
0.0,0.2,0.5,0.2,0.1,0.0,0.435846
0.0,0.1,0.6,0.3,0.0,0.0,0.42223599999999994
0.0,0.2,0.1,0.0,0.2,0.5,0.440125
0.2,0.0,0.3,0.0,0.1,0.4,0.43083599999999994
0.1,0.1,0.2,0.0,0.6,0.0,0.423099
0.0,0.0,0.3,0.0,0.2,0.5,0.455733
0.0,0.1,0.6,0.0,0.3,0.0,0.410797
0.6,0.2,0.0,0.1,0.1,0.0,0.368946
0.0,0.5,0.0,0.2,0.1,0.2,0.470199
0.0,0.0,0.2,0.3,0.1,0.4,0.47921899999999995
0.3,0.3,0.0,0.1,0.0,0.3,0.423983
0.0,0.0,0.8,0.1,0.0,0.1,0.42200699999999997
0.4,0.0,0.1,0.5,0.0,0.0,0.442356
0.0,0.0,0.1,0.8,0.0,0.1,0.474854
0.3,0.0,0.0,0.4,0.1,0.2,0.511738
0.0,0.1,0.2,0.0,0.0,0.7,0.419133
0.4,0.1,0.1,0.4,0.0,0.0,0.41907799999999995
0.0,0.0,0.0,0.4,0.2,0.4,0.517404
0.5,0.3,0.1,0.0,0.1,0.0,0.408425
0.0,0.2,0.5,0.0,0.2,0.1,0.4183
0.0,0.6,0.3,0.0,0.0,0.1,0.419667
0.0,0.0,0.1,0.0,0.6,0.3,0.442643
0.2,0.5,0.0,0.2,0.1,0.0,0.412631
0.1,0.1,0.0,0.0,0.7,0.1,0.44574300000000006
0.4,0.1,0.3,0.0,0.2,0.0,0.41287799999999997
0.2,0.1,0.2,0.0,0.5,0.0,0.422548
0.0,0.1,0.3,0.6,0.0,0.0,0.44549700000000003
0.0,0.4,0.2,0.4,0.0,0.0,0.438367
0.0,0.8,0.0,0.1,0.1,0.0,0.46292
0.0,0.2,0.3,0.3,0.0,0.2,0.447409
0.0,0.0,0.7,0.0,0.2,0.1,0.42142700000000005
0.0,0.2,0.7,0.0,0.0,0.1,0.396981
0.3,0.1,0.0,0.2,0.4,0.0,0.44309399999999993
0.3,0.0,0.3,0.0,0.2,0.2,0.44505100000000003
0.0,0.0,0.0,0.2,0.5,0.3,0.477126
0.3,0.2,0.3,0.2,0.0,0.0,0.38621
0.0,0.0,0.2,0.5,0.1,0.2,0.459837
0.5,0.0,0.2,0.0,0.1,0.2,0.44430600000000003
0.3,0.0,0.6,0.1,0.0,0.0,0.428421
0.1,0.1,0.8,0.0,0.0,0.0,0.419108
0.0,0.0,0.3,0.3,0.3,0.1,0.438751
0.0,0.4,0.0,0.4,0.0,0.2,0.433036
0.3,0.2,0.2,0.0,0.0,0.3,0.386856
0.0,0.0,0.4,0.4,0.2,0.0,0.435064
0.0,0.1,0.0,0.4,0.3,0.2,0.504468
0.1,0.2,0.0,0.4,0.0,0.3,0.462139
0.3,0.1,0.2,0.0,0.4,0.0,0.4067
0.4,0.2,0.1,0.0,0.3,0.0,0.36641599999999996
0.0,0.5,0.1,0.3,0.0,0.1,0.43378500000000003
0.7,0.1,0.2,0.0,0.0,0.0,0.356252
0.4,0.0,0.0,0.0,0.3,0.3,0.499796
0.0,0.0,0.7,0.2,0.1,0.0,0.42709300000000006
