DB_01,A_001,1.3139634898069996
DB_01,A_002,0.1143287388772603
DB_01,A_003,0.0345344253174327
DB_01,A_004,0.211231804726773
DB_01,A_005,0.085270788233965
DB_01,A_006,0.4271702208384942
DB_01,A_007,0.519887931400329
DB_01,A_008,1.003830101701605
DB_01,A_009,0.7971293767802787
DB_01,A_010,0.4318284175541184
DB_01,A_011,1.857347892344144
DB_01,A_012,0.2054388285055641
DB_01,A_013,0.5887363725839432
DB_01,A_014,0.2562823692615917
DB_01,A_015,0.2145923786400703
DB_01,A_016,0.0086393804411404
DB_01,A_017,1.3379415080642192
DB_01,A_018,0.7290768357374202
DB_01,A_019,1.3106803239147569
DB_01,A_020,0.527515025915973
DB_01,A_021,1.1037387935793948
DB_01,A_022,2.011149669977597
DB_01,A_023,0.6591884416112966
DB_01,A_024,0.0790811998783789
DB_01,A_025,0.3789063498749354
DB_01,A_026,1.4162868457175029
DB_01,A_027,1.5517605981186553
DB_01,A_028,1.4762373971804108
DB_01,A_029,0.6927269990160118
DB_01,A_030,0.2927533231358143
DB_01,A_031,0.2215558246441565
DB_01,A_032,0.8244831693720791
DB_01,A_033,0.2821416424354407
DB_01,A_034,1.3106447510474766
DB_01,A_035,0.9086610969253706
DB_01,A_036,0.0180981461476345
DB_01,A_037,0.1211882500680499
DB_01,A_038,0.3602657433990263
DB_01,A_039,0.7696265324051873
DB_01,A_040,0.4730839023918057
DB_01,A_041,1.5061414085308362
DB_01,A_042,1.725873733609656
DB_01,A_043,0.1403397728270859
DB_01,A_044,0.9351455219146694
DB_01,A_045,1.8162247823725848
DB_01,A_046,0.2396166266098358
DB_01,A_047,0.4654036934582093
DB_01,A_048,0.6383524516450846
DB_01,A_049,0.7019481489797254
DB_01,A_050,0.0997276512061737
DB_01,A_051,0.3130095833666713
DB_01,A_052,0.4419591389951654
DB_01,A_053,0.255636671091018
DB_01,A_054,0.0003502359764257
DB_01,A_055,0.2992772587878432
DB_01,A_056,0.6067140153296606
DB_01,A_057,0.4106248486289972
DB_01,A_058,0.5458149934690342
DB_01,A_059,0.3184248707265186
DB_01,A_060,0.3037631804627268
DB_01,A_061,0.9191013995607334
DB_01,A_062,0.4802323503721313
DB_01,A_063,1.55993049740413
DB_01,A_064,0.3097485978060998
DB_01,A_065,0.3536181007774716
DB_01,A_066,2.302119525093353
DB_01,A_067,0.2125582534319767
DB_01,A_068,0.8064769758723765
DB_01,A_069,0.579657297310313
DB_01,A_070,0.28767291668182
DB_01,A_071,0.7685003094834825
DB_01,A_072,0.0006824790350381
DB_01,A_073,0.3009630666929254
DB_01,A_074,0.5257722149891695
DB_01,A_075,0.3906671179863098
DB_01,A_076,0.0182944205619743
DB_01,A_077,1.8890836518421603
DB_01,A_078,0.1126619748378248
DB_01,A_079,3.6271229019153616e-05
DB_01,A_080,1.00948376971883
DB_01,A_081,0.2000291791274661
DB_01,A_082,0.3066418496644906
DB_01,A_083,2.6684523546651486
DB_01,A_084,0.042740582355887
DB_01,A_085,0.458384824682655
DB_01,A_086,0.2289478855795917
DB_01,A_087,0.298777930986243
DB_01,A_088,0.9444189925516154
DB_01,A_089,0.2748402872455935
DB_01,A_090,0.1828274123476523
DB_01,A_091,0.0966913652810657
DB_01,A_092,0.2712897455219069
DB_01,A_093,0.309523711877234
DB_01,A_094,0.6122603613356984
DB_01,A_095,0.2060680363443879
DB_01,A_096,1.881360307890548
DB_01,A_097,1.4160330885000527
DB_01,A_098,0.6253381016805563
DB_01,A_099,0.3221268474712995
DB_01,A_100,1.4899294367748146
DB_02,A_001,3.616386625109475
DB_02,A_002,1.7602754823916462
DB_02,A_003,1.299511903294748
DB_02,A_004,2.4866805879118195
DB_02,A_005,2.731627716961608
DB_02,A_006,2.296925613504209
DB_02,A_007,2.571614229057916
DB_02,A_008,1.813025480775208
DB_02,A_009,4.203135466607221
DB_02,A_010,1.9910515466380296
DB_02,A_011,5.7322418367878125
DB_02,A_012,2.75133171621287
DB_02,A_013,3.822781980918749
DB_02,A_014,2.749671164306992
DB_02,A_015,3.0526156860441365
DB_02,A_016,1.8128773693718396
DB_02,A_017,3.071997605244799
DB_02,A_018,4.067834450292938
DB_02,A_019,4.0366954980352645
DB_02,A_020,2.90778725308033
DB_02,A_021,3.946896522506518
DB_02,A_022,2.7417818330681474
DB_02,A_023,2.542531209264065
DB_02,A_024,1.6682144178325922
DB_02,A_025,2.8327521394366517
DB_02,A_026,4.351700653665706
DB_02,A_027,3.274431167613483
DB_02,A_028,2.9683889286649405
DB_02,A_029,4.493822944843743
DB_02,A_030,2.322242000214528
DB_02,A_031,2.7910854122876407
DB_02,A_032,3.773270038020367
DB_02,A_033,2.902262838100903
DB_02,A_034,2.789884806716868
DB_02,A_035,4.543180457778897
DB_02,A_036,1.2508472748147046
DB_02,A_037,2.2959458412677174
DB_02,A_038,2.7531850945752345
DB_02,A_039,3.7468059055843166
DB_02,A_040,3.755873082770851
DB_02,A_041,4.774958650303038
DB_02,A_042,3.276176037803026
DB_02,A_043,2.2430639275664626
DB_02,A_044,4.178627364873117
DB_02,A_045,6.023525466265599
DB_02,A_046,2.965820945207285
DB_02,A_047,3.8487631083932943
DB_02,A_048,4.293548243591806
DB_02,A_049,4.133444428117777
DB_02,A_050,2.1528042320860634
DB_02,A_051,2.718292634744253
DB_02,A_052,1.753983996781822
DB_02,A_053,3.222976162105238
DB_02,A_054,0.9754842014731449
DB_02,A_055,2.3731595005559822
DB_02,A_056,2.71376145922419
DB_02,A_057,3.174561950575285
DB_02,A_058,1.8767230724627604
DB_02,A_059,3.1894174777974587
DB_02,A_060,3.609425927134711
DB_02,A_061,3.8719997057663194
DB_02,A_062,3.3939671991737312
DB_02,A_063,4.824523689775049
DB_02,A_064,3.292754759824398
DB_02,A_065,2.900725954566916
DB_02,A_066,4.210459133264146
DB_02,A_067,2.5455654018721487
DB_02,A_068,3.38866190138332
DB_02,A_069,3.997835088935191
DB_02,A_070,2.9541439131897733
DB_02,A_071,3.9662487024771553
DB_02,A_072,1.0041640255817903
DB_02,A_073,1.937637410727058
DB_02,A_074,3.433123532193675
DB_02,A_075,3.214929741890942
DB_02,A_076,1.015368138156492
DB_02,A_077,5.401693200401236
DB_02,A_078,2.442893888540582
DB_02,A_079,0.993420947061636
DB_02,A_080,4.466213396955483
DB_02,A_081,1.9561892950066648
DB_02,A_082,3.1055739482447318
DB_02,A_083,6.204215502726071
DB_02,A_084,1.7444261465411124
DB_02,A_085,2.569457664947481
DB_02,A_086,3.106602522685831
DB_02,A_087,2.9990507087711
DB_02,A_088,3.277282745209856
DB_02,A_089,2.705519468064979
DB_02,A_090,2.0167961154340195
DB_02,A_091,1.5545910617793648
DB_02,A_092,2.436031144746708
DB_02,A_093,3.2241800969603407
DB_02,A_094,3.784303037326172
DB_02,A_095,2.5481440091741843
DB_02,A_096,5.572436720996159
DB_02,A_097,4.524614315940284
DB_02,A_098,3.3746008335773863
DB_02,A_099,2.6989279525299548
DB_02,A_100,5.1065375834428215
DB_03,A_001,5.622156799773196
DB_03,A_002,3.030166452583235
DB_03,A_003,2.810008460969474
DB_03,A_004,4.068548993877144
DB_03,A_005,4.092282271072136
DB_03,A_006,3.199168954946374
DB_03,A_007,4.8057004893917625
DB_03,A_008,3.711185223449781
DB_03,A_009,6.320423513618459
DB_03,A_010,3.6017778706441548
DB_03,A_011,8.058247993437693
DB_03,A_012,4.737383278344772
DB_03,A_013,6.249090958429076
DB_03,A_014,4.917297054769105
DB_03,A_015,4.996714161203351
DB_03,A_016,2.953672980343422
DB_03,A_017,3.851584323676503
DB_03,A_018,5.52071143176887
DB_03,A_019,6.164867659444762
DB_03,A_020,5.080145677311361
DB_03,A_021,9.916141070314517
DB_03,A_022,5.025535942952061
DB_03,A_023,3.749356222841025
DB_03,A_024,1.92358456434028
DB_03,A_025,4.734621075469332
DB_03,A_026,7.01306981423777
DB_03,A_027,4.2106697184405535
DB_03,A_028,4.071677875243431
DB_03,A_029,5.354845411135062
DB_03,A_030,4.510984999560706
DB_03,A_031,5.231389072718114
DB_03,A_032,4.855921345154139
DB_03,A_033,4.336122643561028
DB_03,A_034,3.8774089787461783
DB_03,A_035,5.946997146489412
DB_03,A_036,2.894204777022944
DB_03,A_037,3.330987619953258
DB_03,A_038,3.896658242840168
DB_03,A_039,6.261746797450914
DB_03,A_040,6.276527837730844
DB_03,A_041,6.453369052430798
DB_03,A_042,4.118178339450419
DB_03,A_043,2.330293739422088
DB_03,A_044,6.054091417512931
DB_03,A_045,8.59039385704253
DB_03,A_046,4.409523944742251
DB_03,A_047,4.970924399957831
DB_03,A_048,5.464070842573859
DB_03,A_049,5.861812961894277
DB_03,A_050,3.316720958028467
DB_03,A_051,4.456738721503711
DB_03,A_052,5.239604050537836
DB_03,A_053,4.132486149735459
DB_03,A_054,2.4791529203021176
DB_03,A_055,4.16660244310882
DB_03,A_056,4.506483929680465
DB_03,A_057,5.667165025850951
DB_03,A_058,4.054793662313442
DB_03,A_059,4.130780806269045
DB_03,A_060,4.495262870026315
DB_03,A_061,5.584106142100299
DB_03,A_062,5.028937840463015
DB_03,A_063,6.847552137579986
DB_03,A_064,4.782634302911098
DB_03,A_065,4.560408026759128
DB_03,A_066,8.303700917060581
DB_03,A_067,4.030847146384459
DB_03,A_068,5.097037797298428
DB_03,A_069,5.6207836015996175
DB_03,A_070,4.498914312646971
DB_03,A_071,6.079662049571898
DB_03,A_072,1.8826342799083888
DB_03,A_073,3.162814783919477
DB_03,A_074,5.345204140436862
DB_03,A_075,5.4014742159919455
DB_03,A_076,1.7374431201759672
DB_03,A_077,7.3417017042317
DB_03,A_078,3.759257580114871
DB_03,A_079,1.8843493730179768
DB_03,A_080,6.807730893191713
DB_03,A_081,3.227557072350491
DB_03,A_082,5.789204953577753
DB_03,A_083,8.361039635619957
DB_03,A_084,3.175993523173604
DB_03,A_085,3.680695998262108
DB_03,A_086,4.946434879495969
DB_03,A_087,4.583956714334005
DB_03,A_088,4.018612703173591
DB_03,A_089,5.366200600265469
DB_03,A_090,4.018230954083197
DB_03,A_091,2.899473373231415
DB_03,A_092,5.169263664453459
DB_03,A_093,4.710199461207836
DB_03,A_094,5.689216991203627
DB_03,A_095,1.913852584046725
DB_03,A_096,7.214742064404333
DB_03,A_097,6.537256671128572
DB_03,A_098,5.944432700666182
DB_03,A_099,4.6305247889151255
DB_03,A_100,7.59316418200509
DB_04,A_001,7.541817666704673
DB_04,A_002,4.491666462294966
DB_04,A_003,3.7977913654806414
DB_04,A_004,5.713371552511658
DB_04,A_005,5.186326726680605
DB_04,A_006,4.854696972375042
DB_04,A_007,6.524216855528643
DB_04,A_008,5.856492181311496
DB_04,A_009,7.384235913655218
DB_04,A_010,4.524550934919973
DB_04,A_011,9.04299107697894
DB_04,A_012,6.7314710893286005
DB_04,A_013,7.255668305725397
DB_04,A_014,6.258101240682862
DB_04,A_015,6.9173513359116985
DB_04,A_016,5.218307363278829
DB_04,A_017,6.4123047327088685
DB_04,A_018,7.751542635361435
DB_04,A_019,7.67633522676485
DB_04,A_020,6.5233616884144165
DB_04,A_021,8.037070603991628
DB_04,A_022,6.756209377792833
DB_04,A_023,6.216419943733913
DB_04,A_024,3.49530686257012
DB_04,A_025,6.85674678615045
DB_04,A_026,8.498588181496205
DB_04,A_027,5.43978755663336
DB_04,A_028,5.3789068698613125
DB_04,A_029,7.229701779255917
DB_04,A_030,1.1817119042010944
DB_04,A_031,6.758560153155015
DB_04,A_032,7.183541359793408
DB_04,A_033,5.7046084584369625
DB_04,A_034,6.057737839739655
DB_04,A_035,7.611591681112594
DB_04,A_036,4.04120649193818
DB_04,A_037,6.9176781066426685
DB_04,A_038,5.981522657209911
DB_04,A_039,7.581715897444252
DB_04,A_040,8.156761780333987
DB_04,A_041,8.065725741664245
DB_04,A_042,6.243301489909166
DB_04,A_043,5.278977337706481
DB_04,A_044,7.334016797947744
DB_04,A_045,9.26353766733171
DB_04,A_046,6.332867936992926
DB_04,A_047,7.069486312443278
DB_04,A_048,7.419030391258275
DB_04,A_049,7.251499216525498
DB_04,A_050,6.156860409045304
DB_04,A_051,6.504872465017505
DB_04,A_052,6.7694422212235565
DB_04,A_053,6.497830143145009
DB_04,A_054,3.8896885341162672
DB_04,A_055,5.711784713256659
DB_04,A_056,6.64682271714676
DB_04,A_057,7.167768135451678
DB_04,A_058,6.350414097995026
DB_04,A_059,6.578783406272567
DB_04,A_060,6.463086920805157
DB_04,A_061,7.423228089777152
DB_04,A_062,7.021211635294388
DB_04,A_063,8.810109340795648
DB_04,A_064,7.151942790334878
DB_04,A_065,6.945485543751046
DB_04,A_066,9.082970588928209
DB_04,A_067,6.579470603454999
DB_04,A_068,7.068784593149642
DB_04,A_069,6.889408109198635
DB_04,A_070,6.911184862848158
DB_04,A_071,7.051796813244957
DB_04,A_072,3.765539735298493
DB_04,A_073,4.707599276353513
DB_04,A_074,7.591292014038258
DB_04,A_075,6.857798539557336
DB_04,A_076,4.286738144142163
DB_04,A_077,8.87877938226102
DB_04,A_078,6.735883664344999
DB_04,A_079,4.361016154419571
DB_04,A_080,7.67694647134861
DB_04,A_081,5.190654376001542
DB_04,A_082,7.199682410544383
DB_04,A_083,9.309742976598306
DB_04,A_084,5.46332703670405
DB_04,A_085,5.487394069868555
DB_04,A_086,6.431692475199153
DB_04,A_087,6.60119680922644
DB_04,A_088,5.602710760419692
DB_04,A_089,6.270753228225034
DB_04,A_090,4.813566310161872
DB_04,A_091,4.961732003315272
DB_04,A_092,6.182882637149366
DB_04,A_093,7.126475511156768
DB_04,A_094,6.943721477295376
DB_04,A_095,3.802757057170229
DB_04,A_096,8.93447705226651
DB_04,A_097,7.932136535185013
DB_04,A_098,7.61915206630175
DB_04,A_099,7.202482310321503
DB_04,A_100,9.319271581735602
DB_05,A_001,1.1966165497197534
DB_05,A_002,0.3258224586256271
DB_05,A_003,0.1918336561661477
DB_05,A_004,0.2379681870144373
DB_05,A_005,0.1764828406576389
DB_05,A_006,0.3620131877400103
DB_05,A_007,0.549102348055995
DB_05,A_008,1.2714544671418797
DB_05,A_009,0.8548046387695646
DB_05,A_010,0.5024112318677247
DB_05,A_011,1.5944039021747245
DB_05,A_012,0.2118729706694312
DB_05,A_013,0.2994719887160231
DB_05,A_014,0.2009501672877329
DB_05,A_015,0.2352452388165953
DB_05,A_016,0.2118618859097673
DB_05,A_017,1.5121368607967065
DB_05,A_018,0.430828571228774
DB_05,A_019,0.8016504867244809
DB_05,A_020,0.4193853527067935
DB_05,A_021,3.1277207496525743
DB_05,A_022,2.1944672600282336
DB_05,A_023,0.720623549708601
DB_05,A_024,0.2612967313543238
DB_05,A_025,0.3538053028515772
DB_05,A_026,0.6708037909987826
DB_05,A_027,1.9133730512567708
DB_05,A_028,1.731637603700379
DB_05,A_029,0.6461948453840363
DB_05,A_030,0.2821318840688684
DB_05,A_031,0.2343587646365881
DB_05,A_032,0.6541605314686487
DB_05,A_033,0.1691877730929043
DB_05,A_034,1.6735105739239349
DB_05,A_035,0.3819072746470101
DB_05,A_036,0.1815136812079107
DB_05,A_037,0.2185098311364182
DB_05,A_038,0.4010020575103624
DB_05,A_039,0.4670236937821093
DB_05,A_040,0.3710590790646046
DB_05,A_041,1.1558362607100507
DB_05,A_042,1.6455945702953174
DB_05,A_043,0.3416917320435431
DB_05,A_044,0.5054751190698887
DB_05,A_045,0.9648456072147727
DB_05,A_046,0.2211619031333449
DB_05,A_047,0.3978405753348296
DB_05,A_048,0.5953816547555687
DB_05,A_049,0.3022046099745084
DB_05,A_050,0.2156334285994202
DB_05,A_051,0.194871477156207
DB_05,A_052,0.2708238017610282
DB_05,A_053,0.202849672424148
DB_05,A_054,0.2149949323081006
DB_05,A_055,0.2525485115117121
DB_05,A_056,0.546976851254731
DB_05,A_057,0.301968154662613
DB_05,A_058,0.8689034795516799
DB_05,A_059,0.2097305344059125
DB_05,A_060,0.1848383094099362
DB_05,A_061,0.8447296016038192
DB_05,A_062,0.3214119721318886
DB_05,A_063,1.493972932059094
DB_05,A_064,0.2470502031512452
DB_05,A_065,0.2818504386752641
DB_05,A_066,1.6330936500189754
DB_05,A_067,0.1972218638615329
DB_05,A_068,0.5055189442620731
DB_05,A_069,0.4904664249201885
DB_05,A_070,0.1774744205305092
DB_05,A_071,0.5168857385478481
DB_05,A_072,0.1437414857743879
DB_05,A_073,0.321287073797096
DB_05,A_074,0.3473035278115833
DB_05,A_075,0.2858362510387575
DB_05,A_076,0.2610483217000782
DB_05,A_077,1.2588459730697776
DB_05,A_078,0.2092439284735187
DB_05,A_079,0.2284899156022201
DB_05,A_080,0.9677614715252464
DB_05,A_081,0.436206037146256
DB_05,A_082,0.3092806210718153
DB_05,A_083,2.226943497234932
DB_05,A_084,0.2083299517599147
DB_05,A_085,0.7889979749024318
DB_05,A_086,0.1744080034967985
DB_05,A_087,0.1830075993077918
DB_05,A_088,1.2028631808264023
DB_05,A_089,0.2441163218930114
DB_05,A_090,0.3033209285299147
DB_05,A_091,0.2827925107277451
DB_05,A_092,0.343675284819787
DB_05,A_093,0.2495507163990309
DB_05,A_094,0.2896473375671295
DB_05,A_095,0.248260271382288
DB_05,A_096,1.1660524410819015
DB_05,A_097,1.4063844480767222
DB_05,A_098,0.2448111796871591
DB_05,A_099,0.2600211514774453
DB_05,A_100,1.1592715636310376
DB_06,A_001,2.348225950216812
DB_06,A_002,1.2392145301838666
DB_06,A_003,0.7794541579700779
DB_06,A_004,1.102068096967146
DB_06,A_005,1.6627382789251046
DB_06,A_006,1.1209552146565134
DB_06,A_007,1.5597407643653098
DB_06,A_008,1.7603777579663809
DB_06,A_009,1.9977659339035487
DB_06,A_010,1.2296735617360608
DB_06,A_011,2.9783830528387374
DB_06,A_012,1.2406133961353136
DB_06,A_013,1.657536111485945
DB_06,A_014,0.9410980796547408
DB_06,A_015,1.4020938640609235
DB_06,A_016,0.7446354779977551
DB_06,A_017,2.2446303086975914
DB_06,A_018,1.9087152178569489
DB_06,A_019,2.683662101816969
DB_06,A_020,1.547872817165003
DB_06,A_021,5.43404599175252
DB_06,A_022,2.789246822562155
DB_06,A_023,1.3581635949498747
DB_06,A_024,0.5390104530185928
DB_06,A_025,1.2459473405720165
DB_06,A_026,2.600330402271844
DB_06,A_027,2.413880727026969
DB_06,A_028,1.939912417645256
DB_06,A_029,2.315622310575555
DB_06,A_030,1.0727518496541808
DB_06,A_031,1.7951439087934715
DB_06,A_032,1.5730158165326356
DB_06,A_033,1.2449581211949723
DB_06,A_034,2.0007855774088807
DB_06,A_035,1.7472889411480064
DB_06,A_036,0.4019174393955546
DB_06,A_037,0.8951879087476013
DB_06,A_038,1.585051183690915
DB_06,A_039,1.6875382734506703
DB_06,A_040,1.6670291489295213
DB_06,A_041,3.1212855649923217
DB_06,A_042,2.6607980222538057
DB_06,A_043,0.9855202184019694
DB_06,A_044,1.8827539163153064
DB_06,A_045,3.336811936190103
DB_06,A_046,1.3282306747533446
DB_06,A_047,1.98690419420124
DB_06,A_048,1.885803382299272
DB_06,A_049,1.7376690628272695
DB_06,A_050,1.038819175258615
DB_06,A_051,1.2511183761759903
DB_06,A_052,1.3338248618175454
DB_06,A_053,1.3007769553466697
DB_06,A_054,0.5717282495619558
DB_06,A_055,1.112437712381956
DB_06,A_056,1.6718163908987616
DB_06,A_057,1.5659404439916391
DB_06,A_058,1.622811980028024
DB_06,A_059,1.1964853825178343
DB_06,A_060,1.1164661903131252
DB_06,A_061,2.218596718824578
DB_06,A_062,1.628548276553301
DB_06,A_063,3.2711766774135005
DB_06,A_064,1.450440992447408
DB_06,A_065,1.449894405447435
DB_06,A_066,2.4349741343251927
DB_06,A_067,1.2295749901836153
DB_06,A_068,1.6703307211512703
DB_06,A_069,2.1741957720094445
DB_06,A_070,1.3124486442559096
DB_06,A_071,1.8754553192555
DB_06,A_072,0.3256640770188287
DB_06,A_073,0.6901633422783009
DB_06,A_074,1.6676893498929453
DB_06,A_075,1.463481596531272
DB_06,A_076,0.5680388366490591
DB_06,A_077,3.1483758170155847
DB_06,A_078,1.1888895782393476
DB_06,A_079,0.3638385702769364
DB_06,A_080,3.0153044453100746
DB_06,A_081,1.1167596864594815
DB_06,A_082,1.3156839160050933
DB_06,A_083,3.8791143511482384
DB_06,A_084,0.5548525532975462
DB_06,A_085,1.3326117159466488
DB_06,A_086,0.974190354497351
DB_06,A_087,1.3321881972338896
DB_06,A_088,1.5779442446681724
DB_06,A_089,1.308402369475255
DB_06,A_090,0.8902707449615825
DB_06,A_091,0.8765642217009728
DB_06,A_092,1.295625402289678
DB_06,A_093,1.3800151851307774
DB_06,A_094,1.696973577664611
DB_06,A_095,0.6232758293355432
DB_06,A_096,3.258003905509348
DB_06,A_097,2.6909235425495512
DB_06,A_098,1.4485366070763932
DB_06,A_099,1.161096186589011
DB_06,A_100,2.6265396194792414
DB_07,A_001,3.124992908110419
DB_07,A_002,1.489634696618941
DB_07,A_003,0.819647510690456
DB_07,A_004,1.4012424269092232
DB_07,A_005,0.7574863074692417
DB_07,A_006,1.4465913668245811
DB_07,A_007,3.0828558158577253
DB_07,A_008,2.422609568167845
DB_07,A_009,2.2095895206291964
DB_07,A_010,2.060272126407412
DB_07,A_011,4.4846817092582505
DB_07,A_012,1.488980640150209
DB_07,A_013,2.459818408159061
DB_07,A_014,1.5536718598831207
DB_07,A_015,1.8154762009709653
DB_07,A_016,0.7682146766844484
DB_07,A_017,2.3212317035379257
DB_07,A_018,2.740927591160452
DB_07,A_019,3.246739804987316
DB_07,A_020,2.144170075768672
DB_07,A_021,6.94646720398493
DB_07,A_022,3.1434607109947885
DB_07,A_023,2.831044761970269
DB_07,A_024,1.0616546358374177
DB_07,A_025,1.8273827653562276
DB_07,A_026,3.830137156029491
DB_07,A_027,2.880943406729742
DB_07,A_028,2.412873635481979
DB_07,A_029,2.3443803678882973
DB_07,A_030,0.5549880969548634
DB_07,A_031,1.1451821830085196
DB_07,A_032,2.760937547421022
DB_07,A_033,1.7490343464340872
DB_07,A_034,2.378401264792487
DB_07,A_035,2.8357832695082967
DB_07,A_036,0.8870589401909877
DB_07,A_037,1.023777307600174
DB_07,A_038,1.91461777474356
DB_07,A_039,2.719000140852743
DB_07,A_040,2.3066510312634976
DB_07,A_041,3.0752237841162304
DB_07,A_042,2.427576535315041
DB_07,A_043,0.9425523770788152
DB_07,A_044,2.554799773759436
DB_07,A_045,4.662888515375409
DB_07,A_046,1.6524710364227977
DB_07,A_047,1.4975237976500435
DB_07,A_048,1.929207023630833
DB_07,A_049,2.5006223538863184
DB_07,A_050,1.048918563993982
DB_07,A_051,1.625287628580375
DB_07,A_052,2.278722595405926
DB_07,A_053,1.5134240366463316
DB_07,A_054,0.2293539044960698
DB_07,A_055,2.017141309135971
DB_07,A_056,3.1203226550100878
DB_07,A_057,1.9307923160842293
DB_07,A_058,2.8846156899096083
DB_07,A_059,1.59319705963792
DB_07,A_060,1.5373163062257669
DB_07,A_061,2.77697420912818
DB_07,A_062,2.397724137750493
DB_07,A_063,3.586165531379162
DB_07,A_064,1.8308013021872624
DB_07,A_065,1.9104170611962563
DB_07,A_066,5.424789540838301
DB_07,A_067,1.5035720348859527
DB_07,A_068,2.3272568288066813
DB_07,A_069,2.07324052336176
DB_07,A_070,1.7832113870220023
DB_07,A_071,2.768000337341159
DB_07,A_072,1.018681658930197
DB_07,A_073,1.4395726312130042
DB_07,A_074,2.1149290223899944
DB_07,A_075,1.951049886309604
DB_07,A_076,0.45121286941518
DB_07,A_077,4.522429695896078
DB_07,A_078,1.0198425380000664
DB_07,A_079,0.2699250006222031
DB_07,A_080,2.8366411018345725
DB_07,A_081,2.0798497984610647
DB_07,A_082,2.031411258368692
DB_07,A_083,5.5916013297865295
DB_07,A_084,0.7430842924154957
DB_07,A_085,1.5133315448013684
DB_07,A_086,1.5933319563092472
DB_07,A_087,1.846453954777202
DB_07,A_088,2.055171710487078
DB_07,A_089,1.8307934895858895
DB_07,A_090,1.4993029394268167
DB_07,A_091,1.1948307125364193
DB_07,A_092,1.5541971245272026
DB_07,A_093,1.938859994003014
DB_07,A_094,2.5401233958971585
DB_07,A_095,1.4734291245986322
DB_07,A_096,4.561675349076817
DB_07,A_097,3.586541333087438
DB_07,A_098,2.277073050708662
DB_07,A_099,1.806501625809085
DB_07,A_100,4.225116963578229
DB_08,A_001,4.047995488804213
DB_08,A_002,1.5524086123520409
DB_08,A_003,1.2348246802835092
DB_08,A_004,2.663782233893913
DB_08,A_005,2.566934165553029
DB_08,A_006,1.9081438627964893
DB_08,A_007,2.6900328339940764
DB_08,A_008,2.6148762002159565
DB_08,A_009,3.476616977417556
DB_08,A_010,1.9217726548770824
DB_08,A_011,5.594994684221218
DB_08,A_012,2.5592935457589867
DB_08,A_013,3.999732012462464
DB_08,A_014,2.5120511374464325
DB_08,A_015,2.5374547521457376
DB_08,A_016,1.4600041070006378
DB_08,A_017,2.452606673665925
DB_08,A_018,3.60564766141402
DB_08,A_019,4.212798119801676
DB_08,A_020,2.8877666266229527
DB_08,A_021,7.508884023058193
DB_08,A_022,3.12339896264804
DB_08,A_023,2.602782388003394
DB_08,A_024,0.832991321430888
DB_08,A_025,3.474485474540969
DB_08,A_026,5.0954514830461015
DB_08,A_027,2.8117329677100797
DB_08,A_028,2.6582037851920512
DB_08,A_029,4.270901327872926
DB_08,A_030,1.9139715844807903
DB_08,A_031,2.6889785544729885
DB_08,A_032,3.672504810569845
DB_08,A_033,2.626125763961256
DB_08,A_034,2.740759530551229
DB_08,A_035,4.327753088465724
DB_08,A_036,0.9199177312662872
DB_08,A_037,1.872676053906892
DB_08,A_038,2.443872538397373
DB_08,A_039,3.9844409976766464
DB_08,A_040,3.64004745282588
DB_08,A_041,4.569594878836818
DB_08,A_042,3.2000745553078285
DB_08,A_043,1.6306932152029885
DB_08,A_044,4.36026168697365
DB_08,A_045,5.52412503995055
DB_08,A_046,2.785822013205303
DB_08,A_047,3.476656009776714
DB_08,A_048,3.4869073486911306
DB_08,A_049,2.991360725278237
DB_08,A_050,2.019024787567003
DB_08,A_051,2.671606343050459
DB_08,A_052,2.987946158499842
DB_08,A_053,2.611950967159334
DB_08,A_054,0.9096935713929688
DB_08,A_055,2.233498860956582
DB_08,A_056,2.971490871467799
DB_08,A_057,3.136561628932571
DB_08,A_058,3.2428771492095745
DB_08,A_059,2.517207834730365
DB_08,A_060,3.0576467115775365
DB_08,A_061,4.0991810381113405
DB_08,A_062,3.314755069173088
DB_08,A_063,4.479649031535302
DB_08,A_064,2.9398528085272484
DB_08,A_065,2.7798584615651283
DB_08,A_066,6.121066582948409
DB_08,A_067,3.247496319333703
DB_08,A_068,3.2692162286117354
DB_08,A_069,3.450265670049647
DB_08,A_070,2.758136564658664
DB_08,A_071,3.6943416714705406
DB_08,A_072,1.4302066451419035
DB_08,A_073,1.5241294613045946
DB_08,A_074,3.005223127967612
DB_08,A_075,3.5491224353396227
DB_08,A_076,1.3501136379578909
DB_08,A_077,4.939213380375438
DB_08,A_078,2.1709238257339023
DB_08,A_079,0.7620503869724419
DB_08,A_080,4.057490270992792
DB_08,A_081,1.7292229451883228
DB_08,A_082,2.9799114700088887
DB_08,A_083,6.447139281123992
DB_08,A_084,1.7633644078409596
DB_08,A_085,1.968608636785508
DB_08,A_086,2.3827816784732296
DB_08,A_087,3.343125039980755
DB_08,A_088,3.0141877381877293
DB_08,A_089,2.971822723085207
DB_08,A_090,2.3669358580969675
DB_08,A_091,1.382348657325221
DB_08,A_092,2.7053830914168016
DB_08,A_093,3.1178756674752166
DB_08,A_094,2.991655289039224
DB_08,A_095,0.7419762270400536
DB_08,A_096,5.696309937385395
DB_08,A_097,4.197466077378396
DB_08,A_098,3.847647286584739
DB_08,A_099,3.103569348497469
DB_08,A_100,5.534365522344457
DB_09,A_001,6.629823971151462
DB_09,A_002,4.622550911474709
DB_09,A_003,5.345570757654994
DB_09,A_004,6.471642898371101
DB_09,A_005,6.456110409144238
DB_09,A_006,5.882848686841647
DB_09,A_007,6.790590308991561
DB_09,A_008,5.499707235299768
DB_09,A_009,6.657245508000496
DB_09,A_010,4.442038493405601
DB_09,A_011,9.12622593664462
DB_09,A_012,6.683641457987662
DB_09,A_013,7.526704503051731
DB_09,A_014,6.327536149817918
DB_09,A_015,6.951596845091787
DB_09,A_016,5.620875145685755
DB_09,A_017,7.118671189672021
DB_09,A_018,6.657532269959248
DB_09,A_019,7.784186804589096
DB_09,A_020,5.762646504721984
DB_09,A_021,7.8397668725037795
DB_09,A_022,6.836896164271487
DB_09,A_023,5.918548902319107
DB_09,A_024,4.182700692588724
DB_09,A_025,6.576252499857399
DB_09,A_026,8.627542212294363
DB_09,A_027,6.631082770193624
DB_09,A_028,6.754963356145486
DB_09,A_029,7.462582196336875
DB_09,A_030,4.723144096682114
DB_09,A_031,7.067061292028542
DB_09,A_032,6.9669893123535065
DB_09,A_033,6.9709414244856704
DB_09,A_034,5.798682910138917
DB_09,A_035,7.45006261475487
DB_09,A_036,5.089254698583668
DB_09,A_037,5.612067115340298
DB_09,A_038,7.032456964667845
DB_09,A_039,7.193663574094472
DB_09,A_040,7.566886856335702
DB_09,A_041,8.129124270146805
DB_09,A_042,7.033151740673197
DB_09,A_043,5.739402108181605
DB_09,A_044,7.505591346128991
DB_09,A_045,9.734070828050966
DB_09,A_046,6.601528177778081
DB_09,A_047,6.786149023459432
DB_09,A_048,7.24262438590545
DB_09,A_049,7.583620726115232
DB_09,A_050,5.844221296986375
DB_09,A_051,6.752970997986772
DB_09,A_052,5.917220129371372
DB_09,A_053,6.511742510476134
DB_09,A_054,4.438603378866247
DB_09,A_055,5.77510531880371
DB_09,A_056,6.845099547235516
DB_09,A_057,6.738134480488554
DB_09,A_058,5.806155221056303
DB_09,A_059,6.581880007114755
DB_09,A_060,6.774915698074365
DB_09,A_061,7.71979033256421
DB_09,A_062,6.051684025665601
DB_09,A_063,9.046659878461966
DB_09,A_064,6.82701867643627
DB_09,A_065,6.761493742542484
DB_09,A_066,9.275941270567875
DB_09,A_067,6.838765954356405
DB_09,A_068,6.990188646546875
DB_09,A_069,7.103807402142843
DB_09,A_070,7.1416410105956825
DB_09,A_071,7.711636976458371
DB_09,A_072,3.865787226644696
DB_09,A_073,4.31648626263754
DB_09,A_074,7.550468053412932
DB_09,A_075,7.164465509258975
DB_09,A_076,3.864651371636445
DB_09,A_077,9.126449724216474
DB_09,A_078,6.052976915800399
DB_09,A_079,4.445165612855583
DB_09,A_080,7.69378687898425
DB_09,A_081,6.999372101087073
DB_09,A_082,6.97393081189732
DB_09,A_083,8.504038440208106
DB_09,A_084,4.345015109714634
DB_09,A_085,5.753654477064793
DB_09,A_086,6.645479530270555
DB_09,A_087,7.066972292509384
DB_09,A_088,6.223608406397713
DB_09,A_089,7.092100703405282
DB_09,A_090,6.494302634635561
DB_09,A_091,5.650586984956344
DB_09,A_092,6.757015998229912
DB_09,A_093,5.694698317416053
DB_09,A_094,6.38400996387012
DB_09,A_095,6.397374889222825
DB_09,A_096,8.521061207566365
DB_09,A_097,8.827686030330845
DB_09,A_098,6.9200744519189366
DB_09,A_099,7.042958131064715
DB_09,A_100,8.899727557549724
DB_10,A_001,9.804689688808349
DB_10,A_002,7.043472444315897
DB_10,A_003,6.578306665852069
DB_10,A_004,8.169330877139176
DB_10,A_005,8.097605420988723
DB_10,A_006,6.858819669918496
DB_10,A_007,8.393772317449107
DB_10,A_008,7.454114830362703
DB_10,A_009,8.442624021305935
DB_10,A_010,6.632928483682525
DB_10,A_011,10.809393972144006
DB_10,A_012,8.513141116240092
DB_10,A_013,9.411972987262772
DB_10,A_014,8.13884597340561
DB_10,A_015,8.28806452874324
DB_10,A_016,6.494650269870506
DB_10,A_017,8.01904334739397
DB_10,A_018,8.598188691814112
DB_10,A_019,9.446440582758903
DB_10,A_020,8.23639291161525
DB_10,A_021,9.688700061599569
DB_10,A_022,8.267256701635798
DB_10,A_023,8.052992455406345
DB_10,A_024,7.426474786702305
DB_10,A_025,8.801071602123013
DB_10,A_026,10.417476147041125
DB_10,A_027,7.973158525718479
DB_10,A_028,8.231247570409673
DB_10,A_029,9.322754859864368
DB_10,A_030,7.696630746810901
DB_10,A_031,8.263773595863427
DB_10,A_032,8.943127953656745
DB_10,A_033,8.61373859789821
DB_10,A_034,7.40858331449833
DB_10,A_035,9.592003824072162
DB_10,A_036,6.889133128664552
DB_10,A_037,8.165043025768702
DB_10,A_038,8.018562969213734
DB_10,A_039,9.497396349723749
DB_10,A_040,9.795172002998166
DB_10,A_041,9.997986872216526
DB_10,A_042,8.069871174448037
DB_10,A_043,6.60432216991724
DB_10,A_044,9.103552046776343
DB_10,A_045,11.567540768627689
DB_10,A_046,8.6213825699499
DB_10,A_047,8.514535719121746
DB_10,A_048,9.18671684411934
DB_10,A_049,9.370548593257713
DB_10,A_050,7.369164330491608
DB_10,A_051,7.880285920881444
DB_10,A_052,8.72307450433309
DB_10,A_053,8.375109394439141
DB_10,A_054,6.443271402736783
DB_10,A_055,7.509576352427997
DB_10,A_056,8.906364083970853
DB_10,A_057,8.369608057633998
DB_10,A_058,8.110658573486775
DB_10,A_059,8.556318531262157
DB_10,A_060,8.150301670140918
DB_10,A_061,9.529379331046142
DB_10,A_062,8.694877926082425
DB_10,A_063,10.32784040747227
DB_10,A_064,8.326512683971384
DB_10,A_065,8.540774960910307
DB_10,A_066,11.085627122012948
DB_10,A_067,7.693223167548008
DB_10,A_068,9.278328029720727
DB_10,A_069,8.832895029085156
DB_10,A_070,8.489501809151921
DB_10,A_071,9.24384088669636
DB_10,A_072,5.44247195019269
DB_10,A_073,5.705042962400208
DB_10,A_074,9.034756431617842
DB_10,A_075,8.935760562519741
DB_10,A_076,6.559576868378778
DB_10,A_077,10.895410800022685
DB_10,A_078,7.581651463004902
DB_10,A_079,6.3021642284563
DB_10,A_080,9.496621535843596
DB_10,A_081,8.754112422178375
DB_10,A_082,9.296987868073757
DB_10,A_083,11.236664705645442
DB_10,A_084,7.394533451048024
DB_10,A_085,7.287025353748988
DB_10,A_086,8.495175685781925
DB_10,A_087,8.586503946462116
DB_10,A_088,8.517520745490774
DB_10,A_089,7.910160307015415
DB_10,A_090,8.064863580980798
DB_10,A_091,5.698389115502577
DB_10,A_092,8.102541176653883
DB_10,A_093,8.748084106754586
DB_10,A_094,9.170651217334475
DB_10,A_095,7.238501123724381
DB_10,A_096,10.554492958767185
DB_10,A_097,9.99592793732
DB_10,A_098,9.027791863798578
DB_10,A_099,8.659127729561567
DB_10,A_100,10.45445004078388
DB_11,A_001,10.808106877158949
DB_11,A_002,7.557265263846152
DB_11,A_003,7.333574561724826
DB_11,A_004,9.615601719664134
DB_11,A_005,9.233767654903696
DB_11,A_006,8.728300431787192
DB_11,A_007,10.21643277351138
DB_11,A_008,9.592666175368675
DB_11,A_009,9.821254979026325
DB_11,A_010,8.526365571669784
DB_11,A_011,11.8536111415548
DB_11,A_012,9.14047997731011
DB_11,A_013,10.207010860415377
DB_11,A_014,9.493326793688809
DB_11,A_015,9.591489087824884
DB_11,A_016,8.757108800081543
DB_11,A_017,8.472766540658967
DB_11,A_018,10.252758458156531
DB_11,A_019,10.086548271938971
DB_11,A_020,8.899955794317725
DB_11,A_021,13.18177317321333
DB_11,A_022,9.53158181426107
DB_11,A_023,9.424926471261672
DB_11,A_024,7.783633868045181
DB_11,A_025,7.626744992325994
DB_11,A_026,11.36414026406552
DB_11,A_027,9.772243377049456
DB_11,A_028,9.313428101653246
DB_11,A_029,9.83104556188396
DB_11,A_030,9.364660583055926
DB_11,A_031,8.14340057143222
DB_11,A_032,9.701971095650023
DB_11,A_033,9.438557795740708
DB_11,A_034,10.020763350316985
DB_11,A_035,10.552171007280862
DB_11,A_036,7.615699979982049
DB_11,A_037,8.381353814671584
DB_11,A_038,9.496083118715797
DB_11,A_039,10.177784187510088
DB_11,A_040,10.783999228967028
DB_11,A_041,10.915359465473184
DB_11,A_042,9.301976865285353
DB_11,A_043,8.0010952666071
DB_11,A_044,10.0064935915296
DB_11,A_045,12.60153089653644
DB_11,A_046,10.064803689290112
DB_11,A_047,9.64229002674516
DB_11,A_048,9.974415627347714
DB_11,A_049,10.284117338302634
DB_11,A_050,8.94864552198495
DB_11,A_051,9.545598097340497
DB_11,A_052,10.1655812527068
DB_11,A_053,9.473526713111008
DB_11,A_054,8.27526765013604
DB_11,A_055,8.510068551950555
DB_11,A_056,9.553399967477423
DB_11,A_057,9.66936445793616
DB_11,A_058,8.84119950000455
DB_11,A_059,9.400393471087137
DB_11,A_060,9.35646989677596
DB_11,A_061,10.271505190235198
DB_11,A_062,10.0141860805409
DB_11,A_063,11.629384448382584
DB_11,A_064,9.9017895806637
DB_11,A_065,9.383024106094338
DB_11,A_066,11.346095538542404
DB_11,A_067,9.260914690060194
DB_11,A_068,9.806108146110862
DB_11,A_069,9.678512176246402
DB_11,A_070,9.446999964490466
DB_11,A_071,10.122608984295676
DB_11,A_072,7.172119241178102
DB_11,A_073,8.384053223727362
DB_11,A_074,9.529006333219922
DB_11,A_075,8.460548974539009
DB_11,A_076,8.427575660569936
DB_11,A_077,10.17645862974
DB_11,A_078,8.937196190502119
DB_11,A_079,7.098372384101288
DB_11,A_080,10.229661113731035
DB_11,A_081,9.645001955012262
DB_11,A_082,9.945584818234092
DB_11,A_083,11.46038170539238
DB_11,A_084,8.948020690143359
DB_11,A_085,7.508747183268634
DB_11,A_086,9.056560883508634
DB_11,A_087,10.018114365903685
DB_11,A_088,9.96173158447465
DB_11,A_089,9.77560131845315
DB_11,A_090,8.389307070195043
DB_11,A_091,8.208318380621083
DB_11,A_092,9.285544026417686
DB_11,A_093,10.041478875712311
DB_11,A_094,10.611843623046964
DB_11,A_095,9.125554800445832
DB_11,A_096,11.122073943716202
DB_11,A_097,10.757358577020351
DB_11,A_098,10.05067543485437
DB_11,A_099,9.564017493590558
DB_11,A_100,11.707974304331158
DB_12,A_001,3.718216882575244
DB_12,A_002,2.4391733881660738
DB_12,A_003,2.8652020942314604
DB_12,A_004,2.835429172986413
DB_12,A_005,3.117992253678336
DB_12,A_006,2.1446538975969416
DB_12,A_007,3.4858073475910034
DB_12,A_008,3.3876190169924274
DB_12,A_009,2.848674938931371
DB_12,A_010,3.0833180155588344
DB_12,A_011,4.164361957854897
DB_12,A_012,2.99502753165233
DB_12,A_013,2.822329980451146
DB_12,A_014,2.553344157200665
DB_12,A_015,2.863017881008887
DB_12,A_016,3.000448304272935
DB_12,A_017,3.7957894826991434
DB_12,A_018,2.814007912785313
DB_12,A_019,3.516041690125723
DB_12,A_020,2.840948547809986
DB_12,A_021,5.491355107600581
DB_12,A_022,4.412468598152531
DB_12,A_023,3.500558133908441
DB_12,A_024,2.528236483368014
DB_12,A_025,2.199866519088149
DB_12,A_026,3.5329737880097265
DB_12,A_027,4.237660832096772
DB_12,A_028,4.53640109785814
DB_12,A_029,3.169367242493123
DB_12,A_030,2.393860245194538
DB_12,A_031,3.003626468636299
DB_12,A_032,3.70971803087608
DB_12,A_033,2.733406276928512
DB_12,A_034,4.24113406372686
DB_12,A_035,2.8909318305679386
DB_12,A_036,2.8975332161366496
DB_12,A_037,2.5635325137147085
DB_12,A_038,2.537772495845461
DB_12,A_039,3.499629063456952
DB_12,A_040,3.292619561536561
DB_12,A_041,3.6926884974138328
DB_12,A_042,4.007676189666939
DB_12,A_043,3.063603875634508
DB_12,A_044,3.465882797335328
DB_12,A_045,3.476690813095512
DB_12,A_046,2.7613428951370182
DB_12,A_047,3.3129999626293403
DB_12,A_048,3.323049121609952
DB_12,A_049,3.036628010346886
DB_12,A_050,2.6153319999247158
DB_12,A_051,2.8703709444588146
DB_12,A_052,2.6738243025270365
DB_12,A_053,2.730200263482484
DB_12,A_054,2.8584921752758947
DB_12,A_055,2.700414358831869
DB_12,A_056,3.0826130249311787
DB_12,A_057,2.573086107536838
DB_12,A_058,2.985300284618435
DB_12,A_059,2.57461877247089
DB_12,A_060,2.566429508915927
DB_12,A_061,3.5140623102949715
DB_12,A_062,2.6499697493366954
DB_12,A_063,4.356530374819765
DB_12,A_064,2.6746811489951554
DB_12,A_065,3.18335157381267
DB_12,A_066,3.14940967970048
DB_12,A_067,2.925325231123956
DB_12,A_068,2.9266570346504963
DB_12,A_069,3.364776996137845
DB_12,A_070,2.7318163893880034
DB_12,A_071,3.2266118603362406
DB_12,A_072,2.8642572490780767
DB_12,A_073,1.9926946032672703
DB_12,A_074,3.151099347555079
DB_12,A_075,2.667604579138605
DB_12,A_076,3.2364063120640774
DB_12,A_077,4.237846756639686
DB_12,A_078,2.666272508349944
DB_12,A_079,2.750466154654976
DB_12,A_080,3.586454399180812
DB_12,A_081,2.988288332169452
DB_12,A_082,3.1620949547869888
DB_12,A_083,4.967729954080284
DB_12,A_084,2.523518384438128
DB_12,A_085,3.062443645803283
DB_12,A_086,2.532039157238363
DB_12,A_087,3.006469729806443
DB_12,A_088,3.4490114592389376
DB_12,A_089,2.4366452859253145
DB_12,A_090,2.222446365082152
DB_12,A_091,2.102304682917787
DB_12,A_092,2.7625895180979283
DB_12,A_093,3.2101096731428385
DB_12,A_094,2.727479636594883
DB_12,A_095,2.6670303751779323
DB_12,A_096,3.894150386216265
DB_12,A_097,4.158271887046927
DB_12,A_098,2.719915435436181
DB_12,A_099,2.8931999120286
DB_12,A_100,3.652359453916825
DB_13,A_001,5.31083524113259
DB_13,A_002,4.572810434935588
DB_13,A_003,3.910255616668572
DB_13,A_004,4.100544100538934
DB_13,A_005,4.843894661892574
DB_13,A_006,4.1311087352295175
DB_13,A_007,4.303142298094761
DB_13,A_008,5.363884304103824
DB_13,A_009,5.756538466619323
DB_13,A_010,4.418875915546933
DB_13,A_011,6.791765371585949
DB_13,A_012,5.014919376064074
DB_13,A_013,5.112241942164876
DB_13,A_014,4.227824626432883
DB_13,A_015,5.453494298931643
DB_13,A_016,3.563954334149276
DB_13,A_017,5.011858101547289
DB_13,A_018,5.4404598395124175
DB_13,A_019,6.74136461016882
DB_13,A_020,4.823967503644939
DB_13,A_021,8.778208729480342
DB_13,A_022,5.682172437237091
DB_13,A_023,5.263660330643371
DB_13,A_024,3.517285986241462
DB_13,A_025,4.70512670421794
DB_13,A_026,5.839187412257464
DB_13,A_027,5.2383524830311625
DB_13,A_028,5.222409711384656
DB_13,A_029,6.266814833151705
DB_13,A_030,3.450061808768531
DB_13,A_031,5.731680676020553
DB_13,A_032,4.707098240945993
DB_13,A_033,5.315607721697052
DB_13,A_034,5.029895270259726
DB_13,A_035,4.997128277056161
DB_13,A_036,3.6953181610596224
DB_13,A_037,3.921642485380165
DB_13,A_038,4.574781447995398
DB_13,A_039,5.033475227798754
DB_13,A_040,5.277449753112576
DB_13,A_041,6.74429087912214
DB_13,A_042,5.782628709340541
DB_13,A_043,3.963008210807741
DB_13,A_044,5.746831389721227
DB_13,A_045,8.047388293527758
DB_13,A_046,4.58411771143314
DB_13,A_047,5.771133774422327
DB_13,A_048,5.804528271283775
DB_13,A_049,5.194750042353524
DB_13,A_050,3.7574130844291447
DB_13,A_051,4.191580888317126
DB_13,A_052,4.6454628922474495
DB_13,A_053,4.770472640919944
DB_13,A_054,3.5254344425849444
DB_13,A_055,4.757514152878152
DB_13,A_056,5.096545464326143
DB_13,A_057,5.007911308171531
DB_13,A_058,4.744479275703999
DB_13,A_059,5.085060001642811
DB_13,A_060,4.353863488424102
DB_13,A_061,5.911383894676984
DB_13,A_062,5.166538593214683
DB_13,A_063,6.990590336371687
DB_13,A_064,4.843367839543428
DB_13,A_065,4.367015666288366
DB_13,A_066,6.081725522260092
DB_13,A_067,4.630281052212257
DB_13,A_068,4.769449614539721
DB_13,A_069,6.584891586119859
DB_13,A_070,4.6996032687700335
DB_13,A_071,5.310122295448839
DB_13,A_072,3.3139853392041903
DB_13,A_073,4.723930106290958
DB_13,A_074,5.197467070846425
DB_13,A_075,4.72265504137199
DB_13,A_076,3.4210170814363408
DB_13,A_077,6.59569005151795
DB_13,A_078,4.556121668658163
DB_13,A_079,2.9030108435843944
DB_13,A_080,6.643435108144148
DB_13,A_081,4.310246393191071
DB_13,A_082,4.781193496563545
DB_13,A_083,8.176180425837558
DB_13,A_084,3.841274890815528
DB_13,A_085,4.572104021205335
DB_13,A_086,4.169267015087764
DB_13,A_087,4.267208423964913
DB_13,A_088,5.138754542589247
DB_13,A_089,4.761777016929302
DB_13,A_090,4.265806340098165
DB_13,A_091,4.384740616728417
DB_13,A_092,4.504877044929532
DB_13,A_093,5.182268063807367
DB_13,A_094,4.7649255035732345
DB_13,A_095,3.6819271447368456
DB_13,A_096,7.078273068638985
DB_13,A_097,5.940298089549524
DB_13,A_098,4.95850448067942
DB_13,A_099,4.77028482565303
DB_13,A_100,7.124712108192786
DB_14,A_001,6.048989600497377
DB_14,A_002,4.592660222015508
DB_14,A_003,3.4055819104099974
DB_14,A_004,4.662430860578507
DB_14,A_005,3.7534884836844418
DB_14,A_006,4.3240332858355055
DB_14,A_007,5.061072216825713
DB_14,A_008,5.091292153371217
DB_14,A_009,4.731653756717961
DB_14,A_010,5.33969509243334
DB_14,A_011,7.932545497087891
DB_14,A_012,4.161346664722784
DB_14,A_013,5.45053464805061
DB_14,A_014,4.707573991153788
DB_14,A_015,4.894257948595367
DB_14,A_016,3.849964762027537
DB_14,A_017,5.309851866976998
DB_14,A_018,5.7930393305656125
DB_14,A_019,6.532335157373639
DB_14,A_020,5.452254022224758
DB_14,A_021,10.50044936283706
DB_14,A_022,6.003779288318506
DB_14,A_023,5.953493849068674
DB_14,A_024,3.7234627399143374
DB_14,A_025,5.049964207841722
DB_14,A_026,7.411755978469436
DB_14,A_027,5.391310598696586
DB_14,A_028,5.31379471211932
DB_14,A_029,5.535537412114326
DB_14,A_030,4.427479107767372
DB_14,A_031,4.297732759648523
DB_14,A_032,5.938827970505432
DB_14,A_033,5.404293808256756
DB_14,A_034,5.094715658821524
DB_14,A_035,5.566247868030787
DB_14,A_036,3.5647837012066814
DB_14,A_037,4.880910829743965
DB_14,A_038,5.158696451556075
DB_14,A_039,6.15708887286848
DB_14,A_040,5.731030221212596
DB_14,A_041,6.143608647789114
DB_14,A_042,5.051678518281816
DB_14,A_043,3.814387324686838
DB_14,A_044,5.757813430553719
DB_14,A_045,8.392003997053253
DB_14,A_046,4.926281135251779
DB_14,A_047,4.687556481746798
DB_14,A_048,4.956502302722331
DB_14,A_049,5.854827847836023
DB_14,A_050,4.435088047359983
DB_14,A_051,4.641943060271184
DB_14,A_052,5.504586722606783
DB_14,A_053,4.675886678450236
DB_14,A_054,3.152078487997597
DB_14,A_055,4.855698479154565
DB_14,A_056,6.354535368182416
DB_14,A_057,5.1660336906735855
DB_14,A_058,5.99622590929641
DB_14,A_059,4.914391540899001
DB_14,A_060,5.158633649733037
DB_14,A_061,5.855835936740646
DB_14,A_062,5.29672146604808
DB_14,A_063,7.469558183268828
DB_14,A_064,5.608132602668969
DB_14,A_065,4.720194878064854
DB_14,A_066,8.261548492959937
DB_14,A_067,4.694211186118407
DB_14,A_068,5.351446247901245
DB_14,A_069,5.360564450653368
DB_14,A_070,5.0431611994372805
DB_14,A_071,6.206492385957501
DB_14,A_072,3.1088910285397144
DB_14,A_073,4.382197680306513
DB_14,A_074,5.236001781646453
DB_14,A_075,4.614728550172658
DB_14,A_076,3.083223612536249
DB_14,A_077,7.237769869158106
DB_14,A_078,3.7154131228634113
DB_14,A_079,2.6884474909558715
DB_14,A_080,5.60724541530582
DB_14,A_081,4.779824058331704
DB_14,A_082,5.204780860992167
DB_14,A_083,8.48940876513469
DB_14,A_084,4.097427054960744
DB_14,A_085,4.254411602684052
DB_14,A_086,4.733762422691029
DB_14,A_087,5.328259645987775
DB_14,A_088,5.569914431983157
DB_14,A_089,4.250508520171043
DB_14,A_090,4.099234530954509
DB_14,A_091,4.106957816212856
DB_14,A_092,4.482965641588412
DB_14,A_093,4.878688102135986
DB_14,A_094,5.4225399125562
DB_14,A_095,4.383060463661882
DB_14,A_096,7.646184413671945
DB_14,A_097,6.709669157018754
DB_14,A_098,5.162487046448591
DB_14,A_099,4.895708953529803
DB_14,A_100,8.090489824652925
DB_15,A_001,3.521359725162307
DB_15,A_002,1.220017442653602
DB_15,A_003,1.0109448461543438
DB_15,A_004,2.0069550934527727
DB_15,A_005,1.662629856336708
DB_15,A_006,1.027020959175145
DB_15,A_007,2.797644090648701
DB_15,A_008,2.153374919366425
DB_15,A_009,2.8910083697240494
DB_15,A_010,1.5260234078045167
DB_15,A_011,5.050898112884173
DB_15,A_012,1.9975733075618427
DB_15,A_013,2.7880625699024018
DB_15,A_014,2.0887135685285743
DB_15,A_015,2.46696479111246
DB_15,A_016,1.3480199892858145
DB_15,A_017,2.041841228343379
DB_15,A_018,2.7837128274568164
DB_15,A_019,3.765816585218064
DB_15,A_020,2.1923267647319093
DB_15,A_021,7.623680914054486
DB_15,A_022,3.531458757678516
DB_15,A_023,2.354073843492943
DB_15,A_024,0.8204717640459159
DB_15,A_025,2.452027111524661
DB_15,A_026,4.036589664324098
DB_15,A_027,2.8768319970891554
DB_15,A_028,2.398981281915568
DB_15,A_029,3.0581240788735564
DB_15,A_030,2.047132989924591
DB_15,A_031,2.301468577470425
DB_15,A_032,3.116784433653638
DB_15,A_033,2.156922620573618
DB_15,A_034,2.620656488575372
DB_15,A_035,3.3316271516740543
DB_15,A_036,1.3123931312355266
DB_15,A_037,1.665950313071096
DB_15,A_038,1.9501612181248504
DB_15,A_039,3.338295656173885
DB_15,A_040,2.671674347217087
DB_15,A_041,4.016071683022242
DB_15,A_042,2.905974263155482
DB_15,A_043,0.8678954396464039
DB_15,A_044,3.654393704888986
DB_15,A_045,5.397890170955127
DB_15,A_046,2.4835767302672838
DB_15,A_047,2.5116581036258125
DB_15,A_048,2.9649593522120776
DB_15,A_049,2.874274961735351
DB_15,A_050,1.5800672112829814
DB_15,A_051,2.1873972787564857
DB_15,A_052,2.7766970536936566
DB_15,A_053,2.088121911117845
DB_15,A_054,0.6471703727224426
DB_15,A_055,1.940192583129652
DB_15,A_056,2.4773189820348884
DB_15,A_057,2.375588889140611
DB_15,A_058,2.7522907387015496
DB_15,A_059,2.069959399314154
DB_15,A_060,2.111641576430585
DB_15,A_061,3.451040173871932
DB_15,A_062,2.4014697415453248
DB_15,A_063,4.088941439076427
DB_15,A_064,2.96658316847128
DB_15,A_065,2.3818914473241164
DB_15,A_066,5.652879411196536
DB_15,A_067,1.975957249307328
DB_15,A_068,2.5573513753672272
DB_15,A_069,3.151022147478524
DB_15,A_070,2.2393799448239458
DB_15,A_071,3.5171827516773027
DB_15,A_072,0.6847221430292922
DB_15,A_073,0.6476929195631227
DB_15,A_074,2.59471319273011
DB_15,A_075,2.462593316610124
DB_15,A_076,0.6511229765289208
DB_15,A_077,4.739729402067487
DB_15,A_078,1.739824323064448
DB_15,A_079,0.624421173259515
DB_15,A_080,4.030688434677036
DB_15,A_081,2.527709607698708
DB_15,A_082,2.2544627177260144
DB_15,A_083,6.048246390237295
DB_15,A_084,1.5323837562894855
DB_15,A_085,1.9216554323363024
DB_15,A_086,2.1681470603522977
DB_15,A_087,2.0691570548480187
DB_15,A_088,2.570962485438721
DB_15,A_089,2.502990803517401
DB_15,A_090,2.1921085745109035
DB_15,A_091,1.170451182605034
DB_15,A_092,2.0153578225861235
DB_15,A_093,2.442555383213201
DB_15,A_094,2.812290739071965
DB_15,A_095,1.9620613831189917
DB_15,A_096,4.276992863059533
DB_15,A_097,4.185773689705617
DB_15,A_098,2.7168076870259155
DB_15,A_099,2.254342561581129
DB_15,A_100,4.602975196634449
DB_16,A_001,8.09694861006297
DB_16,A_002,6.320575888133841
DB_16,A_003,3.832554861714454
DB_16,A_004,6.168420104868916
DB_16,A_005,5.463725472008742
DB_16,A_006,5.407388314482313
DB_16,A_007,6.64051023954153
DB_16,A_008,4.980958987491192
DB_16,A_009,6.558494721490881
DB_16,A_010,4.743816912095356
DB_16,A_011,9.584602869648991
DB_16,A_012,6.399919524520043
DB_16,A_013,7.714345412259663
DB_16,A_014,6.289796876299064
DB_16,A_015,6.887633857278383
DB_16,A_016,5.495949936350844
DB_16,A_017,5.78607317258441
DB_16,A_018,7.452219949719708
DB_16,A_019,6.986769099792849
DB_16,A_020,5.805462106602272
DB_16,A_021,8.261335500108265
DB_16,A_022,6.782665061876217
DB_16,A_023,5.755338067240629
DB_16,A_024,3.3514177707349586
DB_16,A_025,6.4978002879178485
DB_16,A_026,8.265435869859537
DB_16,A_027,6.156476900607815
DB_16,A_028,5.278791426126585
DB_16,A_029,7.501026435871624
DB_16,A_030,6.1842269308433
DB_16,A_031,6.68334680875911
DB_16,A_032,6.346000192111305
DB_16,A_033,6.103830400261797
DB_16,A_034,5.626542393216207
DB_16,A_035,7.321561000594779
DB_16,A_036,4.415466756539565
DB_16,A_037,5.662081744008725
DB_16,A_038,6.113529358540997
DB_16,A_039,6.768363870353027
DB_16,A_040,7.6822979032400704
DB_16,A_041,7.783762933030933
DB_16,A_042,5.886001622529646
DB_16,A_043,4.631041719773832
DB_16,A_044,7.539087864661844
DB_16,A_045,8.59062887536427
DB_16,A_046,5.901269386434511
DB_16,A_047,6.558056597001195
DB_16,A_048,6.9731360339747335
DB_16,A_049,7.230805244088383
DB_16,A_050,5.61048783322763
DB_16,A_051,5.762177866187367
DB_16,A_052,7.67133948968124
DB_16,A_053,6.677798996510386
DB_16,A_054,3.595685410123919
DB_16,A_055,5.721533011227752
DB_16,A_056,5.805099093027762
DB_16,A_057,6.337646121184585
DB_16,A_058,5.473336327702319
DB_16,A_059,6.657236074766814
DB_16,A_060,5.833765161768537
DB_16,A_061,7.701457861155094
DB_16,A_062,6.565096502926396
DB_16,A_063,9.124081300219435
DB_16,A_064,6.840935112110556
DB_16,A_065,6.257249677038632
DB_16,A_066,9.474399278840512
DB_16,A_067,6.152888170921701
DB_16,A_068,6.868195869368597
DB_16,A_069,6.80313774683355
DB_16,A_070,6.739387869189107
DB_16,A_071,7.31334829796935
DB_16,A_072,3.797290051300146
DB_16,A_073,4.519323099212239
DB_16,A_074,6.658954550226574
DB_16,A_075,6.5370927400302765
DB_16,A_076,4.722956222917467
DB_16,A_077,9.535074611131089
DB_16,A_078,5.833059124572037
DB_16,A_079,3.9507665383263575
DB_16,A_080,7.744829488585622
DB_16,A_081,5.148860221892623
DB_16,A_082,6.681595350195186
DB_16,A_083,9.810233522945015
DB_16,A_084,4.739117180917153
DB_16,A_085,6.203756147597279
DB_16,A_086,5.514929370177104
DB_16,A_087,6.4107094413325605
DB_16,A_088,5.247371554990653
DB_16,A_089,6.993456802159955
DB_16,A_090,5.626277916422779
DB_16,A_091,5.586998477470035
DB_16,A_092,5.714470873763801
DB_16,A_093,6.943780121169495
DB_16,A_094,7.69415354275375
DB_16,A_095,6.303853851801902
DB_16,A_096,8.454710171446067
DB_16,A_097,7.997771942650384
DB_16,A_098,7.152289224216073
DB_16,A_099,6.534275282046346
DB_16,A_100,8.85301830952431
DB_17,A_001,8.520034250770985
DB_17,A_002,5.292914262986285
DB_17,A_003,3.218209746747085
DB_17,A_004,5.448886147338303
DB_17,A_005,6.107326010789044
DB_17,A_006,3.5825044170077565
DB_17,A_007,6.226292823056408
DB_17,A_008,5.535200699509982
DB_17,A_009,7.589659531452851
DB_17,A_010,4.718869468964493
DB_17,A_011,8.88149739039773
DB_17,A_012,6.74210978198663
DB_17,A_013,7.355046191272272
DB_17,A_014,6.112829891121027
DB_17,A_015,6.425449204371126
DB_17,A_016,5.047668042034252
DB_17,A_017,6.160087573359488
DB_17,A_018,7.674335929533426
DB_17,A_019,7.863463561180493
DB_17,A_020,6.368149364777575
DB_17,A_021,11.10628051417359
DB_17,A_022,5.430082028748309
DB_17,A_023,5.9494281394612365
DB_17,A_024,4.904487458094088
DB_17,A_025,7.424938428858653
DB_17,A_026,9.149087070097634
DB_17,A_027,6.449588159223456
DB_17,A_028,5.853770710745424
DB_17,A_029,7.627369735772026
DB_17,A_030,4.724260181488361
DB_17,A_031,7.2019633769917135
DB_17,A_032,6.949703941176271
DB_17,A_033,6.141901451485344
DB_17,A_034,5.654636565831568
DB_17,A_035,7.034971332068064
DB_17,A_036,5.180140337233814
DB_17,A_037,5.255428788637084
DB_17,A_038,6.28498401092062
DB_17,A_039,7.769545020024715
DB_17,A_040,7.515733238671974
DB_17,A_041,8.401736582387178
DB_17,A_042,5.754997177583555
DB_17,A_043,4.613260236187359
DB_17,A_044,7.430794192022145
DB_17,A_045,10.32507941715118
DB_17,A_046,6.3242069682524615
DB_17,A_047,6.6741957060203045
DB_17,A_048,7.720192990814739
DB_17,A_049,6.680247739263787
DB_17,A_050,5.298543167603444
DB_17,A_051,6.482195018568407
DB_17,A_052,6.475426812496146
DB_17,A_053,6.2084968326570005
DB_17,A_054,3.7520379681662135
DB_17,A_055,5.038727253776065
DB_17,A_056,6.600865621124208
DB_17,A_057,6.204060869023495
DB_17,A_058,6.677899066665769
DB_17,A_059,6.416392943661969
DB_17,A_060,6.209287022638759
DB_17,A_061,7.749694692002107
DB_17,A_062,6.818485819541936
DB_17,A_063,8.488820550560968
DB_17,A_064,7.276805637905011
DB_17,A_065,6.21174358213676
DB_17,A_066,9.945051654637972
DB_17,A_067,5.96075504307281
DB_17,A_068,7.298441406467322
DB_17,A_069,6.997693867304409
DB_17,A_070,6.921630481162502
DB_17,A_071,7.497483599454724
DB_17,A_072,3.5207123658251054
DB_17,A_073,5.394497110869367
DB_17,A_074,7.272562880116323
DB_17,A_075,6.989449983839358
DB_17,A_076,4.041878700279069
DB_17,A_077,9.27456465540992
DB_17,A_078,5.679310061208689
DB_17,A_079,3.4905030290161885
DB_17,A_080,7.555532804349826
DB_17,A_081,6.800610525901854
DB_17,A_082,7.849266024945701
DB_17,A_083,9.978173368216131
DB_17,A_084,5.232174387141613
DB_17,A_085,4.908646592460927
DB_17,A_086,6.15569110663616
DB_17,A_087,6.782858460094871
DB_17,A_088,5.565369117725125
DB_17,A_089,6.324634403074472
DB_17,A_090,5.716836510151601
DB_17,A_091,4.2822403871756425
DB_17,A_092,6.363821473504109
DB_17,A_093,7.0806294048579215
DB_17,A_094,6.784011619320959
DB_17,A_095,6.465797183685419
DB_17,A_096,8.155441986029619
DB_17,A_097,9.110210459271007
DB_17,A_098,7.312960796932352
DB_17,A_099,6.063543659633513
DB_17,A_100,8.906478444509812
DB_18,A_001,9.72027298901291
DB_18,A_002,6.987472052315249
DB_18,A_003,6.293253686324436
DB_18,A_004,8.583380806785943
DB_18,A_005,8.094736694201615
DB_18,A_006,7.512415938329534
DB_18,A_007,9.269820466682935
DB_18,A_008,7.491622846998501
DB_18,A_009,9.57629326432865
DB_18,A_010,7.130860319463114
DB_18,A_011,12.044773177358792
DB_18,A_012,8.472673906038832
DB_18,A_013,9.44756759520992
DB_18,A_014,7.062536775604892
DB_18,A_015,9.24781509346636
DB_18,A_016,6.409501936669916
DB_18,A_017,7.945978551555954
DB_18,A_018,9.441986792478213
DB_18,A_019,9.769028506929898
DB_18,A_020,8.281426409219762
DB_18,A_021,10.529199289703564
DB_18,A_022,9.272847623509946
DB_18,A_023,8.7117228800251
DB_18,A_024,5.615421931629491
DB_18,A_025,9.277845937191328
DB_18,A_026,11.286022691697038
DB_18,A_027,8.876273727612855
DB_18,A_028,8.167397610162514
DB_18,A_029,9.55254439746103
DB_18,A_030,7.648371826638781
DB_18,A_031,8.634575460200093
DB_18,A_032,9.50380164644459
DB_18,A_033,9.760791311601311
DB_18,A_034,8.053771476314209
DB_18,A_035,9.85438490103956
DB_18,A_036,6.451941055557628
DB_18,A_037,6.06751158969834
DB_18,A_038,9.124535002394769
DB_18,A_039,10.046066283630918
DB_18,A_040,9.79062535770954
DB_18,A_041,10.866922566034331
DB_18,A_042,8.558501679847852
DB_18,A_043,5.275379151194014
DB_18,A_044,10.065025161897877
DB_18,A_045,11.983991010520084
DB_18,A_046,8.389002920773708
DB_18,A_047,9.17670027514799
DB_18,A_048,10.154783537378488
DB_18,A_049,9.944803628653784
DB_18,A_050,7.706291064135802
DB_18,A_051,7.922501833514176
DB_18,A_052,9.598655049512905
DB_18,A_053,8.678354573677598
DB_18,A_054,5.392644906942028
DB_18,A_055,7.738600393568562
DB_18,A_056,8.85164443295086
DB_18,A_057,8.821442165415036
DB_18,A_058,8.440062756437719
DB_18,A_059,8.476467091478158
DB_18,A_060,8.35225650916366
DB_18,A_061,9.533877178800594
DB_18,A_062,9.325156463355404
DB_18,A_063,11.981304654928946
DB_18,A_064,9.53906833649808
DB_18,A_065,8.980271563632046
DB_18,A_066,11.6377325901675
DB_18,A_067,8.011015010703986
DB_18,A_068,8.710931731884768
DB_18,A_069,9.486683094824564
DB_18,A_070,8.439330533300538
DB_18,A_071,9.842979394712476
DB_18,A_072,5.118725638847587
DB_18,A_073,8.077042956862208
DB_18,A_074,8.957491901512812
DB_18,A_075,8.74164291079202
DB_18,A_076,5.579133528956506
DB_18,A_077,11.819513335206842
DB_18,A_078,7.176296483660309
DB_18,A_079,6.06168517373195
DB_18,A_080,9.83933080070202
DB_18,A_081,8.637283198134243
DB_18,A_082,8.683904661967174
DB_18,A_083,12.365621686784024
DB_18,A_084,6.70273109577748
DB_18,A_085,7.202623608482071
DB_18,A_086,7.659645110033156
DB_18,A_087,9.087434910043669
DB_18,A_088,7.836509285334838
DB_18,A_089,8.603411218036623
DB_18,A_090,8.77757350142061
DB_18,A_091,7.223994685522611
DB_18,A_092,9.1888468366264
DB_18,A_093,9.591470265575376
DB_18,A_094,9.577195058338544
DB_18,A_095,7.666124180889155
DB_18,A_096,11.018137810590934
DB_18,A_097,10.992973682530003
DB_18,A_098,9.02244662638638
DB_18,A_099,8.827699531275265
DB_18,A_100,11.156981969231165
DB_19,A_001,9.554533421830143
DB_19,A_002,9.042260640597249
DB_19,A_003,8.323672188025979
DB_19,A_004,9.691815610856636
DB_19,A_005,9.586515645928918
DB_19,A_006,9.006523691418293
DB_19,A_007,10.119248250539073
DB_19,A_008,9.114940881765436
DB_19,A_009,8.423640666857901
DB_19,A_010,8.45438079425443
DB_19,A_011,11.302752064024236
DB_19,A_012,9.97871658770202
DB_19,A_013,10.99567847641339
DB_19,A_014,9.554567581992284
DB_19,A_015,9.44228305177108
DB_19,A_016,8.050730731319636
DB_19,A_017,10.098039764100088
DB_19,A_018,11.040295370657152
DB_19,A_019,11.097389167202689
DB_19,A_020,9.101022489231166
DB_19,A_021,14.271310279841025
DB_19,A_022,9.155769427552205
DB_19,A_023,8.94104962650277
DB_19,A_024,7.513269152796671
DB_19,A_025,10.19998921018822
DB_19,A_026,12.050087885998432
DB_19,A_027,9.771046538471849
DB_19,A_028,9.877897371691956
DB_19,A_029,9.975918951618835
DB_19,A_030,9.70377634993962
DB_19,A_031,8.814142134737093
DB_19,A_032,10.102098689347622
DB_19,A_033,10.282184705460592
DB_19,A_034,9.724481927599516
DB_19,A_035,10.136221516275326
DB_19,A_036,7.917361242472464
DB_19,A_037,9.861895803283437
DB_19,A_038,9.97952259946769
DB_19,A_039,9.856855469296487
DB_19,A_040,10.780383457274375
DB_19,A_041,10.386664198520732
DB_19,A_042,9.339232077723333
DB_19,A_043,8.704501325208506
DB_19,A_044,10.685666734140977
DB_19,A_045,13.36342737062109
DB_19,A_046,10.17373812043213
DB_19,A_047,9.887874561010046
DB_19,A_048,9.750993758467326
DB_19,A_049,10.022118034272328
DB_19,A_050,8.441022693780091
DB_19,A_051,8.942399611738818
DB_19,A_052,10.724920850431522
DB_19,A_053,9.607736587745553
DB_19,A_054,7.75979367819087
DB_19,A_055,9.03027818620355
DB_19,A_056,9.368958967261126
DB_19,A_057,9.208476726407152
DB_19,A_058,9.493496017508283
DB_19,A_059,9.687982522109056
DB_19,A_060,9.752864732657573
DB_19,A_061,9.58689186010255
DB_19,A_062,10.53336503465497
DB_19,A_063,12.809914246696312
DB_19,A_064,10.450089986652536
DB_19,A_065,10.15638046281386
DB_19,A_066,12.06462744648268
DB_19,A_067,9.976079966061464
DB_19,A_068,9.52044574984922
DB_19,A_069,9.24252826070353
DB_19,A_070,10.160919688676362
DB_19,A_071,11.055218164302689
DB_19,A_072,7.266190481057057
DB_19,A_073,9.484577197079464
DB_19,A_074,9.938502049521151
DB_19,A_075,10.026371909776556
DB_19,A_076,7.619585399899704
DB_19,A_077,11.945491558333154
DB_19,A_078,8.536983374618213
DB_19,A_079,7.44356838061987
DB_19,A_080,9.951604297306826
DB_19,A_081,10.0409312664254
DB_19,A_082,10.615466980245818
DB_19,A_083,12.647331650344816
DB_19,A_084,8.303589781257699
DB_19,A_085,9.023715274372336
DB_19,A_086,8.961151430822904
DB_19,A_087,10.406842502334502
DB_19,A_088,9.930256163578624
DB_19,A_089,9.645460484980134
DB_19,A_090,9.02615815280448
DB_19,A_091,7.662820442317463
DB_19,A_092,10.00863747270638
DB_19,A_093,10.305161682668464
DB_19,A_094,10.818814237259913
DB_19,A_095,9.890842752361662
DB_19,A_096,11.778138018574944
DB_19,A_097,10.937532888022233
DB_19,A_098,10.333073145922668
DB_19,A_099,10.069212932991894
DB_19,A_100,12.030108281381915
DB_20,A_001,2.6135426827716857
DB_20,A_002,2.0369745490247038
DB_20,A_003,1.9448106345549097
DB_20,A_004,2.056973744378932
DB_20,A_005,1.7967804130027385
DB_20,A_006,2.2545449055662186
DB_20,A_007,2.4804315358269653
DB_20,A_008,3.4467456016791456
DB_20,A_009,2.6960569884034413
DB_20,A_010,2.3599695245724845
DB_20,A_011,3.504246197323784
DB_20,A_012,2.122771246650814
DB_20,A_013,2.153643475022648
DB_20,A_014,2.232905198328412
DB_20,A_015,2.284098841593252
DB_20,A_016,1.7234409272705025
DB_20,A_017,4.201116120910467
DB_20,A_018,2.3636287032803245
DB_20,A_019,3.118963675753973
DB_20,A_020,2.509208006673985
DB_20,A_021,5.172242467169364
DB_20,A_022,4.145256102583801
DB_20,A_023,3.0423875640455056
DB_20,A_024,2.019673308038673
DB_20,A_025,2.023427110795556
DB_20,A_026,2.8609010276003555
DB_20,A_027,4.528340389078172
DB_20,A_028,3.3353045524734326
DB_20,A_029,2.69252944708672
DB_20,A_030,2.246494024790432
DB_20,A_031,2.201233688930345
DB_20,A_032,2.30238480477217
DB_20,A_033,2.217328966053239
DB_20,A_034,3.6198302801081206
DB_20,A_035,2.3485688084593312
DB_20,A_036,2.1811099144557278
DB_20,A_037,1.980199089202592
DB_20,A_038,2.0254720837587548
DB_20,A_039,2.6334734369042496
DB_20,A_040,2.113273269499813
DB_20,A_041,3.374360920117805
DB_20,A_042,3.853831751974915
DB_20,A_043,1.9774354280438229
DB_20,A_044,2.5229861998372525
DB_20,A_045,3.145247143798472
DB_20,A_046,2.22788853387682
DB_20,A_047,2.261379002616835
DB_20,A_048,2.6020175783552477
DB_20,A_049,2.0382152334868717
DB_20,A_050,2.0973768973451965
DB_20,A_051,2.059284597475541
DB_20,A_052,2.3283947376313234
DB_20,A_053,2.4009600042180064
DB_20,A_054,2.160098529316338
DB_20,A_055,2.2123478319630703
DB_20,A_056,2.867313339567505
DB_20,A_057,2.46727415494831
DB_20,A_058,2.7709328762839047
DB_20,A_059,1.8186594767230175
DB_20,A_060,2.260455940870678
DB_20,A_061,3.0331368915217167
DB_20,A_062,2.2981498580323274
DB_20,A_063,3.5974435739787283
DB_20,A_064,2.0834429704460278
DB_20,A_065,2.2381712145373225
DB_20,A_066,3.6321492769906327
DB_20,A_067,1.9572962079330691
DB_20,A_068,2.541058735331978
DB_20,A_069,2.4990550394033217
DB_20,A_070,2.060812701671834
DB_20,A_071,2.3331289395297854
DB_20,A_072,2.456778746758595
DB_20,A_073,2.435438645866986
DB_20,A_074,2.0932157129824
DB_20,A_075,1.9547314573881205
DB_20,A_076,1.5610278185390205
DB_20,A_077,3.717462601023655
DB_20,A_078,2.098887954638797
DB_20,A_079,2.0426895009970845
DB_20,A_080,2.9151281982398305
DB_20,A_081,2.642521001753249
DB_20,A_082,2.4007507780189785
DB_20,A_083,4.357795156840713
DB_20,A_084,2.22852564776012
DB_20,A_085,2.623566545839633
DB_20,A_086,1.821580904307796
DB_20,A_087,2.3399431882870005
DB_20,A_088,2.756802780932321
DB_20,A_089,1.7260106160834316
DB_20,A_090,1.9566669231111151
DB_20,A_091,2.145617620334784
DB_20,A_092,2.4751540485860546
DB_20,A_093,2.073918544217565
DB_20,A_094,2.154999408640637
DB_20,A_095,1.9747506946427604
DB_20,A_096,3.5109281267138246
DB_20,A_097,3.558561865705636
DB_20,A_098,2.1525138395380403
DB_20,A_099,2.038231403839032
DB_20,A_100,3.178326731331562
DB_21,A_001,5.32486246666549
DB_21,A_002,4.1291101089754125
DB_21,A_003,3.243936107271032
DB_21,A_004,3.853362770954171
DB_21,A_005,4.274169837600865
DB_21,A_006,3.793304408663265
DB_21,A_007,4.4771988460517695
DB_21,A_008,4.332409377301949
DB_21,A_009,4.513820858452712
DB_21,A_010,3.4321463674257657
DB_21,A_011,6.272591338934546
DB_21,A_012,4.243824252170163
DB_21,A_013,4.607624320076331
DB_21,A_014,3.814397726854045
DB_21,A_015,4.827262635131784
DB_21,A_016,3.2645803496539423
DB_21,A_017,4.544666662646758
DB_21,A_018,4.673142903036115
DB_21,A_019,5.894647749674048
DB_21,A_020,4.2849638992523404
DB_21,A_021,9.360531828952352
DB_21,A_022,4.663430908551396
DB_21,A_023,4.138597203059475
DB_21,A_024,3.376159969663223
DB_21,A_025,3.932847051840469
DB_21,A_026,5.9383529956320285
DB_21,A_027,5.17596745354843
DB_21,A_028,4.281901973095334
DB_21,A_029,5.808428542129893
DB_21,A_030,3.363900106875167
DB_21,A_031,5.1818427023246825
DB_21,A_032,3.9572073778172783
DB_21,A_033,4.338781581753457
DB_21,A_034,4.517466582783418
DB_21,A_035,4.622226411265196
DB_21,A_036,2.492119343783445
DB_21,A_037,2.791840438899716
DB_21,A_038,4.416891215780952
DB_21,A_039,4.143996926706266
DB_21,A_040,5.152458283870386
DB_21,A_041,6.501576453183143
DB_21,A_042,5.372108735210579
DB_21,A_043,3.086469144734641
DB_21,A_044,4.849493621095577
DB_21,A_045,6.401223885926015
DB_21,A_046,3.87741164698147
DB_21,A_047,5.320923716802978
DB_21,A_048,5.374163324735317
DB_21,A_049,3.9468272452379702
DB_21,A_050,3.4544748981319238
DB_21,A_051,4.397218458352083
DB_21,A_052,3.905659464746298
DB_21,A_053,3.556474601623427
DB_21,A_054,1.878127267596466
DB_21,A_055,3.379769045469092
DB_21,A_056,4.405956113367056
DB_21,A_057,3.502693804713438
DB_21,A_058,4.429943885791624
DB_21,A_059,5.262621379100576
DB_21,A_060,3.621600687841633
DB_21,A_061,6.215761791454558
DB_21,A_062,3.9882529337915615
DB_21,A_063,6.878407683206851
DB_21,A_064,4.645025352254476
DB_21,A_065,4.011602377774328
DB_21,A_066,7.184704943089094
DB_21,A_067,3.375196213641361
DB_21,A_068,4.574064497281008
DB_21,A_069,5.679714901295992
DB_21,A_070,4.041506097054327
DB_21,A_071,5.702471304274293
DB_21,A_072,2.5446588230676825
DB_21,A_073,4.123467639343601
DB_21,A_074,4.9343497746528096
DB_21,A_075,3.957249147891761
DB_21,A_076,2.730331281210721
DB_21,A_077,6.055756635804102
DB_21,A_078,3.739793818855269
DB_21,A_079,2.52254546339622
DB_21,A_080,6.714862413277108
DB_21,A_081,4.2147130354767
DB_21,A_082,4.559441061419317
DB_21,A_083,7.471908683819017
DB_21,A_084,2.936374867865822
DB_21,A_085,4.166480268196932
DB_21,A_086,3.891584423913918
DB_21,A_087,3.956500132322664
DB_21,A_088,4.762286911635168
DB_21,A_089,4.207639859289497
DB_21,A_090,3.398083481575102
DB_21,A_091,3.1071245746773086
DB_21,A_092,3.8568049478386497
DB_21,A_093,4.2192456087571575
DB_21,A_094,4.511169075125747
DB_21,A_095,3.243697806776607
DB_21,A_096,5.78955966253019
DB_21,A_097,5.202025769276189
DB_21,A_098,4.2958706305423
DB_21,A_099,4.410726718646936
DB_21,A_100,5.870367324179628
DB_22,A_001,3.9036649609032006
DB_22,A_002,3.226681902739762
DB_22,A_003,3.211359943518189
DB_22,A_004,3.6713681848113504
DB_22,A_005,2.795119161134383
DB_22,A_006,3.962137077984493
DB_22,A_007,5.7793599286419575
DB_22,A_008,5.069110335344043
DB_22,A_009,4.793036757075604
DB_22,A_010,4.392249988655055
DB_22,A_011,7.447143424080035
DB_22,A_012,4.284069253958976
DB_22,A_013,5.147139475205622
DB_22,A_014,4.147057419566823
DB_22,A_015,4.227897766649363
DB_22,A_016,3.455859077008533
DB_22,A_017,5.022136703160146
DB_22,A_018,5.56433049944219
DB_22,A_019,5.898471711140865
DB_22,A_020,4.717032069304359
DB_22,A_021,9.698572344371884
DB_22,A_022,5.495338345498703
DB_22,A_023,5.656557688125716
DB_22,A_024,2.1266618681294576
DB_22,A_025,4.267796215459925
DB_22,A_026,6.693893909066748
DB_22,A_027,4.930366853857948
DB_22,A_028,4.81050757425097
DB_22,A_029,4.718544748998552
DB_22,A_030,3.4220972709440844
DB_22,A_031,3.4568744860335654
DB_22,A_032,4.990449528154678
DB_22,A_033,4.280400897869344
DB_22,A_034,4.707198639255934
DB_22,A_035,5.228677526444771
DB_22,A_036,3.5907733556756827
DB_22,A_037,3.737275561137173
DB_22,A_038,4.232851686882155
DB_22,A_039,4.979731772314557
DB_22,A_040,5.543119253621068
DB_22,A_041,5.824800564149132
DB_22,A_042,4.330922639504214
DB_22,A_043,3.219256223049836
DB_22,A_044,5.243885698056115
DB_22,A_045,7.752989841244875
DB_22,A_046,4.249440065916189
DB_22,A_047,3.6430951144528825
DB_22,A_048,4.7434586003344
DB_22,A_049,5.310781989415797
DB_22,A_050,4.330748421658445
DB_22,A_051,4.120163547149439
DB_22,A_052,4.17699984174376
DB_22,A_053,3.775262004884138
DB_22,A_054,3.05688835040306
DB_22,A_055,4.4195876745265625
DB_22,A_056,5.418169859823387
DB_22,A_057,4.214719302409582
DB_22,A_058,5.407110213115755
DB_22,A_059,3.812334724546221
DB_22,A_060,3.839045276613498
DB_22,A_061,5.4620396902666695
DB_22,A_062,5.017028408910152
DB_22,A_063,6.5612701377096
DB_22,A_064,4.477898955152604
DB_22,A_065,4.712690310702615
DB_22,A_066,7.139549003590551
DB_22,A_067,4.068415810734985
DB_22,A_068,4.858485611864094
DB_22,A_069,4.726182988605299
DB_22,A_070,4.394398747669329
DB_22,A_071,5.53642553012073
DB_22,A_072,3.1943020621836578
DB_22,A_073,3.81128229788296
DB_22,A_074,4.580306751000292
DB_22,A_075,4.339908013359945
DB_22,A_076,3.1691636856116725
DB_22,A_077,7.336248312539661
DB_22,A_078,3.403764713503673
DB_22,A_079,2.554371062236616
DB_22,A_080,5.376012396643443
DB_22,A_081,4.589026600875448
DB_22,A_082,4.773258376597983
DB_22,A_083,9.038058849165742
DB_22,A_084,3.124251870376298
DB_22,A_085,4.072063689474693
DB_22,A_086,3.979020594429179
DB_22,A_087,4.256884767581276
DB_22,A_088,4.860151993198016
DB_22,A_089,4.459962641008896
DB_22,A_090,4.275248007681181
DB_22,A_091,3.4426351128971238
DB_22,A_092,4.301196104559296
DB_22,A_093,4.627339682491567
DB_22,A_094,5.208607126260071
DB_22,A_095,3.805200498985525
DB_22,A_096,7.205854867914055
DB_22,A_097,6.209002263867161
DB_22,A_098,4.9599704259790265
DB_22,A_099,4.529630942770821
DB_22,A_100,7.358338781898774
