BAMDIFIROXTEEM-UHFFFAOYSA-N,BDAGIHXWWSANSR-UHFFFAOYSA-N,GGYGJCFIYJVWIP-UHFFFAOYSA-N,IAZDPXIOMUYVGZ-UHFFFAOYSA-N,JMXLWMIFDJCGBV-UHFFFAOYSA-N,KFXBDBPOGBBVMC-UHFFFAOYSA-N,LLWRXQXPJMPHLR-UHFFFAOYSA-N,NXRUEVJQMBGVAT-UHFFFAOYSA-N,ODZKCFHAXXFIQC-UHFFFAOYSA-N,PBGZCCFVBVEIAS-UHFFFAOYSA-N,QNNYEDWTOZODAS-UHFFFAOYSA-N,QRFXELVDJSDWHX-UHFFFAOYSA-N,QTWVKKIQSUTRSU-UHFFFAOYSA-N,QZCGFUVVXNFSLE-UHFFFAOYSA-N,RQQRAHKHDFPBMC-UHFFFAOYSA-L,RYYSZNVPBLKLRS-UHFFFAOYSA-N,SQXJHWOXNLTOOO-UHFFFAOYSA-N,UPHCENSIMPJEIS-UHFFFAOYSA-N,UVLZLKCGKYLKOR-UHFFFAOYSA-N,VAWHFUNJDMQUSB-UHFFFAOYSA-N,XFYICZOIWSBQSK-UHFFFAOYSA-N,XLYOFNOQVPJJNP-UHFFFAOYSA-N,YEJRWHAVMIAJKC-UHFFFAOYSA-N,YYMLRIWBISZOMT-UHFFFAOYSA-N,ZEVRFFCPALTVDN-UHFFFAOYSA-N,ZMXDDKWLCZADIW-UHFFFAOYSA-N
0.0,0.0,0.0,0.0,0.0,0.0,0.0,0.0,0.0,0.0,0.0,0.0,0.0,0.0,0.0,0.0,0.0,0.0,0.0,0.0,0.0,0.0,0.0,0.0,0.0,12.9138166895
0.0,0.0,0.0,0.0,0.0,0.0,0.0,0.0,0.0,0.0,0.0,0.0,0.0,0.0,0.0,0.0,0.0,0.0,0.0,0.0,0.0,0.0,6.5048205366,0.0,0.0,6.4569083447
0.0,0.0,0.0,0.0,0.0,0.0,0.0,0.0,0.0,0.0,0.0,0.0,0.0,0.0,0.0,0.0,0.0,0.0,0.0,0.0,0.0,0.0,8.2090874884,3.0777786427,0.0,0.0
0.0,0.0,0.0,0.0,0.0,0.0,0.0,0.0,0.0,0.0,0.0,0.0,0.0,0.0,0.0,0.0,0.0,0.0,0.0,0.0,0.0,0.0,8.9506590359,0.0,1.9474984978,0.0
0.0,0.0,0.0,0.0,0.0,0.0,0.0,0.0,0.0,0.0,0.0,0.0,0.0,0.0,0.0,0.0,0.0,0.0,0.0,0.0,0.0,0.0,13.0096410733,0.0,0.0,0.0
0.0,0.0,0.0,0.0,0.0,0.0,0.0,0.0,0.0,0.0,0.0,0.0,0.0,0.0,0.0,0.0,0.0,0.0,0.0,0.0,0.0,55.4938956715,0.0,0.0,0.0,0.0
0.0,0.0,0.0,0.0,0.0,0.0,0.0,0.0,0.0,0.0,0.0,0.0,0.0,0.0,0.0,0.0,0.0,0.0,0.0,0.0,3.9854750874,0.0,8.6413027459,0.0,0.0,0.0
0.0,0.0,0.0,0.0,0.0,0.0,0.0,0.0,0.0,0.0,0.0,0.0,0.0,0.0,0.0,0.0,0.0,0.0,0.0,2.2659563401,0.0,0.0,0.0,0.0,0.0,9.5960071848
0.0,0.0,0.0,0.0,0.0,0.0,0.0,0.0,0.0,0.0,0.0,0.0,0.0,0.0,0.0,0.0,0.0,0.0,0.0,2.313300827,0.0,0.0,0.0,0.0,0.0,9.5266854658
0.0,0.0,0.0,0.0,0.0,0.0,0.0,0.0,0.0,0.0,0.0,0.0,0.0,0.0,0.0,0.0,0.0,0.0,0.0,2.338511782,0.0,0.0,0.0,0.0,0.0,9.4897716274
0.0,0.0,0.0,0.0,0.0,0.0,0.0,0.0,0.0,0.0,0.0,0.0,0.0,0.0,0.0,0.0,0.0,0.0,0.0,2.3597079214,0.0,0.0,0.0,0.0,0.0,9.4587362754
0.0,0.0,0.0,0.0,0.0,0.0,0.0,0.0,0.0,0.0,0.0,0.0,0.0,0.0,0.0,0.0,0.0,0.0,0.0,2.3612511556,0.0,0.0,0.0,0.0,0.0,9.4564766744
0.0,0.0,0.0,0.0,0.0,0.0,0.0,0.0,0.0,0.0,0.0,0.0,0.0,0.0,0.0,0.0,0.0,0.0,0.0,2.3615071084,0.0,0.0,0.0,0.0,0.0,9.4561019088
0.0,0.0,0.0,0.0,0.0,0.0,0.0,0.0,0.0,0.0,0.0,0.0,0.0,0.0,0.0,0.0,0.0,0.0,0.0,2.3619683309,0.0,0.0,0.0,0.0,0.0,9.4554265876
0.0,0.0,0.0,0.0,0.0,0.0,0.0,0.0,0.0,0.0,0.0,0.0,0.0,0.0,0.0,0.0,0.0,0.0,0.0,2.3632374945,0.0,0.0,0.0,0.0,0.0,9.4535682803
0.0,0.0,0.0,0.0,0.0,0.0,0.0,0.0,0.0,0.0,0.0,0.0,0.0,0.0,0.0,0.0,0.0,0.0,0.0,2.3633515851,0.0,0.0,0.0,0.0,0.0,9.4534012291
0.0,0.0,0.0,0.0,0.0,0.0,0.0,0.0,0.0,0.0,0.0,0.0,0.0,0.0,0.0,0.0,0.0,0.0,0.0,8.819716667,0.0,0.0,0.0,0.0,0.0,2.2136e-06
0.0,0.0,0.0,0.0,0.0,0.0,0.0,0.0,0.0,0.0,0.0,0.0,0.0,0.0,0.0,0.0,0.0,0.0,1.684225621,0.0,0.0,0.0,0.0,0.0,0.0,9.0425325181
0.0,0.0,0.0,0.0,0.0,0.0,0.0,0.0,0.0,0.0,0.0,0.0,0.0,0.0,0.0,0.0,0.0,0.0,1.7621561261,0.0,0.0,0.0,0.0,0.0,0.0,8.8634050146
0.0,0.0,0.0,0.0,0.0,0.0,0.0,0.0,0.0,0.0,0.0,0.0,0.0,0.0,0.0,0.0,0.0,0.0,1.7928286353,0.0,0.0,0.0,0.0,0.0,0.0,8.7929025845
0.0,0.0,0.0,0.0,0.0,0.0,0.0,0.0,0.0,0.0,0.0,0.0,0.0,0.0,0.0,0.0,0.0,1.2400514971,0.0,0.0,0.0,0.0,10.544528204,0.0,0.0,0.0
0.0,0.0,0.0,0.0,0.0,0.0,0.0,0.0,0.0,0.0,0.0,0.0,0.0,0.0,0.0,0.0,2.1099384609,0.0,0.0,0.0,0.0,0.0,8.7176540408,0.0,0.0,0.0
0.0,0.0,0.0,0.0,0.0,0.0,0.0,0.0,0.0,0.0,0.0,0.0,0.0,0.0,0.0,0.0,2.3154723091,0.0,0.0,0.0,0.0,0.0,8.2995619366,0.0,0.0,0.0
0.0,0.0,0.0,0.0,0.0,0.0,0.0,0.0,0.0,0.0,0.0,0.0,0.0,0.0,0.0,0.0,2.6365856499,0.0,0.0,0.0,0.0,0.0,7.6463607553,0.0,0.0,0.0
0.0,0.0,0.0,0.0,0.0,0.0,0.0,0.0,0.0,0.0,0.0,0.0,0.0,0.0,0.4912501577,0.0,0.0,0.0,0.6711129213,0.0,0.0,0.0,5.4886540306,0.0,0.0,5.4482265593
0.0,0.0,0.0,0.0,0.0,0.0,0.0,0.0,0.0,0.0,0.0,0.0,0.0,0.0,0.4930035082,0.0,0.0,0.0,0.0,0.0,0.0,0.0,10.9107945898,0.0,0.7767201373,0.0
0.0,0.0,0.0,0.0,0.0,0.0,0.0,0.0,0.0,0.0,0.0,0.0,0.0,0.0,0.4970703313,0.0,0.0,0.0,0.0,0.0,0.0,0.0,5.4641063209,0.0,0.7664631503,5.4238596594
0.0,0.0,0.0,0.0,0.0,0.0,0.0,0.0,0.0,0.0,0.0,0.0,0.0,0.0,0.510908247,0.0,0.0,0.761814368,0.0,0.0,0.0,0.0,5.4988923203,0.0,0.0,5.4583894374
0.0,0.0,0.0,0.0,0.0,0.0,0.0,0.0,0.0,0.0,0.0,0.0,0.0,0.0,0.5112878014,0.0,0.0,0.7643620561,0.0,0.0,0.0,0.0,0.0,0.0,0.0,10.9113847753
0.0,0.0,0.0,0.0,0.0,0.0,0.0,0.0,0.0,0.0,0.0,0.0,0.0,0.0,0.5205435958,0.7390892398,0.0,0.0,0.0,0.0,0.0,0.0,0.0,0.0,0.0,10.9265778006
0.0,0.0,0.0,0.0,0.0,0.0,0.0,0.0,0.0,0.0,0.0,0.0,0.0,0.0,0.5279332816,0.0,0.0,0.0,0.0,0.0,0.7721472879,0.0,11.6493048658,0.0,0.0,0.0
0.0,0.0,0.0,0.0,0.0,0.0,0.0,0.0,0.0,0.0,0.0,0.0,0.0,0.0,0.530263597,0.0,0.0,0.7647720618,0.0,0.0,0.0,0.0,10.9730600137,0.0,0.0,0.0
0.0,0.0,0.0,0.0,0.0,0.0,0.0,0.0,0.0,0.0,0.0,0.0,0.0,0.0,0.5377125468,0.0,0.0,0.0,0.0,0.0,0.7715589278,0.0,0.0,0.0,0.0,11.5546890882
0.0,0.0,0.0,0.0,0.0,0.0,0.0,0.0,0.0,0.0,0.0,0.0,0.0,0.0,0.5534626423,0.0,0.0,0.0,0.0,0.0,0.0,0.0,0.0,0.0,0.8031442801,10.7173305526
0.0,0.0,0.0,0.0,0.0,0.0,0.0,0.0,0.0,0.0,0.0,0.0,0.0,0.0,0.556984567,0.0,0.0,0.0,0.0,0.0,0.7588025728,0.0,5.8178231339,0.0,0.0,5.7749711203
0.0,0.0,0.0,0.0,0.0,0.0,0.0,0.0,0.0,0.0,0.0,0.0,0.0,0.0,0.6065637086,0.0,0.0,0.0,0.7197344166,0.0,0.0,0.0,0.0,0.0,0.0,10.6732479393
0.0,0.0,0.0,0.0,0.0,0.0,0.0,0.0,0.0,0.0,0.0,0.0,0.0,0.0,0.7858347116,0.0,0.0,0.0,0.0,0.8434700162,0.0,0.0,0.0,0.0,0.0,10.9193308372
0.0,0.0,0.0,0.0,0.0,0.0,0.0,0.0,0.0,0.0,0.0,0.0,0.0,0.0,0.8672124634,0.0,0.0,0.0,1.0552203811,0.0,0.0,0.0,0.0,0.0,0.0,9.6502083992
0.0,0.0,0.0,0.0,0.0,0.0,0.0,0.0,0.0,0.0,0.0,0.0,0.0,0.0,0.908958291,0.0,0.0,0.0,1.0875763099,0.0,0.0,0.0,0.0,0.0,0.0,9.5354908308
0.0,0.0,0.0,0.0,0.0,0.0,0.0,0.0,0.0,0.0,0.0,0.0,0.0,0.0,0.9472295456,0.0,0.0,0.0,1.1309853449,0.0,0.0,0.0,0.0,0.0,0.0,9.3987251354
0.0,0.0,0.0,0.0,0.0,0.0,0.0,0.0,0.0,0.0,0.0,0.0,0.0,0.0,1.0309275757,0.0,0.0,0.0,0.0,0.0,0.0,0.0,9.9370688699,0.0,0.9926230611,0.0
0.0,0.0,0.0,0.0,0.0,0.0,0.0,0.0,0.0,0.0,0.0,0.0,0.0,0.0,1.0550719565,0.0,0.0,0.0,0.0,0.0,2.204934774,0.0,9.5656379502,0.0,0.0,0.0
0.0,0.0,0.0,0.0,0.0,0.0,0.0,0.0,0.0,0.0,0.0,0.0,0.0,0.0,1.249386972,0.0,0.9345617668,0.0,0.0,0.0,0.0,0.0,9.8921341357,0.0,0.0,0.0
0.0,0.0,0.0,0.0,0.0,0.0,0.0,0.0,0.0,0.0,0.0,0.0,0.0,0.0,1.3620890559,0.0,0.0,0.6828884878,0.0,0.0,0.0,0.0,10.3259452385,0.0,0.0,0.0
0.0,0.0,0.0,0.0,0.0,0.0,0.0,0.0,0.0,0.0,0.0,0.0,0.0,0.0,1.5013905888,0.0,0.0,0.0,0.0,3.0034130716,0.0,0.0,0.0,0.0,0.0,7.0651890901
0.0,0.0,0.0,0.0,0.0,0.0,0.0,0.0,0.0,0.0,0.0,0.0,0.0,0.0,1.6042709831,0.0,1.6058236814,0.0,0.0,0.0,0.0,0.0,8.1811424712,0.0,0.0,0.0
0.0,0.0,0.0,0.0,0.0,0.0,0.0,0.0,0.0,0.0,0.0,0.0,0.0,0.0,1.6245220292,0.0,0.0,0.0,0.0,0.0,0.0,0.0,8.633208199,1.7917952412,0.0,0.0
0.0,0.0,0.0,0.0,0.0,0.0,0.0,0.0,0.0,0.0,0.0,0.0,0.0,0.0,1.7254393576,0.0,1.7156633129,0.0,0.0,0.0,0.0,0.0,7.8397358478,0.0,0.0,0.0
0.0,0.0,0.0,0.0,0.0,0.0,0.0,0.0,0.0,0.0,0.0,0.0,0.0,0.0,2.2068514764,0.0,0.0,0.0,0.0,2.7693694737,0.0,0.0,0.0,0.0,0.0,6.7260750311
0.0,0.0,0.0,0.0,0.0,0.0,0.0,0.0,0.0,0.0,0.0,0.0,0.0,0.0,2.2363320764,0.0,0.0,0.0,0.0,2.8107613769,0.0,0.0,0.0,0.0,0.0,6.6369772306
0.0,0.0,0.0,0.0,0.0,0.0,0.0,0.0,0.0,0.0,0.0,0.0,0.0,0.0,2.259243542,0.0,0.0,0.0,0.0,2.8359048456,0.0,0.0,0.0,0.0,0.0,6.5780191718
0.0,0.0,0.0,0.0,0.0,0.0,0.0,0.0,0.0,0.0,0.0,0.0,0.0,0.0,2.2600992205,0.0,0.0,0.0,0.0,2.8360578212,0.0,0.0,0.0,0.0,0.0,6.5769682054
0.0,0.0,0.0,0.0,0.0,0.0,0.0,0.0,0.0,0.0,0.0,0.0,0.0,0.0,2.2607302315,0.0,0.0,0.0,0.0,2.8407827957,0.0,0.0,0.0,0.0,0.0,6.5694400582
0.0,0.0,0.0,0.0,0.0,0.0,0.0,0.0,0.0,0.0,0.0,0.0,0.0,0.0,2.2611516697,0.0,0.0,0.0,0.0,2.8424418705,0.0,0.0,0.0,0.0,0.0,6.5666035402
0.0,0.0,0.0,0.0,0.0,0.0,0.0,0.0,0.0,0.0,0.0,0.0,0.0,0.0,2.2625170362,0.0,0.0,0.0,0.0,2.8403255562,0.0,0.0,0.0,0.0,0.0,6.5683826709
0.0,0.0,0.0,0.0,0.0,0.0,0.0,0.0,0.0,0.0,0.0,0.0,0.0,0.0,2.2755017142,0.0,0.0,0.0,0.0,2.8075852325,0.0,0.0,0.0,0.0,0.0,6.6037718159
0.0,0.0,0.0,0.0,0.0,0.0,0.0,0.0,0.0,0.0,0.0,0.0,0.0,0.0,2.2771969113,0.0,0.0,0.0,0.0,2.8104940397,0.0,0.0,0.0,0.0,0.0,6.5978744035
0.0,0.0,0.0,0.0,0.0,0.0,0.0,0.0,0.0,0.0,0.0,0.0,0.0,0.0,2.3169560583,0.0,0.0,0.0,0.0,2.9045874116,0.0,0.0,0.0,0.0,0.0,6.4216773873
0.0,0.0,0.0,0.0,0.0,0.0,0.0,0.0,0.0,0.0,0.0,0.0,0.8696036176,0.0,1.5983768359,0.0,0.0,0.0,0.0,0.0,0.0,0.0,0.0,0.0,0.0,9.9537389833
0.0,0.0,0.0,0.0,0.0,0.0,0.0,0.0,0.0,0.0,0.0,0.0,1.0062788928,0.0,1.8673904402,0.0,0.0,0.0,0.0,0.0,0.0,0.0,0.0,0.0,0.0,9.4713042702
0.0,0.0,0.0,0.0,0.0,0.0,0.0,0.0,0.0,0.0,0.0,0.0,2.7840194998,0.0,0.0,0.0,0.0,0.0,0.0,0.0,0.0,0.0,0.0,0.0,0.0,8.3827313552
0.0,0.0,0.0,0.0,0.0,0.0,0.0,0.0,0.0,0.0,0.0,0.0,3.1294218471,0.0,0.0,0.0,0.0,0.0,0.0,0.0,0.0,0.0,0.0,0.0,0.0,7.8205774226
0.0,0.0,0.0,0.0,0.0,0.0,0.0,0.0,0.0,0.0,0.0,1.4284573392,0.0,0.0,1.4393432507,0.0,0.0,0.0,0.0,0.0,0.0,0.0,8.9739695824,0.0,0.0,0.0
0.0,0.0,0.0,0.0,0.0,0.0,0.0,0.0,0.0,0.0,0.0,1.4675242733,0.0,0.0,1.4652482276,0.0,0.0,0.0,0.0,0.0,0.0,0.0,8.8767026242,0.0,0.0,0.0
0.0,0.0,0.0,0.0,0.0,0.0,0.0,0.0,0.0,0.0,0.0,1.4709136947,0.0,0.0,1.4630848007,0.0,0.0,0.0,0.0,0.0,0.0,0.0,8.8725584265,0.0,0.0,0.0
0.0,0.0,0.0,0.0,0.0,0.0,0.0,0.0,0.0,0.0,0.0,1.494587521,0.0,0.0,1.5003722003,0.0,0.0,0.0,0.0,0.0,0.0,0.0,8.7925962762,0.0,0.0,0.0
0.0,0.0,0.0,0.0,0.0,0.0,0.0,0.0,0.0,0.0,0.0,1.503494059,0.0,0.0,1.5041804311,0.0,0.0,0.0,0.0,0.0,0.0,0.0,8.7724635246,0.0,0.0,0.0
0.0,0.0,0.0,0.0,0.0,0.0,0.0,0.0,0.0,0.0,0.0,1.5108924941,0.0,0.0,1.4995387794,0.0,0.0,0.0,0.0,0.0,0.0,0.0,8.7633390094,0.0,0.0,0.0
0.0,0.0,0.0,0.0,0.0,0.0,0.0,0.0,0.0,0.0,0.0,1.9074504035,0.0,0.0,1.9056131949,0.0,0.0,0.0,0.0,0.0,0.0,0.0,7.6366621256,0.0,0.0,0.0
0.0,0.0,0.0,0.0,0.0,0.0,0.0,0.0,0.0,0.0,0.0,3.050352787,0.0,0.0,0.0,0.0,0.0,0.0,0.0,0.0,0.0,0.0,7.3843524392,0.0,0.0,0.0
0.0,0.0,0.0,0.0,0.0,0.0,0.0,0.0,0.0,0.0,0.0,3.0862573619,0.0,0.0,0.0,0.0,0.0,0.0,0.0,0.0,0.0,0.0,7.3181392465,0.0,0.0,0.0
0.0,0.0,0.0,0.0,0.0,0.0,0.0,0.0,0.0,0.0,0.0,3.1074552099,0.0,0.0,0.0,0.0,0.0,0.0,0.0,0.0,0.0,0.0,7.2790473703,0.0,0.0,0.0
0.0,0.0,0.0,0.0,0.0,0.0,0.0,0.0,0.0,0.0,0.0,3.1101639521,0.0,0.0,0.0,0.0,0.0,0.0,0.0,0.0,0.0,0.0,7.2740520607,0.0,0.0,0.0
0.0,0.0,0.0,0.0,0.0,0.0,0.0,0.0,0.0,0.0,0.0,3.1105506118,0.0,0.0,0.0,0.0,0.0,0.0,0.0,0.0,0.0,0.0,7.2733390047,0.0,0.0,0.0
0.0,0.0,0.0,0.0,0.0,0.0,0.0,0.0,0.0,0.0,0.0,3.1249418955,0.0,0.0,0.0,0.0,0.0,0.0,0.0,0.0,0.0,0.0,7.2467994106,0.0,0.0,0.0
0.0,0.0,0.0,0.0,0.0,0.0,0.0,0.0,0.0,0.0,0.0,3.2682519557,0.0,0.0,0.0,0.0,0.0,0.0,0.0,0.0,0.0,0.0,6.9825150773,0.0,0.0,0.0
0.0,0.0,0.0,0.0,0.0,0.0,0.0,0.0,0.0,0.0,1.335481956,0.0,0.0,0.0,1.1033637147,0.0,0.0,0.0,0.0,0.0,0.0,0.0,8.8401800702,0.0,0.0,0.0
0.0,0.0,0.0,0.0,0.0,0.0,0.0,0.0,0.0,0.0,1.3615336306,0.0,0.0,0.0,1.1287085667,0.0,0.0,0.0,0.0,0.0,0.0,0.0,8.7551246313,0.0,0.0,0.0
0.0,0.0,0.0,0.0,0.0,0.0,0.0,0.0,0.0,0.0,1.7066997424,0.0,0.0,0.0,0.0,0.0,0.0,0.0,0.0,0.0,0.0,0.0,9.0540946684,0.0,0.0,0.0
0.0,0.0,0.0,0.0,0.0,0.0,0.0,0.0,0.0,0.0,1.7959756169,0.0,0.0,0.0,0.0,0.0,0.0,0.0,0.0,0.0,0.0,0.0,8.8471837188,0.0,0.0,0.0
0.0,0.0,0.0,0.0,0.0,0.0,0.0,0.0,0.0,0.8853663815,0.0,0.0,0.0,0.0,0.0,0.0,0.0,0.0,0.0,0.0,0.0,0.0,11.1950883954,0.0,0.0,0.0
0.0,0.0,0.0,0.0,0.0,0.0,0.0,0.0,0.0,1.2148365177,0.0,0.0,0.0,0.0,1.2340662325,0.0,0.0,0.0,0.0,0.0,0.0,0.0,9.3183148034,0.0,0.0,0.0
0.0,0.0,0.0,0.0,0.0,0.0,0.0,0.0,0.9901526874,0.0,0.0,0.0,0.0,0.0,0.987072308,0.0,0.0,0.0,0.0,0.0,0.0,0.0,0.0,0.0,0.0,9.7432240018
0.0,0.0,0.0,0.0,0.0,0.0,0.0,0.7145574416,0.0,0.0,0.0,0.0,0.0,0.0,0.8978724169,0.0,0.0,0.0,0.0,0.0,0.0,0.0,10.1936454348,0.0,0.0,0.0
0.0,0.0,0.0,0.0,0.0,0.0,0.0,0.7250575433,0.0,0.0,0.0,0.0,0.0,0.0,0.5113088588,0.0,0.0,0.0,0.0,0.0,0.0,0.0,0.0,0.0,0.0,10.4638375206
0.0,0.0,0.0,0.0,0.0,0.0,0.0,0.7292667153,0.0,0.0,0.0,0.0,0.0,0.0,0.5230132753,0.0,0.0,0.0,0.0,0.0,0.0,0.0,5.2593240865,0.0,0.0,5.2205857779
0.0,0.0,0.0,0.0,0.0,0.0,0.0,0.7726904941,0.0,0.0,0.0,0.0,0.0,0.0,0.5113416674,0.0,0.0,0.0,0.0,0.0,0.0,0.0,10.4120086219,0.0,0.0,0.0
0.0,0.0,0.0,0.0,0.0,0.0,0.0,1.625839437,0.0,0.0,0.0,0.0,0.0,0.0,0.0,0.0,0.0,0.0,0.0,0.0,0.0,0.0,8.5914491298,0.0,0.0,0.0
0.0,0.0,0.0,0.0,0.0,0.0,0.7552492888,0.0,0.0,0.0,0.0,0.0,0.0,0.0,0.5173628196,0.0,0.0,0.0,0.0,0.0,0.0,0.0,0.0,0.0,0.0,11.7516406379
0.0,0.0,0.0,0.0,0.0,0.0,0.7732240643,0.0,0.0,0.0,0.0,0.0,0.0,0.0,0.5377052909,0.0,0.0,0.0,0.0,0.0,0.0,0.0,11.8031589097,0.0,0.0,0.0
0.0,0.0,0.0,0.0,0.0,0.0,0.797244296,0.0,0.0,0.0,0.0,0.0,0.0,0.0,0.5145900349,0.0,0.0,0.0,0.0,0.0,0.0,0.0,5.9022243247,0.0,0.0,5.858750642
0.0,0.0,0.0,0.0,0.0,0.0,1.5001813873,0.0,0.0,0.0,0.0,0.0,0.0,0.0,1.4984459088,0.0,0.0,0.0,0.0,0.0,0.0,0.0,0.0,0.0,0.0,10.150342717
0.0,0.0,0.0,0.0,0.0,0.7289221349,0.0,0.0,0.0,0.0,0.0,0.0,0.0,0.0,1.6313404388,0.0,0.0,0.0,0.0,0.0,0.0,0.0,0.0,0.0,0.0,9.8599187174
0.0,0.0,0.0,0.0,0.0,0.7434810856,0.0,0.0,0.0,0.0,0.0,0.0,0.0,0.0,0.4931429841,0.0,0.0,0.0,0.0,0.0,0.0,0.0,0.0,0.0,0.0,10.9304360357
0.0,0.0,0.0,0.0,0.0,0.7442259697,0.0,0.0,0.0,0.0,0.0,0.0,0.0,0.0,0.4803680291,0.0,0.0,0.0,0.0,0.0,0.0,0.0,5.5112302136,0.0,0.0,5.4706364542
0.0,0.0,0.0,0.0,0.0,2.5287341681,0.0,0.0,0.0,0.0,0.0,0.0,0.0,0.0,0.0,0.0,0.0,0.0,0.0,0.0,0.0,0.0,0.0,0.0,0.0,7.7889530283
0.0,0.0,0.0,0.0,1.4146094043,0.0,0.0,0.0,0.0,0.0,0.0,0.0,0.0,0.0,1.4108770978,0.0,0.0,0.0,0.0,0.0,0.0,0.0,0.0,0.0,0.0,9.9994211717
0.0,0.0,0.0,0.0,3.3433857514,0.0,0.0,0.0,0.0,0.0,0.0,0.0,0.0,0.0,0.0,0.0,0.0,0.0,0.0,0.0,0.0,0.0,0.0,0.0,0.0,9.2484586472
0.0,0.0,0.0,4.5442755633,0.0,2.2586494788,0.0,0.0,0.0,0.0,0.0,0.0,0.0,0.0,0.0,0.0,0.0,0.0,0.0,0.0,0.0,0.0,0.0,0.0,0.0,4.1681603255
0.0,0.0,0.0,5.5832490779,0.0,0.8107550848,0.0,0.0,0.0,0.0,0.0,0.0,0.0,0.0,1.0641050363,0.0,0.0,0.0,0.0,0.0,0.0,0.0,0.0,0.0,0.0,5.1211413062
0.0,0.0,0.0,5.6916669524,0.0,0.0,0.0,0.7292667153,0.0,0.0,0.0,0.0,0.0,0.0,0.5230132753,0.0,0.0,0.0,0.0,0.0,0.0,0.0,0.0,0.0,0.0,5.2205857779
0.0,0.0,0.0,5.8789109443,0.0,0.0,0.0,0.0,0.0,0.0,0.0,0.0,0.0,0.0,0.5618410354,0.0,0.0,0.0,0.0,0.0,0.0,0.0,0.0,0.0,0.7666838578,5.3923321801
0.0,0.0,0.0,5.9220089186,0.0,0.0,0.0,0.0,0.0,0.0,0.0,0.0,0.0,0.0,0.5288253032,0.0,0.0,0.0,0.6695519701,0.0,0.0,0.0,0.0,0.0,0.0,5.4318630721
0.0,0.0,0.0,5.9478328155,0.0,0.0,0.0,0.0,0.0,0.0,0.0,0.0,0.0,0.0,0.5175942527,0.0,0.0,0.7614180197,0.0,0.0,0.0,0.0,0.0,0.0,0.0,5.4555496072
0.0,0.0,0.0,5.9666593599,0.0,0.7369933598,0.0,0.0,0.0,0.0,0.0,0.0,0.0,0.0,0.4910203115,0.0,0.0,0.0,0.0,0.0,0.0,0.0,0.0,0.0,0.0,5.4728179384
0.0,0.0,0.0,6.311745393,0.0,0.0,0.0,0.0,0.0,0.0,0.0,0.0,0.0,0.0,0.5157086124,0.0,0.0,0.0,0.0,0.0,0.7690501147,0.0,0.0,0.0,0.0,5.7893422979
0.0,0.0,0.0,6.4073022155,0.0,0.0,0.7387771714,0.0,0.0,0.0,0.0,0.0,0.0,0.0,0.5298850056,0.0,0.0,0.0,0.0,0.0,0.0,0.0,0.0,0.0,0.0,5.8769901861
0.0,0.0,0.0,6.4876161833,0.0,0.0,0.0,0.0,0.0,0.0,0.0,0.0,0.0,0.0,1.430348708,0.0,0.0,2.828191512,0.0,0.0,0.0,0.0,0.0,0.0,0.0,0.0
0.0,0.0,0.0,7.0395494688,0.0,0.0,0.0,0.0,0.0,0.0,0.0,0.0,0.0,0.0,0.0,0.0,0.0,0.0,0.0,0.0,0.0,0.0,0.0,0.0,0.0,6.4569083447
0.0,0.0,0.0,7.51564072,0.0,0.0,0.0,0.0,0.0,0.0,0.0,0.0,0.0,0.0,0.0,0.0,0.0,3.0508867793,0.0,0.0,0.0,0.0,0.0,0.0,0.0,0.0
0.0,0.0,0.0,10.3375915152,0.0,0.0,0.0,0.0,0.0,0.0,0.0,0.0,0.0,0.0,0.9549203086,1.2494201618,0.0,0.0,0.0,0.0,0.0,0.0,0.0,0.0,0.0,0.0
0.0,0.0,0.0,10.409787178,0.0,0.0,0.0,0.0,0.0,0.0,0.0,0.0,0.0,0.0,0.9325337331,1.227217659,0.0,0.0,0.0,0.0,0.0,0.0,0.0,0.0,0.0,0.0
0.0,0.0,0.0,10.5115738827,0.0,0.0,0.0,0.0,0.0,0.0,0.0,0.0,0.0,0.0,0.6578433054,1.3129288743,0.0,0.0,0.0,0.0,0.0,0.0,0.0,0.0,0.0,0.0
0.0,0.0,0.0,11.2865849695,0.0,0.0,0.0,0.7513171029,0.0,0.0,0.0,0.0,0.0,0.0,0.5532898558,0.0,0.0,0.0,0.0,0.0,0.0,0.0,0.0,0.0,0.0,0.0
0.0,0.0,0.0,11.4283105295,0.0,0.0,0.0,0.0,0.0,0.0,0.0,0.0,0.0,0.0,0.0,1.2108009726,0.0,0.0,0.0,0.0,0.0,0.0,0.0,0.0,0.0,0.0
0.0,0.0,0.0,11.6077023904,0.0,0.0,0.0,0.0,0.0,0.0,0.0,0.0,0.0,0.0,0.0,1.1288601285,0.0,0.0,0.0,0.0,0.0,0.0,0.0,0.0,0.0,0.0
0.0,0.0,0.0,11.733044495,0.0,0.0,0.0,0.0,0.0,0.0,0.0,0.0,0.0,0.0,0.5523517003,0.0,0.0,0.0,0.7039436257,0.0,0.0,0.0,0.0,0.0,0.0,0.0
0.0,0.0,0.0,11.8747345633,0.0,0.0,0.0,0.0,0.0,0.0,0.0,0.0,0.0,0.0,0.5128162771,0.0,0.0,0.0,0.0,0.0,0.0,0.0,0.0,0.0,0.7377520185,0.0
0.0,0.0,0.0,11.8771127623,0.0,0.7493915884,0.0,0.0,0.0,0.0,0.0,0.0,0.0,0.0,0.5183644897,0.0,0.0,0.0,0.0,0.0,0.0,0.0,0.0,0.0,0.0,0.0
0.0,0.0,0.0,11.8815976235,0.0,0.0,0.0,0.0,0.0,0.0,0.0,0.0,0.0,0.0,0.5718744043,0.7285184784,0.0,0.0,0.0,0.0,0.0,0.0,0.0,0.0,0.0,0.0
0.0,0.0,0.0,11.9032036637,0.0,0.0,0.0,0.0,0.0,0.0,0.0,0.0,0.0,0.0,0.5106498289,0.0,0.0,0.7613153372,0.0,0.0,0.0,0.0,0.0,0.0,0.0,0.0
0.0,0.0,0.0,11.9779741409,0.0,0.0,0.0,0.0,0.0,0.0,0.0,0.0,0.0,1.0268813913,0.0,0.0,0.0,0.0,0.0,0.0,0.0,0.0,0.0,0.0,0.0,0.0
0.0,0.0,0.0,12.6087392206,0.0,0.0,0.0,0.0,0.0,0.0,0.0,0.0,0.0,0.0,0.5213210966,0.0,0.0,0.0,0.0,0.0,0.7765008896,0.0,0.0,0.0,0.0,0.0
0.0,0.0,0.0,12.8000040532,0.0,0.0,0.7757546337,0.0,0.0,0.0,0.0,0.0,0.0,0.0,0.5101966172,0.0,0.0,0.0,0.0,0.0,0.0,0.0,0.0,0.0,0.0,0.0
0.0,0.0,0.0,13.1255770584,0.0,0.0,0.0,0.0,0.0,0.0,0.0,0.0,0.0,0.2311267781,0.4561279946,0.0,0.0,0.0,0.0,0.0,0.0,0.0,0.0,0.0,0.0,0.0
0.0,0.0,0.0,14.0790989377,0.0,0.0,0.0,0.0,0.0,0.0,0.0,0.0,0.0,0.0,0.0,0.0,0.0,0.0,0.0,0.0,0.0,0.0,0.0,0.0,0.0,0.0
0.0,0.0,0.7836896807,6.2942542244,0.0,0.0,0.0,0.0,0.0,0.0,0.0,0.0,0.0,0.0,0.5199790939,0.0,0.0,0.0,0.0,0.0,0.0,0.0,0.0,0.0,0.0,5.7732988177
0.0,0.0,0.7912502074,0.0,0.0,0.0,0.0,0.0,0.0,0.0,0.0,0.0,0.0,0.0,1.0382206724,0.0,0.0,0.0,0.0,0.0,0.0,0.0,11.1192963689,0.0,0.0,0.0
0.0,0.0,0.8005948456,0.0,0.0,0.0,0.0,0.0,0.0,0.0,0.0,0.0,0.0,0.0,0.5352971725,0.0,0.0,0.0,0.0,0.0,0.0,0.0,11.598572045,0.0,0.0,0.0
0.0,0.0,0.8156823845,0.0,0.0,0.0,0.0,0.0,0.0,0.0,0.0,0.0,0.0,0.0,0.5496920572,0.0,0.0,0.0,0.0,0.0,0.0,0.0,0.0,0.0,0.0,11.4825822494
0.0,0.0,0.8297997553,12.515301992,0.0,0.0,0.0,0.0,0.0,0.0,0.0,0.0,0.0,0.0,0.5368158838,0.0,0.0,0.0,0.0,0.0,0.0,0.0,0.0,0.0,0.0,0.0
0.0,0.0,0.8402540621,0.0,0.0,0.0,0.0,0.0,0.0,0.0,0.0,0.0,0.0,0.0,0.539247983,0.0,0.0,0.0,0.0,0.0,0.0,0.0,5.7753214688,0.0,0.0,5.7327825073
0.0,0.0,1.8342904454,0.0,0.0,0.0,0.0,0.0,0.0,0.0,0.0,0.0,0.0,0.0,2.1724278214,0.0,0.0,0.0,0.0,0.0,0.0,0.0,0.0,0.0,0.0,8.7903961994
0.0,0.0,3.8244043462,0.0,0.0,0.0,0.0,0.0,0.0,0.0,0.0,0.0,0.0,0.0,0.0,0.0,0.0,0.0,0.0,0.0,0.0,0.0,8.7586949317,0.0,0.0,0.0
0.0,0.0,4.837864819,0.0,0.0,0.0,0.0,0.0,0.0,0.0,0.0,0.0,0.0,0.0,0.0,0.0,0.0,0.0,0.0,0.0,0.0,0.0,0.0,0.0,0.0,7.5759855484
0.0,26.5044536172,0.0,0.0,0.0,0.0,0.0,0.0,0.0,0.0,0.0,0.0,0.0,0.0,0.0,0.0,0.0,0.0,0.0,0.0,0.0,0.0,0.0,0.0,0.0,0.0
0.7308274874,0.0,0.0,0.0,0.0,0.0,0.0,0.0,0.0,0.0,0.0,0.0,0.0,0.0,0.5073025954,0.0,0.0,0.0,0.0,0.0,0.0,0.0,0.0,0.0,0.0,10.9344647615
0.7349372003,0.0,0.0,5.95604155,0.0,0.0,0.0,0.0,0.0,0.0,0.0,0.0,0.0,0.0,0.5072336259,0.0,0.0,0.0,0.0,0.0,0.0,0.0,0.0,0.0,0.0,5.4630789309
0.7377313896,0.0,0.0,11.8819529555,0.0,0.0,0.0,0.0,0.0,0.0,0.0,0.0,0.0,0.0,0.5299383196,0.0,0.0,0.0,0.0,0.0,0.0,0.0,0.0,0.0,0.0,0.0
0.7458368073,0.0,0.0,0.0,0.0,0.0,0.0,0.0,0.0,0.0,0.0,0.0,0.0,0.0,0.5309771893,0.0,0.0,0.0,0.0,0.0,0.0,0.0,5.4808714709,0.0,0.0,5.4405013232
0.7599977249,0.0,0.0,0.0,0.0,0.0,0.0,0.0,0.0,0.0,0.0,0.0,0.0,0.0,0.504060442,0.0,0.0,0.0,0.0,0.0,0.0,0.0,5.4794414665,0.0,0.0,5.4390818517
0.777103699,0.0,0.0,5.8896050304,0.0,0.0,0.0,0.0,0.0,0.0,0.0,0.0,0.0,0.0,0.5444427445,0.0,0.0,0.0,0.0,0.0,0.0,0.0,0.0,0.0,0.0,5.4021411507
0.8894398064,0.0,0.0,0.0,0.0,0.0,0.0,0.0,0.0,0.0,0.0,0.0,0.0,0.0,1.2817178634,0.0,0.0,0.0,0.0,0.0,0.0,0.0,4.9680174134,0.0,0.0,4.9314247661
1.1136213822,0.0,0.0,0.0,0.0,0.0,0.0,0.0,0.0,0.0,0.0,0.0,0.0,0.0,1.0431491901,0.0,0.0,0.0,0.0,0.0,0.0,0.0,0.0,0.0,0.0,9.6366459747
1.361836637,0.0,0.0,0.0,0.0,0.0,0.0,0.0,0.0,0.0,0.0,0.0,0.0,0.0,0.9346814231,0.0,0.0,0.0,0.0,0.0,0.0,0.0,0.0,0.0,0.0,9.2357362745
1.527011799,0.0,0.0,0.0,0.0,0.0,0.0,0.0,0.0,0.0,0.0,0.0,0.0,0.0,1.0408664887,0.0,0.0,0.0,0.0,0.0,0.0,0.0,0.0,0.0,0.0,8.7965675345
1.9376482278,0.0,0.0,0.0,0.0,0.0,0.0,0.0,0.0,0.0,0.0,0.0,0.0,0.0,0.0,0.0,0.0,0.0,0.0,0.0,0.0,0.0,0.0,0.0,0.0,8.9658508909
2.0302475554,0.0,0.0,0.0,0.0,0.0,0.0,0.0,0.0,0.0,0.0,0.0,0.0,0.0,0.0,0.0,0.0,0.0,0.0,0.0,0.0,0.0,0.0,0.0,0.0,8.7771794008
2.0377936902,0.0,0.0,0.0,0.0,0.0,0.0,0.0,0.0,0.0,0.0,0.0,0.0,0.0,0.0,0.0,0.0,0.0,0.0,0.0,0.0,0.0,4.4134096651,0.0,0.0,4.380902061
