69.4146499633789,73.1449966430664,0.4818334579467773,0.3841767609119415,1.0,1.0,0.0791905024999997
6.635841846466064,0.825308084487915,0.1596506834030151,0.0366779901087284,1.0,1.0,0.0292433874999999
88.46553039550781,116.7131958007812,0.0188417788594961,0.1438327580690384,1.0,1.0,0.3021347177500003
23.72294044494629,17.38055229187012,0.2066275328397751,0.4148984551429749,1.0,1.0,0.2240143474999999
113.7432708740234,70.27922821044922,0.3000516593456268,0.495502382516861,1.0,1.0,0.0642239525000003
81.68307495117188,87.49027252197266,0.39065220952034,0.0608480982482433,1.0,1.0,0.0798066174999998
86.04682922363281,97.1501922607422,0.2281211912631989,0.4226148426532745,1.47446084022522,2.327665567398071,0.1233106687500002
39.17768859863281,75.88681030273438,0.1257619112730026,0.3998240828514099,0.6451404690742493,0.7664046287536621,0.3969175525000005
47.55371856689453,28.55062675476074,0.2883909940719604,0.2473506331443787,7.961185932159424,1.320497751235962,0.0939415612499997
54.02083587646484,11.17805862426758,0.4760923981666565,0.3410002887248993,4.311906814575195,7.219978809356689,0.2685183325000015
71.36388397216797,123.9610977172852,0.1588936299085617,0.2842624485492706,9.89150333404541,9.85510540008545,0.2126007912500004
57.25514221191406,6.400783538818359,0.054631769657135,0.1729483306407928,6.061438083648682,4.366414546966553,0.0477254487499995
41.60829925537109,79.54199981689453,0.3590273857116699,0.2241710275411606,0.0308316778391599,0.227252185344696,0.1452590787499989
40.77670669555664,78.29509735107422,0.3177015483379364,0.2643866837024689,0.8228387236595154,0.5759772658348083,0.1282989437499997
32.43400573730469,85.55426025390625,0.3547689020633698,0.2211026102304459,0.4002144932746887,0.6766099333763123,0.1427649412500014
77.49260711669922,67.12124633789062,0.1756174713373184,0.3991184532642365,2.876132965087891,5.61268949508667,0.2021254137500015
94.48464965820312,35.84283828735352,0.3482691049575806,0.1087755262851715,7.249192714691162,8.413012504577637,0.1509955950000005
3.782145738601685,41.22396469116211,0.1457697004079819,0.4371837675571442,4.909939765930176,3.31437873840332,0.3081262575000009
41.13600921630859,83.74825286865234,0.352156937122345,0.2818745076656342,0.5253902673721313,0.5527985095977783,0.3911810362499995
42.46138763427734,77.91755676269531,0.3617572784423828,0.3131492733955383,0.3523010611534119,0.3961676061153412,0.4048987925000008
39.89097595214844,84.47374725341797,0.3522152006626129,0.2883685529232025,0.7212367653846741,0.5631849765777588,0.4148753425000002
89.4142837524414,57.06426239013672,0.0954260751605033,0.3333537876605988,8.803025245666504,6.50720739364624,0.1232232462499993
15.20627784729004,100.9698867797852,0.0446271076798439,0.4428616762161255,6.680267810821533,9.52497673034668,0.8520976462499996
119.0816268920898,22.49360466003418,0.0740614607930183,0.4712673127651215,1.62031888961792,4.968066692352295,0.1668449450000009
45.34650802612305,89.79670715332031,0.3723797798156738,0.2705175578594208,0.91303151845932,0.6239748001098633,0.357510180000001
36.71345901489258,83.5843505859375,0.3976125717163086,0.2811218202114105,0.6568014621734619,0.6719251871109009,0.4398167175000002
63.50902557373047,61.03010177612305,0.103325292468071,0.1759193986654282,2.262913227081299,3.813109636306763,0.396418725
28.3397274017334,102.1430130004883,0.1969564706087112,0.0105507737025618,4.61747407913208,1.673437356948853,0.037175502500001
108.1433868408203,40.03265380859375,0.4750559628009796,0.1282564401626587,3.689914703369141,8.924664497375488,0.1679557300000008
19.63197708129883,27.09261894226074,0.3235996067523956,0.0453042462468147,9.369140625,6.117946624755859,0.3250863924999996
44.68752288818359,86.10234069824219,0.3444712162017822,0.2897782623767853,0.6343871355056763,0.9534547328948976,0.3023897412499987
36.32489013671875,88.1375732421875,0.360256552696228,0.3032810091972351,0.375648707151413,0.311200737953186,0.3974163799999994
98.34196472167967,48.88500595092773,0.268625795841217,0.3555681109428406,5.602203845977783,7.003025054931641,0.1234726599999998
11.89392566680908,19.37049102783203,0.1165722534060478,0.2142389118671417,8.490215301513672,7.993326187133789,0.1703999847499997
58.95649337768555,92.92969512939452,0.2184100896120071,0.0268294364213943,3.383267164230347,4.535976409912109,0.1320401499999998
75.26941680908203,112.75341796875,0.4451658725738525,0.4338787794113159,7.457208156585693,2.779397487640381,0.2126007912500003
43.2000617980957,84.992431640625,0.3369925618171692,0.2745018601417542,0.3348709642887115,0.2147017121315002,0.1108696999999996
43.2000617980957,84.992431640625,0.3369925618171692,0.2745018601417542,0.3348709642887115,0.2147017121315002,0.1224612850000008
43.2000617980957,84.992431640625,0.3369925618171692,0.2745018601417542,0.3348709642887115,0.2147017121315002,0.1112363724999998
66.78797149658203,46.99170303344727,0.4120196402072906,0.0851037725806236,9.59477996826172,3.047727108001709,0.0847954674999993
24.77907180786133,15.85777187347412,0.0339406728744506,0.1832714080810547,6.360651969909668,7.724421501159668,0.0484654424999991
51.83119583129883,42.28543853759766,0.4991450905799866,0.0497600063681602,1.900973796844482,6.216679573059082,0.0803055024999992
39.27346420288086,78.38665008544922,0.3318754136562347,0.297084778547287,0.2819394469261169,0.1492810249328613,0.1084338899999992
39.27346420288086,78.38665008544922,0.3318754136562347,0.297084778547287,0.2819394469261169,0.1492810249328613,0.1184702050000001
39.27346420288086,78.38665008544922,0.3318754136562347,0.297084778547287,0.2819394469261169,0.1492810249328613,0.1102386024999994
96.37833404541016,63.40807342529297,0.4580878913402557,0.3228096663951874,5.248595714569092,6.431602954864502,0.160127102500001
84.53015899658203,66.2299575805664,0.3082024753093719,0.3082461953163147,3.976503372192383,2.075048685073853,0.122960169999999
78.41486358642578,50.77238464355469,0.0771410167217254,0.1617245227098465,7.773764610290527,5.19309663772583,0.1296951174999994
43.49356079101562,80.2831039428711,0.3545607328414917,0.2995029389858246,0.6906278133392334,0.1203867197036743,0.11896909
88.10454559326172,24.87186241149902,0.2574849426746368,0.118017315864563,3.174808263778687,3.957995176315308,0.06952086
9.187504768371582,121.9902038574219,0.4771961569786072,0.3690316677093506,5.388020515441895,2.496371269226074,0.1745947675
30.75664329528809,109.9382858276367,0.1894902288913727,0.4071554243564606,8.23552417755127,2.374960899353027,0.2227371699999997
0.2450877577066422,80.65676879882812,0.1823463886976242,0.0769845768809318,5.526832580566406,5.875723838806152,0.2481553607500006
91.45521545410156,3.753522872924805,0.3781108558177948,0.019667575135827,8.721653938293457,4.151479721069336,0.0720739000000001
8.226607322692871,124.827018737793,0.4669676125049591,0.3609931468963623,5.811770915985107,2.94435715675354,0.145101937499999
13.66565036773682,121.2537231445312,0.4885543286800385,0.36544269323349,5.732707023620605,2.20343017578125,0.1533921550000001
5.155761241912842,118.7282028198242,0.4558822512626648,0.3636076748371124,4.733444690704346,2.260024547576904,0.154389925
35.32614517211914,67.87715148925781,0.0642466992139816,0.0394672192633152,2.594885587692261,3.608309745788574,0.0897843174999988
112.4151763916016,114.2937164306641,0.4614540338516235,0.4830547571182251,6.320164680480957,7.4615478515625,0.1324053142500006
62.37716674804688,33.63193130493164,0.304680347442627,0.4277650117874146,8.93927001953125,9.322591781616213,0.0445329775000015
6.077527046203613,122.9416427612305,0.4642029702663422,0.3633284866809845,5.258117198944092,2.803452491760254,0.0866468474999998
6.077527046203613,122.9416427612305,0.4642029702663422,0.3633284866809845,5.258117198944092,2.803452491760254,0.1170753250000003
6.077527046203613,122.9416427612305,0.4642029702663422,0.3633284866809845,5.258117198944092,2.803452491760254,0.1405202175000005
124.5957107543945,29.71468162536621,0.1341006904840469,0.4600779712200165,1.204199194908142,1.836658716201782,0.323564202499999
109.1670989990234,37.93004989624023,0.2757432162761688,0.4493426978588104,8.59747314453125,4.06990385055542,0.09910468125
64.49724578857422,22.33152389526367,0.2388517707586288,0.203348770737648,2.073383092880249,9.573445320129396,0.0650095662500002
3.567787647247314,125.0,0.4753097295761108,0.3679955899715424,5.066714286804199,2.849157094955444,0.0441590875000002
7.394047737121582,122.2539367675781,0.4911123216152191,0.356912761926651,5.470181465148926,2.099092483520508,0.0891409850000006
3.567787647247314,125.0,0.4753097295761108,0.3679955899715424,5.066714286804199,2.849157094955444,0.0741761600000001
68.33534240722656,44.48070907592773,0.3053407371044159,0.2559375166893005,4.487029552459717,2.625154733657837,0.0921339499999992
115.8246994018555,113.3935546875,0.2715467512607574,0.2255215644836426,3.077254295349121,6.745105266571045,0.1089192400000004
87.33076477050781,77.02204895019531,0.0108302263543009,0.4290427267551422,9.757823944091797,8.757993698120117,0.4118823774999995
4.471951484680176,125.0,0.4813964664936066,0.3625842034816742,5.117484569549561,2.324772357940674,0.1023599137499992
4.471951484680176,125.0,0.4813964664936066,0.3625842034816742,5.117484569549561,2.324772357940674,0.0674419887499997
44.84788131713867,99.060302734375,0.1512823551893234,0.3192451000213623,7.049967765808105,4.739003658294678,0.1649627650000006
21.78600883483887,90.97811889648438,0.4770978689193726,0.2329847365617752,9.099459648132324,6.358792781829834,0.1340354600000013
92.34317016601562,106.0040054321289,0.4921704828739166,0.1017841026186943,6.767121315002441,5.400446891784668,0.1258048062499999
49.86802673339844,34.11250686645508,0.060891680419445,0.152381956577301,1.118118405342102,8.331134796142578,0.1220636000000009
6.134613037109375,125.0,0.4971847236156464,0.3702442348003387,5.665055751800537,2.216354370117188,0.0849009512500005
6.134613037109375,125.0,0.4971847236156464,0.3702442348003387,5.665055751800537,2.216354370117188,0.0721808500000003
110.7118301391602,8.962037086486816,0.0230076890438795,0.0685917064547538,6.361520767211914,2.437134504318237,0.049234785
42.06648254394531,52.28407287597656,0.1099422574043274,0.169151172041893,2.716497421264648,7.119021892547607,0.129296598749999
48.19699478149414,14.63658046722412,0.419620543718338,0.1639940738677979,0.1961682438850403,1.168091416358948,0.1340843212500002
100.5584716796875,12.93331527709961,0.1858502179384232,0.4998872578144073,2.312572956085205,0.7232522964477539,0.5558429724999998
4.275035858154297,124.1197738647461,0.4942953884601593,0.3896833658218384,5.24791145324707,2.134166240692139,0.1107525587499995
3.526769161224365,125.0,0.4996136724948883,0.3824242055416107,5.739020824432373,2.02345085144043,0.0933810187500001
121.8233184814453,43.28652191162109,0.1634856462478638,0.293306291103363,2.117695331573486,9.75786590576172,0.077081702500001
17.85859870910645,115.3487930297852,0.0494129620492458,0.4517097473144531,4.168691158294678,3.337968349456787,0.4819676412500011
16.59765434265137,31.64634895324707,0.367950975894928,0.3792078793048859,1.473720908164978,7.327090740203857,0.0627031275000002
2.05131721496582,103.9067916870117,0.3270153403282166,0.4136541187763214,5.320671558380127,5.293946266174316,0.2168408249999993
73.51950073242188,2.391625165939331,0.2320741266012192,0.3284928798675537,7.231554985046387,4.248456478118896,0.4954848449999992
106.830078125,74.93606567382812,0.4732773303985596,0.0870271325111389,2.453815698623657,1.544441223144531,0.1273012887499998
90.75337982177734,111.5325469970703,0.0666263401508331,0.3485233783721924,4.608962059020996,8.596214294433594,0.1849158650000006
93.88481903076172,65.09241485595703,0.4056022465229034,0.4895102977752686,5.144724369049072,3.140855073928833,0.1194820399999997
48.78228378295898,91.82322692871094,0.2822640240192413,0.0811057090759277,4.238243103027344,5.769511222839355,0.0846515375
54.80691146850586,55.89736175537109,0.2238613367080688,0.0200830902904272,3.852950096130371,1.439716219902039,0.0806609174999999
55.51446533203125,68.73654174804688,0.2911591529846191,0.2735128104686737,0.238667219877243,0.1875699460506439,0.0607823862499991
91.82685089111328,94.9947509765625,0.0875729545950889,0.2398245483636856,7.894062519073486,6.888670921325684,0.1951418287500001
95.9729461669922,59.2397575378418,0.2017091065645218,0.1353440433740616,6.782841205596924,1.074089407920837,0.0766702974999992
20.88132667541504,11.8697509765625,0.2610696852207184,0.0960631221532821,7.089925289154053,3.46440052986145,0.0596227399999996
122.7792510986328,27.06928825378418,0.1401591300964355,0.0726989209651947,5.969138622283936,6.017561912536621,0.0350182012499994
70.26592254638672,123.2782745361328,0.0397582985460758,0.3751846253871918,1.724863171577454,9.940427780151367,0.2328033050000009
103.8959426879883,109.4168853759766,0.2456111758947372,0.2088351249694824,7.578936100006104,5.852778911590576,0.0449690437499997
46.41861724853516,54.66677474975586,0.251810222864151,0.1123044341802597,6.549900054931641,4.648475170135498,0.1577297662499992
73.36552429199219,108.3193893432617,0.4346117079257965,0.0166575293987989,1.591419816017151,8.218360900878906,0.1826711412499998
66.31778717041016,21.36278343200684,0.1683293879032135,0.0555819571018219,1.970511674880981,4.859813690185547,0.1572309387500004
17.13944435119629,47.95771408081055,0.3436791896820068,0.1963542699813843,1.322847962379456,6.942662239074707,0.2106054812499994
65.9686508178711,64.11429595947266,0.2138866037130356,0.317080557346344,1.405164003372192,9.191370964050291,0.1450842337499992
22.58150863647461,19.98630523681641,0.193093553185463,0.1781177669763565,3.707926750183105,7.862273693084717,0.1331997963
80.78474426269531,104.4856338500977,0.4290866851806641,0.3361061811447144,1.281000137329102,5.130430221557617,0.1846664513
82.83313751220703,78.70746612548828,0.1511387377977371,0.1480032503604889,6.915515422821045,4.331174373626709,0.1198188762
117.5291366577148,71.42760467529297,0.0224774722009897,0.3922168910503387,0.8842623233795166,5.675284385681152,0.3308229087
10.70050621032715,70.59757995605469,0.1875552237033844,0.0917485207319259,2.766254901885986,0.0134241627529263,0.1135835325
12.81967639923096,1.585973501205444,0.1782898902893066,0.0310753565281629,1.436272144317627,1.227811217308044,0.08639743375
121.6050643920898,24.77067947387695,0.4506042003631592,0.187482476234436,8.104592323303223,5.93641996383667,0.08730766625
71.79443359375,107.3274993896484,0.2605093419551849,0.4780932366847992,6.464072704315186,0.4779067039489746,0.2816884
26.44411849975586,118.9469375610352,0.213477149605751,0.2651229202747345,3.607091188430786,9.01227855682373,0.1262162113
102.4443511962891,81.55915832519531,0.1180413290858269,0.1922360360622406,3.841832399368286,5.963836193084717,0.1307930813
52.38725662231445,53.4908332824707,0.2408978343009949,0.2855851948261261,2.681917905807495,8.08299446105957,0.109916895
49.50944137573242,75.56884765625,0.0983333513140678,0.3248807191848755,2.813722133636475,7.585107326507568,0.2013771725
97.31102752685548,95.68933868408205,0.027852052822709,0.4181267321109772,1.516423225402832,9.676551818847656,0.24976344
33.87307739257812,65.35850524902344,0.2958130836486816,0.4667602479457855,8.468786239624023,9.44679069519043,0.1963888975
104.7659454345703,46.18317794799805,0.3869304955005646,0.2440677732229233,6.171403884887695,2.462029457092285,0.202873655
11.43173599243164,9.851363182067873,0.4241746068000793,0.4558758139610291,9.272543907165527,5.313530921936035,0.13603077
120.4317321777344,18.23320770263672,0.2035628110170364,0.0584633946418762,3.358356237411499,6.634683609008789,0.200878345
60.4471321105957,36.93326568603516,0.1666833758354187,0.1556877493858337,8.998514175415039,6.530748844146729,0.1147431787
0.445873498916626,79.91641998291016,0.1286724507808685,0.1232967898249626,3.48172664642334,3.016091108322144,0.384845927
9.86667251586914,0.1000000014901161,0.153534471988678,0.0431112460792064,0.5897955894470215,0.8518499732017517,0.05978473125
83.53060150146484,37.55885696411133,0.0821097791194915,0.2060173153877258,4.270224094390869,7.404951572418213,0.133037805
53.44327545166016,99.85338592529295,0.3272185623645782,0.140871986746788,0.0872997194528579,5.516445636749268,0.119070635
105.9746246337891,23.54482650756836,0.3659649193286896,0.0934953540563583,2.202012538909912,2.409684896469116,0.1517438363
76.3506851196289,94.00623321533205,0.2617587745189667,0.3350111842155457,2.984595537185669,6.448849201202393,0.07582178
116.9400329589844,89.02400970458984,0.0923005044460296,0.1340963691473007,5.166042804718018,3.728073835372925,0.1960675182298819
101.6508865356445,43.66563415527344,0.171281635761261,0.1023213937878609,9.996573448181152,3.421461820602417,0.0570632898195357
23.32279396057129,13.8139705657959,0.1212492883205414,0.4189465045928955,7.667793273925781,5.029327869415283,0.1244760600598674
122.3511962890625,4.446839332580566,0.4600670337677002,0.3021737635135651,9.48359203338623,9.101572036743164,0.1345933688741681
95.24528503417967,34.98623657226562,0.3420547842979431,0.4038264155387878,3.278061151504517,3.279450416564941,0.1146671104258684
79.8270263671875,5.586666584014893,0.2492218762636185,0.1429479271173477,8.346756935119629,4.607442378997803,0.1147597384761282
4.976737976074219,120.0214614868164,0.3159723579883575,0.2519761919975281,1.834546685218811,6.794529914855957,0.2401291980856869
2.610580444335938,1.788469314575195,0.4021923840045929,0.0133997993543744,1.053500533103943,1.72398567199707,0.0197152322195548
2.936114072799683,7.064746856689453,0.3817551732063293,0.0233193188905715,1.341708183288574,1.953613758087158,0.0309275250462334
111.5675582885742,30.79354095458984,0.3113592565059662,0.2269712388515472,8.86328411102295,7.730378150939941,0.0863264354912269
76.31257629394531,8.050662994384766,0.4397659003734589,0.2008439898490906,7.150565147399902,8.293573379516602,0.0128300865529667
117.1571731567383,76.76155853271484,0.0577278919517993,0.2602969110012054,9.6773681640625,3.192660331726074,0.1602999032731756
72.61236572265625,9.312382698059082,0.4219196736812592,0.2178136110305786,7.347703456878662,8.248064994812012,0.0311420280557908
37.62078475952148,105.0425796508789,0.1131252497434616,0.1070186942815781,3.291102647781372,8.505744934082031,0.0682219805443765
99.31389617919922,32.97278594970703,0.2653369307518005,0.2108836472034454,4.981712818145752,0.8883669376373291,0.0616205000726703
74.23553466796875,3.294044971466064,0.4334835410118103,0.1949416697025299,6.854665756225586,8.67666244506836,0.0694939633440417
26.93005561828613,61.88131332397461,0.408936470746994,0.4053585529327393,7.009552001953125,3.525912284851074,0.2877297262079577
29.80302238464355,102.841667175293,0.0145690711215138,0.2094615697860718,0.4726143777370453,4.197962284088135,0.0708210754218643
64.89425659179688,49.84051513671875,0.0701122805476188,0.4474605321884155,2.928983688354492,4.086805820465088,0.0596017661416021
114.4113845825195,60.05396270751953,0.2156478315591812,0.3197448253631592,4.066719055175781,4.424702167510986,0.1058411976083917
59.76609039306641,82.56370544433594,0.1010125428438187,0.1577238738536835,5.352183818817139,1.929144382476807,0.0694248011587172
79.20404052734375,5.064057350158691,0.4532122611999512,0.189781054854393,7.211850643157959,8.155275344848633,0.0767249199372527
80.42928314208984,12.18440246582031,0.4158708155155182,0.2127594947814941,7.52327299118042,7.935474872589111,0.0393472693466178
112.9450607299805,62.58038711547852,0.1420671939849854,0.2354728132486343,8.832996368408203,9.259745597839355,0.0884624444321935
106.7194519042969,26.0311336517334,0.0460198782384395,0.0334538742899894,4.8028244972229,4.467837810516357,0.1532142875041974
58.03390502929688,39.28466033935547,0.485776960849762,0.3463205695152283,5.895666122436523,3.035576105117798,0.1613022537851262
113.9075622558594,98.05819702148438,0.3462304174900055,0.0660794600844383,9.429594039916992,9.996216773986816,0.0672126135788424
115.0756530761719,81.89229583740234,0.0208535734564065,0.1254064589738846,4.398608207702637,4.49921703338623,0.0445594920087606
110.7176055908203,45.2639274597168,0.414030134677887,0.3530018627643585,8.037301063537598,5.488813400268555,0.1483408593150939
25.39740562438965,72.70574951171875,0.2841892838478088,0.1385683715343475,9.568923950195312,1.371768236160278,0.0264550370619102
56.61859512329102,33.33702850341797,0.2737815380096436,0.4400489032268524,4.109494209289551,7.77842378616333,0.1490184482611724
85.23599243164062,75.73424530029297,0.2548328042030334,0.2769476473331451,3.654804229736328,3.878046274185181,0.1344462765184357
102.7886734008789,16.29104042053223,0.0554000027477741,0.4620554447174072,9.182537078857422,5.074349403381348,0.3102725892217249
99.87811279296876,51.27298355102539,0.3702310621738434,0.4446955621242523,9.851816177368164,3.67737889289856,0.2334023284602393
45.94623184204102,57.83960342407227,0.2104960530996323,0.1015387326478958,6.258365154266357,6.238856315612793,0.104700522725792
38.36572265625,113.58984375,0.0764878094196319,0.120757594704628,1.680888295173645,4.8001708984375,0.2561246122156457
50.84726333618164,49.27556991577148,0.0375767759978771,0.3970288634300232,0.7589622735977173,0.6042388081550598,0.165781758223033
27.70111083984375,117.6798934936523,0.4325034320354462,0.2622592747211456,2.109824657440186,2.566876173019409,0.1345775844355013
123.656379699707,27.23966598510742,0.3754030764102936,0.4668948650360107,6.950242519378662,2.699550151824951,0.2738491763184667
31.64107704162598,16.86564636230469,0.2581035196781158,0.1307126432657242,6.819871425628662,1.8885498046875,0.1119244628654194
64.76850128173828,112.1767807006836,0.471101701259613,0.2348286360502243,6.105537414550781,8.842612266540527,0.1300289178122699
92.95728302001952,20.44787406921387,0.0802631005644798,0.3599569201469421,3.786276340484619,2.904214143753052,0.1012995474387439
62.82768249511719,25.21774673461914,0.1771740913391113,0.2415176928043365,2.389930725097656,7.655557155609131,0.1325037212262756
96.4894027709961,25.67398071289062,0.107232429087162,0.2299530804157257,3.884845018386841,7.492994785308838,0.1349715081866979
10.28113269805908,73.98081970214844,0.3997806012630463,0.4926577210426331,3.465639114379883,2.591628789901733,0.332234088938561
116.4221954345703,44.96865844726562,0.1057783216238022,0.1499967873096466,6.409673690795898,7.150750637054443,0.1087099247735942
34.65735626220703,40.91201019287109,0.2793952822685242,0.1152094677090645,2.058803081512451,8.381560325622559,0.0790403496198586
72.14842224121094,9.542254447937012,0.4480889141559601,0.1985996067523956,6.724267482757568,7.828166484832764,0.2135006590454616
118.2939910888672,72.18400573730469,0.426497608423233,0.332295835018158,9.058830261230469,4.5164794921875,0.156968090171452
84.90357208251953,69.74256134033203,0.2936878502368927,0.1326079070568085,6.614409446716309,5.109600067138672,0.0437716445063674
91.3243408203125,54.03230667114258,0.3937219381332397,0.4111697673797607,1.807056784629822,9.046782493591309,0.1368449012935334
88.8412094116211,83.26140594482422,0.4377869665622711,0.2040301561355591,4.550675392150879,0.3467660546302795,0.1373771494153791
109.7174682617188,96.59669494628906,0.3497771024703979,0.0381161533296108,2.528914451599121,7.448323726654053,0.0770356485959576
33.63776779174805,90.17909240722656,0.2360877841711044,0.4855252504348755,5.025093078613281,0.160137265920639,0.2989560519418036
15.90148735046387,52.66399383544922,0.0522360354661941,0.3864040374755859,2.089075326919556,6.695079326629639,0.4190376432734764
61.78130722045898,58.60213088989258,0.0119560230523347,0.2542669177055359,8.316008567810059,4.897262096405029,0.1564218091424391
18.64554023742676,97.6374282836914,0.118685320019722,0.0219001714140176,4.687823295593262,1.602991700172424,0.1053089494865459
76.74627685546875,23.19990921020508,0.4177527725696564,0.1807790845632553,2.64893627166748,8.63588809967041,0.1782179210248031
111.2455215454102,106.7753829956055,0.1376150548458099,0.1995296776294708,0.1399201601743698,6.476468563079834,0.0624704933068045
8.906061172485352,93.4382781982422,0.2002707421779633,0.3102787435054779,8.171518325805664,4.112938404083252,0.2362159263472844
86.68733215332031,100.992561340332,0.0384332761168479,0.0532861500978469,3.550525188446045,7.066108226776123,0.114122617538127
109.8208465576172,5.953588008880615,0.1312491893768311,0.0343470871448516,8.659762382507324,6.575405597686768,0.0258676596619071
74.59688568115234,7.607803344726562,0.4414050579071045,0.2223322987556458,7.122241020202637,8.463767051696777,0.0442487633500558
67.63115692138672,24.1689338684082,0.3149845600128174,0.4435437321662903,5.932149887084961,8.718155860900879,0.2817366724970053
104.356330871582,110.6624221801758,0.3192199468612671,0.3441691696643829,8.88918685913086,2.241433382034302,0.170523878495071
20.25815773010254,99.3849868774414,0.1617068499326706,0.2674019038677216,6.004058837890625,1.497776031494141,0.2308653793144926
14.48608875274658,34.58140563964844,0.3796699643135071,0.0982949510216713,2.361743688583374,9.183934211730955,0.0790403496198586
52.96691131591797,27.94452285766602,0.1148290038108826,0.0142683843150734,8.242526054382324,6.30444860458374,0.1260886779497923
1.524349927902222,99.97969818115234,0.4381324052810669,0.3944319784641266,8.394137382507324,4.019986629486084,0.1570232194496094
105.2924957275391,116.4054412841797,0.213006466627121,0.4747826457023621,6.297745704650879,1.792720198631287,0.1410617898973092
61.19664764404297,77.44200134277344,0.4790699779987335,0.4596174657344818,8.540228843688965,4.855472564697266,0.2035322832041137
119.7986373901367,40.33879852294922,0.4208837449550629,0.1667747050523758,3.395293474197388,2.525022745132446,0.163714911467391
75.9898452758789,10.53662586212158,0.4473408460617065,0.219837099313736,7.407105922698975,7.90013313293457,0.0914143666898877
59.61077499389648,39.7381477355957,0.0311802122741937,0.4689497947692871,6.509290218353271,2.180400133132935,0.1722589472312573
71.08008575439453,36.30187606811523,0.1493373811244965,0.0741117820143699,2.50684118270874,0.2697534263134003,0.0777062210884524
99.45429229736328,11.4621753692627,0.4275574684143066,0.4973727464675903,3.031708717346191,9.401216506958008,0.5165563245811426
56.02972412109375,29.21145057678223,0.1610797792673111,0.0275593381375074,7.838229656219482,3.080454349517822,0.1151249680500775
119.4910888671875,103.3435821533203,0.4692608416080475,0.2580272853374481,2.008767604827881,4.553347110748291,0.1003593426585343
98.73739624023438,42.82884216308594,0.205313116312027,0.1714188307523727,1.133423447608948,5.565616607666016,0.0607494574777853
31.95099067687988,55.24731826782227,0.3961870670318604,0.4314912259578705,3.438293695449829,5.10180139541626,0.1489422696222643
67.24881744384766,86.84514617919922,0.32257279753685,0.2070385962724686,9.83139705657959,9.638378143310549,0.0330084047090427
32.91008758544922,77.65839385986328,0.2810609638690948,0.4987964928150177,8.426721572875977,8.040109634399414,0.1259503535791431
97.85073852539062,61.47375106811523,0.0128202866762876,0.2911422550678253,4.851966381072998,8.129491806030273,0.3029654539896057
82.13313293457031,8.519060134887695,0.3064488768577576,0.4263927340507507,9.698081970214844,6.859922409057617,0.4345640527035897
72.89971923828125,48.69428253173828,0.3567860126495361,0.2947838306427002,7.305808067321777,1.993083119392395,0.1827525547408674
46.9530143737793,31.31235504150391,0.4952831864356995,0.1600389331579208,2.957388639450073,5.589183807373047,0.1273536442958739
12.28622150421143,98.15323638916016,0.0721411630511283,0.0637804046273231,9.3214111328125,3.636550188064575,0.2248512762427894
123.3596496582031,20.90460395812988,0.0689048543572425,0.0294660571962595,4.212343692779541,3.495550155639648,0.0779066911908425
105.5826644897461,120.805290222168,0.2216349244117737,0.1259844750165939,9.946895599365234,1.768539905548096,0.0586064320832352
94.79012298583984,108.9244842529297,0.2259043008089066,0.3390384912490845,7.740120410919189,0.8478251695632935,0.0979607178834367
51.3309326171875,55.57634735107422,0.1555856317281723,0.4349052608013153,5.624319553375244,3.368639945983887,0.1155950704401823
101.2418060302734,13.42063522338867,0.2895998954772949,0.1045534536242485,3.672897577285767,6.596205234527588,0.1141987961770351
54.42690277099609,121.5627746582031,0.1657459586858749,0.185673251748085,5.866693496704102,9.80955982208252,0.1019009577459142
19.36677932739258,16.02313041687012,0.3343457877635956,0.3295342326164246,9.91469669342041,9.714496612548828,0.1184708140589683
117.9218368530273,32.27377700805664,0.194990947842598,0.2384859919548035,6.692612648010254,6.230149745941162,0.1282317033443425
43.98175430297852,88.54524230957031,0.0694717317819595,0.46480593085289,2.151519775390625,8.829776763916016,0.366714946549659
124.0260696411133,18.6881103515625,0.114058643579483,0.0900098606944084,6.993225574493408,6.148868083953857,0.0795104520099634
29.07880973815918,41.41596221923828,0.4270368814468384,0.425137460231781,4.020085334777832,1.126038193702698,0.2119039146799244
78.70701599121094,109.3604965209961,0.4430133998394012,0.0521557107567787,6.647255897521973,6.067552089691162,0.0535806466163153
29.59660720825195,34.20134735107422,0.0420713312923908,0.3731853067874908,1.954306840896606,5.343250751495361,0.0843287509209095
90.13291931152344,98.7208023071289,0.2091367095708847,0.3505982458591461,3.808942794799805,1.830346941947937,0.1863680330374729
73.14019775390625,69.2129135131836,0.0849336758255958,0.489296555519104,9.80948257446289,9.608799934387209,0.1887045120808296
118.7924957275391,59.61620330810547,0.052583061158657,0.0793086066842079,9.241493225097656,3.56273341178894,0.1885661877101805
111.0506057739258,0.530977725982666,0.2340333163738251,0.1225082501769066,8.761543273925781,3.443202257156372,0.1865755195934466
15.53908443450928,16.03445625305176,0.1728599071502686,0.2756356596946716,3.119681119918823,0.4354788064956665,0.2090141381539711
8.47067642211914,38.63283157348633,0.4985647797584534,0.3808330595493317,4.944276809692383,7.646339893341064,0.1552189885280984
31.0117130279541,44.05253219604492,0.2201707363128662,0.0428719073534011,5.201332569122314,5.723984718322754,0.1063042835449129
115.8315353393555,101.6260452270508,0.4364422857761383,0.2048761546611786,7.6282958984375,5.253613948822021,0.167523843412803
58.23667526245117,114.8038101196289,0.0894287899136543,0.3151969313621521,4.134865283966064,2.388613700866699,0.1110534202705344
69.03349304199219,67.56411743164062,0.1385381817817688,0.2500195503234863,2.231571912765503,8.399834632873535,0.0789782038881177
0.9559758305549622,118.5501708984375,0.3360671997070312,0.3270275592803955,2.418577194213867,3.775441408157349,0.1836857430674934
112.2206802368164,92.42868041992188,0.1843880414962769,0.4877656996250153,4.900533199310303,1.286163926124573,0.1840245375405326
103.1669845581055,40.17437362670898,0.3393558859825134,0.438520759344101,9.111333847045898,8.958700180053711,0.1383173541955887
120.986198425293,66.57615661621094,0.0789559930562973,0.3379765748977661,7.183584213256836,6.758293151855469,0.1632518255308699
50.41782760620117,53.89762878417969,0.1801108568906784,0.420990526676178,5.783339977264404,3.220086812973022,0.1316396950849743
37.09346008300781,0.643214225769043,0.2636572122573853,0.4301643669605255,1.244284868240356,2.546277761459351,0.2581503626002976
95.61602020263672,105.4333801269531,0.0252898856997489,0.0478804633021354,6.481720447540283,4.983087062835693,0.2861259653888368
107.5435485839844,10.30963039398193,0.2116025388240814,0.398071676492691,9.975709915161133,4.680281162261963,0.5652705594619382
24.32378578186035,32.01334762573242,0.1238784343004227,0.1934336870908737,8.577127456665039,4.754894256591797,0.1407921576095945
18.94698905944824,56.41670608520508,0.1751413941383362,0.4305881261825562,5.563835620880127,9.485238075256348,0.2865960677789416
89.75448608398438,74.49250030517578,0.1522964388132095,0.3307946920394897,0.3080485761165619,5.170037269592285,0.1330359693481214
37.97975158691406,96.12451171875,0.0833874195814132,0.2406263947486877,3.240098714828491,9.073033332824709,0.1740010324210273
80.23051452636719,100.1332473754883,0.2506774365901947,0.1451810151338577,1.541352868080139,7.264637470245361,0.041227678907037
52.68373489379883,72.46928405761719,0.3378901183605194,0.4095394015312195,7.502040386199951,8.889496803283691,0.1634382627260927
2.259380102157593,15.22452354431152,0.1042953580617905,0.37734055519104,5.766797065734863,3.518830060958862,0.2728327928993489
77.0165786743164,62.14212036132812,0.27100670337677,0.4576915800571442,9.526618957519531,8.700450897216797,0.1531521417724565
81.26336669921875,14.16655349731445,0.457404226064682,0.2244531512260437,7.386344432830811,8.543834686279297,0.1534147576065875
65.4628677368164,47.47287750244141,0.0969347953796386,0.2530367970466614,5.446410655975342,6.969280242919922,0.1395963534488375
82.69461059570312,32.67259979248047,0.1698174178600311,0.2336888462305069,3.750381469726562,5.810507774353027,0.1310453012313876
54.36124801635742,117.125602722168,0.4402079582214355,0.4483027756214142,3.934280633926392,7.536786556243896,0.2051360440232345
106.2239990234375,100.6128540039062,0.3637318015098572,0.0415410101413726,0.0750442966818809,9.376425743103027,0.1307616360365057
108.6407318115234,107.1063766479492,0.3839125335216522,0.1648474931716919,8.565265655517578,2.829607009887695,0.1291578752173848
60.99251174926758,58.22292709350586,0.3130894601345062,0.110216498374939,6.224278450012207,7.763648986816406,0.1157263783572478
63.59960174560547,119.4811553955078,0.1277335584163666,0.135512575507164,5.49961519241333,0.0806524977087974,0.1556890909182032
106.3722686767578,68.25301361083984,0.3692629635334015,0.4809634983539581,4.343489646911621,3.261895179748535,0.2666803654569967
94.64134216308594,82.20030975341797,0.1579478979110718,0.4018396139144897,0.8367937207221985,6.334522247314453,0.2003939237511966
81.94856262207031,22.01325798034668,0.1474065184593201,0.3059163987636566,8.288797378540039,2.874371528625488,0.1432669610236004
22.25553512573242,81.24217987060547,0.0865160673856735,0.1188446134328842,4.516626358032227,6.816651821136475,0.0609980404047491
77.9728012084961,26.55386924743652,0.2426328808069229,0.4244911372661591,0.9403378367424012,8.648028373718262,0.2685748079245832
34.87175750732422,78.44363403320312,0.4835058748722076,0.2157880067825317,3.513639688491821,8.025564193725586,0.0634036816334304
84.17768859863281,30.35517501831055,0.4367287158966064,0.4418827593326569,9.647032737731934,2.294169902801514,0.1942555292160115
5.791684150695801,73.51434326171875,0.410999596118927,0.4322192668914795,3.325226068496704,7.033766269683838,0.1876951451152954
78.2288818359375,74.41529846191406,0.3210596144199371,0.2310499548912048,4.441699028015137,7.28829288482666,0.0712220156266445
53.20099258422852,51.79993057250977,0.0171423200517892,0.0705371871590614,2.246185064315796,3.276150465011597,0.2362089098937007
40.38616180419922,17.84005355834961,0.38878533244133,0.1775701195001602,6.472488403320312,4.305798053741455,0.1252176353549073
42.90074920654297,111.1453704833984,0.0198194608092308,0.2869423925876617,9.397994995117188,6.559501647949219,0.2530483984944696
82.3197250366211,51.04154968261719,0.3561142683029175,0.0250519029796123,0.4286225438117981,5.442782878875732,0.0964812485277977
7.92461633682251,9.750202178955078,0.4719783961772919,0.2454524040222168,1.169084548950195,0.8082872033119202,0.0165077105813131
15.57802391052246,1.287025570869446,0.3293730616569519,0.342426210641861,6.208651542663574,3.242528676986694,0.136465010449504
99.02794647216795,46.63779830932617,0.143807053565979,0.1195337474346161,9.15940761566162,8.73044204711914,0.1358425507815829
9.546252250671388,3.93156623840332,0.4492914080619812,0.2693210244178772,1.079425692558289,1.257830142974854,0.0634938931795059
71.50479125976562,94.54045104980467,0.4463925659656525,0.4609151482582092,6.135118961334229,3.110180854797363,0.2610672025900738
14.73608493804932,105.7727737426758,0.48734450340271,0.4533636868000031,7.718934059143066,9.781060218811035,0.1822824523507626
45.71738052368164,34.74782180786133,0.2295969724655151,0.1992255747318268,4.650771617889404,3.910785913467407,0.085655862998732
53.84230422973633,76.3647689819336,0.3248953223228455,0.111302986741066,9.220288276672363,1.624362111091614,0.0690168445003533
11.00366306304932,12.54905986785889,0.4797900319099426,0.2380336672067642,1.569123268127441,0.918297290802002,0.1077075742616436
7.054256439208984,56.68385314941406,0.3020417988300323,0.4275011420249939,1.580942153930664,7.962388515472412,0.2163623697570805
63.11603164672852,2.866775751113892,0.2865024209022522,0.3726086020469666,3.227076530456543,6.62175178527832,0.4281490094271064
21.47289848327637,35.40252304077148,0.1854516118764877,0.3785514831542969,7.929383277893066,3.857886075973511,0.1792754008149111
114.6329879760742,81.21119689941406,0.4307562112808228,0.4941303133964539,3.100198984146118,5.22091007232666,0.2045346337160642
56.61885833740234,91.3511962890625,0.2468875050544739,0.4012320041656494,5.223838329315186,2.737735986709595,0.1885040419784394
68.03453826904297,33.26606369018555,0.4073084592819214,0.3215183913707733,4.866467475891113,4.044994831085205,0.1874946750129053
13.2602653503418,4.827193737030029,0.4594297707080841,0.2664703726768494,1.35804808139801,1.032905578613281,0.0666112032716721
80.84091186523438,115.8754959106445,0.0510222166776657,0.0949372202157974,6.374048233032227,5.991305828094482,0.248036645934717
56.97986221313477,112.4988174438477,0.3651686012744904,0.2482112646102905,5.003330707550049,1.467494487762451,0.1778721100981803
35.93459701538086,60.56045913696289,0.4114757776260376,0.0302002243697643,9.018049240112305,9.795069694519045,0.1395823205416703
100.183235168457,71.75680541992188,0.0633319318294525,0.1276320815086365,2.135868787765503,2.983035087585449,0.244227713989305
93.43295288085938,103.3926315307617,0.1503331214189529,0.3882580697536469,2.899939775466919,4.936119556427002,0.1700678090121334
119.2871322631836,112.0964660644531,0.4631520211696625,0.1134926006197929,5.691534519195557,3.703668355941772,0.0964191027960568
103.5308685302734,20.09540367126465,0.4966794848442078,0.4162617921829224,1.759432315826416,1.357730746269226,0.2910274593922749
38.77571868896484,37.90438461303711,0.4391529262065887,0.2589959800243378,2.843345642089844,6.172966480255127,0.101762633375265
115.5259780883789,86.545166015625,0.2977811992168427,0.1913468539714813,6.435694217681885,1.372931838035583,0.0556615262791245
30.21839141845703,45.84595489501953,0.4184392094612122,0.4630614817142487,7.276528835296631,5.095217704772949,0.2406192521462831
21.15493202209473,95.321533203125,0.0324677154421806,0.2714902758598328,8.683393478393555,3.152308225631714,0.3446632352867475
13.45518112182617,36.71333312988281,0.2534727454185486,0.1542799472808838,5.369649887084961,0.0497374795377254,0.0662102630668919
57.65346145629883,92.1042709350586,0.2230297178030014,0.2788739204406738,3.136953592300415,8.39417839050293,0.073641689762493
69.92064666748047,106.4887466430664,0.0908268541097641,0.2292915284633636,1.98701536655426,3.836893796920776,0.1274919686665231
72.38682556152344,62.97907638549805,0.0100982477888464,0.1933081597089767,4.772387027740479,1.813645243644714,0.1175306092787587
43.7667236328125,70.50170135498047,0.0478339381515979,0.4462217688560486,1.030032873153687,6.283742904663086,0.1318401651873644
110.1636657714844,9.96660041809082,0.0675132051110267,0.0832374915480613,7.80991792678833,2.831305265426636,0.1069818724909914
5.415408611297607,11.03284740447998,0.4654318690299988,0.237197607755661,1.37617301940918,1.193199872970581,0.020240463887817
37.25960922241211,64.42607116699219,0.466174304485321,0.1792356222867966,4.290842533111572,4.714086532592773,0.0601961599951888
95.85108947753906,50.36496734619141,0.1090869680047035,0.0154664190486073,0.7700657248497009,6.657394886016846,0.0924788629335792
25.96842384338379,89.34666442871094,0.456378310918808,0.1118091493844986,7.942616939544678,1.39795184135437,0.0716229558314247
14.12593555450439,13.0909538269043,0.4866548776626587,0.246143564581871,0.9916937351226808,0.515261173248291,0.116127318562028
50.63397979736328,117.3735504150391,0.2666181623935699,0.3740698993206024,7.221856594085693,9.89871597290039,0.1024332058677599
68.62886810302734,69.0481948852539,0.3408645689487457,0.0122827477753162,4.567391872406006,9.549973487854004,0.0876605640226331
41.48979568481445,115.6119689941406,0.371241569519043,0.0755723193287849,8.202198028564453,3.889103412628174,0.0965504107131223
80.30885314941406,113.9063186645508,0.4827488660812378,0.0510173924267292,9.78443717956543,9.234659194946287,0.0656780149450462
20.00726127624512,90.59048461914062,0.0596884042024612,0.1301746219396591,0.5669281482696533,8.859670639038086,0.1612401080533852
20.59856224060059,42.52352142333984,0.3742517232894897,0.158851146697998,4.195779323577881,1.981242537498474,0.0948774877086769
7.617021560668945,48.34922027587891,0.0998218655586242,0.2888312339782715,3.00591254234314,7.378081798553467,0.2538572953576136
28.67344665527344,47.66350555419922,0.1103162318468094,0.0843157619237899,4.371504783630371,9.29410457611084,0.1233512587016554
64.23681640625,63.74716949462891,0.4442040920257568,0.3542124927043915,3.783399343490601,8.102975845336914,0.1053019330329624
86.37933349609375,97.35408020019533,0.0357560142874717,0.1565968096256256,6.75072717666626,7.208742141723633,0.0457693290766848
109.3725738525391,22.93947982788086,0.3849506080150604,0.3934552669525146,1.865354061126709,3.120213508605957,0.2447810114719016
113.3191375732422,73.32295227050781,0.15751051902771,0.4730136096477509,6.630046844482422,5.541178226470947,0.1877713237542036
122.0334243774414,53.01442718505859,0.1333552896976471,0.2011200785636902,8.058707237243652,2.65526819229126,0.1504147225243196
73.73360443115234,57.44790267944336,0.383053719997406,0.1469421982765198,4.581784248352051,1.565220713615417,0.0523778260019746
60.63698196411133,17.11527252197266,0.1646656841039658,0.0733528509736061,2.742189407348633,6.393640995025635,0.0741047756990142
47.90384674072266,115.0948028564453,0.1362219005823135,0.1415382474660873,2.754479169845581,8.267536163330078,0.132234088938561
34.29156494140625,118.1731948852539,0.194436103105545,0.4797011315822601,9.14590835571289,8.0098237991333,0.1515483809533356
70.61373901367188,65.7595443725586,0.2502152323722839,0.4817014038562775,4.152316093444824,2.725753784179688,0.1259022407545694
81.07965850830078,84.07767486572266,0.0296207387000322,0.3810303211212158,8.902572631835938,7.681072235107422,0.1786739905077407
13.01141548156738,41.90229797363281,0.237096443772316,0.1212000101804733,0.2259728312492371,1.097604990005493,0.0787777337857275
30.29466438293457,82.99373626708984,0.1199464723467827,0.046857800334692,7.566915988922119,9.34409999847412,0.0771809894201903
74.34809875488281,94.76871490478516,0.4043364524841309,0.1365798711776733,8.02112865447998,6.187113761901855,0.1217474978825346
100.7225036621094,120.3508605957031,0.285370260477066,0.325739711523056,7.67887544631958,0.7889897227287292,0.0896722815001177
83.94466400146484,23.86114692687988,0.4282423853874207,0.0975307896733284,9.541449546813965,8.788684844970703,0.1066430780179521
94.22592163085938,110.0916137695312,0.1449530124664307,0.2428353130817413,3.158112049102783,0.7402965426445007,0.1252176353549073
83.14607238769531,54.41271209716797,0.0218038167804479,0.4685300886631012,2.17873740196228,0.9798454642295836,0.1267522339887036
124.2917785644531,48.55552673339844,0.0411413870751857,0.3850359618663788,8.271519660949707,7.608057022094727,0.0854764422570928
85.696533203125,59.93621826171875,0.3918101191520691,0.1820168644189835,3.829506874084473,6.687864303588867,0.0809829049120187
75.6576156616211,17.54613876342773,0.2777986526489258,0.1968753188848495,1.348446726799011,3.995140790939331,0.083651161974831
52.25833892822266,107.8808364868164,0.1921045631170273,0.4156329929828644,7.979479789733887,0.1329196393489838,0.1981195904395809
115.2268295288086,75.09977722167969,0.1013165637850761,0.0863096714019775,5.283534526824951,5.906577110290527,0.1827525547408674
57.46162414550781,37.16858673095703,0.2447714060544968,0.2958978414535522,5.64343786239624,1.151061654090881,0.1496820043000837
74.98076629638672,87.21165466308594,0.2831354141235352,0.163215234875679,6.284915924072266,8.059768676757812,0.054334414201302
67.77835083007812,77.67707061767578,0.3072274625301361,0.3872901201248169,6.585089206695557,4.278454780578613,0.1230124642286161
13.84825611114502,107.7148284912109,0.2922419905662537,0.4761673212051392,2.949124574661255,7.561731815338135,0.3354416105768027
124.7463150024414,79.28107452392578,0.0753300040960311,0.1376908719539642,0.957996428012848,5.632508277893066,0.0524469881872992
59.27765655517578,102.5689544677734,0.4550057649612427,0.3624568283557892,2.56880521774292,9.164835929870604,0.1640466894868467
49.1791877746582,104.2264709472656,0.4428446292877197,0.1744567304849625,4.709506511688232,7.813446521759033,0.0592629716685628
123.0841522216797,44.40320205688477,0.1982402056455612,0.1702881306409836,3.945796012878418,9.213082313537598,0.1054402574036115
62.03591537475586,81.62995910644531,0.0586628764867782,0.0823452100157737,2.292871475219727,3.582057237625122,0.2211806686680265
18.21945381164551,123.7094573974609,0.3503695726394653,0.0798467397689819,8.50989818572998,2.119769334793091,0.0914694959680451
61.4785270690918,97.47999572753906,0.0136368693783879,0.116412378847599,0.4498564302921295,1.022001266479492,0.3256185755596875
65.75825500488281,7.812060356140137,0.0240637324750423,0.156099870800972,3.532187938690186,5.367486953735352,0.1433982689406659
111.90478515625,118.4087829589844,0.3769572675228119,0.2167601138353348,9.409479141235352,6.914968490600586,0.0925480251189038
5.24744701385498,6.821340560913086,0.4518270492553711,0.2365788817405701,1.655511260032654,0.8701611757278442,0.0404949606828011
16.24704742431641,1.904966711997986,0.2804383337497711,0.0998131558299064,2.037214756011963,6.539307594299316,0.0784389393126883
56.33245086669922,26.40239524841309,0.4624300003051758,0.057380948215723,9.612421989440918,7.242401599884033,0.1472001844324942
75.4737777709961,117.2468414306641,0.208046555519104,0.3718918263912201,6.880620002746582,8.446166038513184,0.1846951100330275
4.662247657775879,58.93912506103516,0.1909202486276627,0.3179828524589539,8.515082359313965,8.57175350189209,0.4272569174714707
33.31801223754883,113.0464706420898,0.380866140127182,0.0739988014101982,7.538275241851807,7.347450733184814,0.07309540873348
38.55854415893555,51.611572265625,0.2695741057395935,0.2506854832172394,1.181367158889771,4.581950664520264,0.0407575765169322
108.9148788452148,57.6261100769043,0.4125033617019653,0.4543411433696747,5.550487995147705,1.866629600524902,0.2446286541940851
25.18671798706055,97.80172729492188,0.3009052276611328,0.4721807539463043,1.446555018424988,1.647373795509338,0.1374463116007037
78.58960723876953,93.7325668334961,0.2944928407669067,0.0820193886756897,8.129188537597656,2.35741138458252,0.0354761916694649
0.7702315449714661,65.98503875732422,0.0938376188278198,0.3575114011764526,4.002619743347168,1.7266765832901,0.2101477965829872
39.58882904052734,116.2454299926758,0.2398319840431213,0.4489448070526123,5.580579280853271,5.268070220947266,0.106442607915562
1.215408563613892,93.18758392333984,0.1250831335783005,0.3312110304832458,5.839331150054932,5.043702125549316,0.2304696325108062
